elements,phase,iteration,order,variant,pipeline_compile_seconds,h2d_api_seconds,d2h_api_seconds,h2d_copy_seconds,d2h_copy_seconds,gpu_seconds,total_seconds,runtime_owned_peak_buffer_bytes
1024,warmup,0,0,generated,0.0066055000000000003,3.7919999999999999e-06,5.3167000000000001e-05,9.5899999999999984e-07,6.2500000000000005e-07,6.3329935073852539e-06,0.019203125000000001,12288
1024,warmup,0,1,handwritten,0.0032287919999999994,1.9999999999999999e-06,5.2089999999999996e-06,1.0419999999999999e-06,9.160000000000001e-07,6.1662867665290833e-06,0.0042558750000000001,12288
1024,warmup,1,0,handwritten,0,6.3749999999999999e-06,2.0839999999999999e-06,9.1599999999999978e-07,4.1699999999999999e-07,6.166752427816391e-06,0.000372834,12288
1024,warmup,1,1,generated,0,1.333e-06,3.4170000000000001e-06,7.0799999999999983e-07,5.8299999999999975e-07,5.5418349802494049e-06,0.00027716699999999998,12288
1024,warmup,2,0,generated,0,1.9999999999999999e-06,1.167e-06,7.9200000000000021e-07,2.0799999999999996e-07,6.2501057982444763e-06,0.00029241599999999999,12288
1024,warmup,2,1,handwritten,0,9.9999999999999995e-07,3.3330000000000001e-06,4.1600000000000076e-07,5.4099999999999999e-07,5.5418349802494049e-06,0.00033920800000000002,12288
1024,warmup,3,0,handwritten,0,2.125e-06,1.708e-06,7.0900000000000033e-07,2.9199999999999991e-07,5.4999254643917084e-06,0.00026966700000000002,12288
1024,warmup,3,1,generated,0,1.2500000000000001e-06,1.542e-06,5.8299999999999933e-07,2.9199999999999991e-07,5.4999254643917084e-06,0.000304667,12288
1024,warmup,4,0,generated,0,9.5900000000000005e-07,1.2500000000000001e-06,2.9099999999999942e-07,2.9199999999999991e-07,5.4999254643917084e-06,0.00031745900000000002,12288
1024,warmup,4,1,handwritten,0,9.1699999999999997e-07,9.9999999999999995e-07,2.490000000000005e-07,2.0900000000000003e-07,5.4999254643917084e-06,0.00030129199999999999,12288
1024,warmup,5,0,handwritten,0,7.9100000000000003e-07,1.0410000000000001e-06,1.6600000000000146e-07,2.5000000000000015e-07,5.5832788348197937e-06,0.000346041,12288
1024,warmup,5,1,generated,0,9.9999999999999995e-07,3.3330000000000001e-06,3.3300000000000003e-07,5.000000000000003e-07,5.4999254643917084e-06,0.00027125000000000001,12288
1024,warmup,6,0,generated,0,1.9580000000000001e-06,2.3329999999999999e-06,6.6600000000000006e-07,3.749999999999998e-07,5.5418349802494049e-06,0.00033683299999999998,12288
1024,warmup,6,1,handwritten,0,1.75e-06,2.2910000000000002e-06,6.6700000000000056e-07,3.3399999999999968e-07,2.6749912649393082e-05,0.00045104100000000001,12288
1024,warmup,7,0,handwritten,0,2.041e-06,2.5000000000000002e-06,7.5000000000000129e-07,2.9199999999999991e-07,0.00080183334648609161,0.0010337079999999999,12288
1024,warmup,7,1,generated,0,1.375e-06,8.7499999999999999e-07,6.6700000000000056e-07,1.2499999999999965e-07,4.445808008313179e-05,0.00022358299999999999,12288
1024,warmup,8,0,generated,0,8.3300000000000001e-07,8.3300000000000001e-07,1.6600000000000146e-07,1.2499999999999965e-07,0.00014475034549832344,0.00032400000000000001,12288
1024,warmup,8,1,handwritten,0,8.7499999999999999e-07,5.8400000000000004e-07,1.6600000000000146e-07,1.2499999999999965e-07,1.4583580195903778e-05,0.000120375,12288
1024,warmup,9,0,handwritten,0,8.3399999999999998e-07,2.6249999999999999e-06,1.6600000000000146e-07,6.2499999999999995e-07,7.6247379183769226e-06,0.00018466700000000001,12288
1024,warmup,9,1,generated,0,1.6249999999999999e-06,9.9999999999999995e-07,5.4199999999999922e-07,2.0800000000000038e-07,5.4791569709777832e-05,0.00024499999999999999,12288
1024,measured,0,0,generated,0,9.9999999999999995e-07,7.92e-07,3.7599999999999945e-07,1.6599999999999977e-07,5.5418349802494049e-06,0.00033595899999999999,12288
1024,measured,0,1,handwritten,0,7.9100000000000003e-07,7.5000000000000002e-07,2.0799999999999869e-07,1.2499999999999965e-07,5.5413693189620972e-06,0.00028041600000000002,12288
1024,measured,1,0,handwritten,0,9.9999999999999995e-07,2.5409999999999999e-06,3.7499999999999895e-07,4.1599999999999991e-07,5.6251883506774902e-06,0.00032574999999999998,12288
1024,measured,1,1,generated,0,1.708e-06,7.5000000000000002e-07,3.3400000000000053e-07,1.2499999999999965e-07,5.5413693189620972e-06,0.000293708,12288
1024,measured,2,0,generated,0,8.3300000000000001e-07,2.3329999999999999e-06,2.0799999999999869e-07,3.3300000000000003e-07,5.6247226893901825e-06,0.00030770800000000002,12288
1024,measured,2,1,handwritten,0,2.0420000000000001e-06,9.1699999999999997e-07,9.1800000000000036e-07,2.0899999999999918e-07,5.5413693189620972e-06,0.00020033400000000001,12288
1024,measured,3,0,handwritten,0,9.5799999999999998e-07,1.7090000000000001e-06,2.9100000000000111e-07,3.3400000000000053e-07,5.5413693189620972e-06,0.00032675,12288
1024,measured,3,1,generated,0,1.9580000000000001e-06,7.5000000000000002e-07,6.2500000000000164e-07,2.0800000000000038e-07,5.5418349802494049e-06,0.00028249999999999998,12288
1024,measured,4,0,generated,0,1.209e-06,8.2919999999999996e-06,4.999999999999986e-07,3.3300000000000003e-07,0.00013975007459521294,0.000567667,12288
1024,measured,4,1,handwritten,0,1.5e-06,3.416e-06,5.4099999999999702e-07,6.2499999999999995e-07,5.7080760598182678e-06,0.00042570800000000001,12288
1024,measured,5,0,handwritten,0,2.1670000000000002e-06,1.375e-06,7.499999999999979e-07,2.0800000000000038e-07,5.5837444961071014e-06,0.000278542,12288
1024,measured,5,1,generated,0,1.125e-06,1.2500000000000001e-06,4.1699999999999957e-07,1.6599999999999977e-07,5.4999254643917084e-06,0.00029204099999999999,12288
1024,measured,6,0,generated,0,9.9999999999999995e-07,2.7499999999999999e-06,3.3400000000000053e-07,2.9099999999999942e-07,5.4999254643917084e-06,0.00031787500000000002,12288
1024,measured,6,1,handwritten,0,1.2079999999999999e-06,8.3399999999999998e-07,3.7600000000000114e-07,1.6700000000000026e-07,5.5832788348197937e-06,0.00026654199999999998,12288
1024,measured,7,0,handwritten,0,8.3300000000000001e-07,8.3300000000000001e-07,1.6700000000000026e-07,2.499999999999993e-07,5.5832788348197937e-06,0.00030795799999999999,12288
1024,measured,7,1,generated,0,8.3399999999999998e-07,1.2500000000000001e-06,1.6700000000000026e-07,2.0800000000000038e-07,5.5832788348197937e-06,0.00082283400000000004,12288
1024,measured,8,0,generated,0,1.1659999999999999e-06,1.125e-06,4.5799999999999799e-07,2.499999999999993e-07,2.3500062525272369e-05,0.0004325,12288
1024,measured,8,1,handwritten,0,1.2920000000000001e-06,2.2500000000000001e-06,4.1699999999999957e-07,3.3300000000000003e-07,0.00068512512370944023,0.001470917,12288
1024,measured,9,0,handwritten,0,1.333e-06,2.8329999999999998e-06,5.4099999999999702e-07,2.0899999999999918e-07,5.7499855756759644e-06,0.00052129200000000002,12288
1024,measured,9,1,generated,0,4.2089999999999999e-06,3.1669999999999999e-06,1.0419999999999978e-06,5.4199999999999922e-07,1.8625054508447647e-05,0.00050779199999999997,12288
1024,measured,10,0,generated,0,2.1660000000000001e-06,2.959e-06,9.9900000000000179e-07,5.8299999999999933e-07,5.7080760598182678e-06,0.00068716600000000001,12288
1024,measured,10,1,handwritten,0,1.916e-06,2.0829999999999998e-06,7.920000000000019e-07,2.9099999999999942e-07,5.4999254643917084e-06,0.0011815409999999999,12288
1024,measured,11,0,handwritten,0,1.4160000000000001e-06,2.2910000000000002e-06,6.2500000000000164e-07,5.000000000000003e-07,5.5837444961071014e-06,0.00030904100000000002,12288
1024,measured,11,1,generated,0,1.708e-06,2.2919999999999998e-06,4.999999999999986e-07,4.5799999999999968e-07,5.7499855756759644e-06,0.00040874999999999999,12288
1024,measured,12,0,generated,0,1.917e-06,5.8e-05,7.5100000000000009e-07,2.9199999999999991e-07,5.6251883506774902e-06,0.00037762499999999998,12288
1024,measured,12,1,handwritten,0,1.1659999999999999e-06,8.7499999999999999e-07,3.3299999999999834e-07,1.2499999999999965e-07,5.4999254643917084e-06,0.00057891599999999996,12288
1024,measured,13,0,handwritten,0,1.333e-06,1.125e-06,7.0900000000000287e-07,2.9199999999999991e-07,5.4999254643917084e-06,0.00029654200000000001,12288
1024,measured,13,1,generated,0,1.083e-06,3.2499999999999998e-06,4.1699999999999957e-07,5.8300000000000102e-07,5.666632205247879e-06,0.0037906659999999998,12288
1024,measured,14,0,generated,0,1.792e-06,1.666e-06,9.1699999999999817e-07,2.9199999999999991e-07,5.916692316532135e-06,0.000604417,12288
1024,measured,14,1,handwritten,0,1.2500000000000001e-06,5.75e-06,5.8200000000000222e-07,1.0829999999999996e-06,5.6247226893901825e-06,0.002454375,12288
1024,measured,15,0,handwritten,0,2.4159999999999998e-06,2.0420000000000001e-06,1.0420000000000012e-06,2.9100000000000111e-07,5.7499855756759644e-06,0.00040387499999999999,12288
1024,measured,15,1,generated,0,1.167e-06,9.3416000000000001e-05,5.420000000000026e-07,1.7080000000000013e-06,5.4999254643917084e-06,0.0093903330000000007,12288
1024,measured,16,0,generated,0,1.9999999999999999e-06,2.959e-06,9.5799999999999998e-07,4.1699999999999957e-07,6.1833299696445465e-05,0.0030087500000000001,12288
1024,measured,16,1,handwritten,0,1.4457999999999999e-05,5.2909999999999998e-06,1.2374999999999996e-05,6.2500000000000164e-07,0.00026862509548664093,0.0011899160000000001,12288
1024,measured,17,0,handwritten,0,2.2910000000000002e-06,6.2334000000000003e-05,8.7500000000000094e-07,4.999999999999986e-07,5.7499855756759644e-06,0.0017864160000000001,12288
1024,measured,17,1,generated,0,5.417e-06,4.4159999999999997e-06,4.7090000000000052e-06,1.4999999999999992e-06,0.00051874993368983269,0.001039458,12288
1024,measured,18,0,generated,0,2.542e-06,2.4169999999999999e-06,1.2079999999999993e-06,3.7499999999999895e-07,5.3666997700929642e-05,0.00033670899999999998,12288
1024,measured,18,1,handwritten,0,2.2919999999999998e-06,1.291e-06,1.000000000000004e-06,2.499999999999993e-07,1.9958242774009705e-05,0.0002165,12288
1024,measured,19,0,handwritten,0,3.1417000000000001e-05,1.3166999999999999e-05,5.8300000000000441e-07,1.2374999999999999e-05,2.0999927073717117e-05,0.00029558299999999998,12288
1024,measured,19,1,generated,0,1.083e-06,2.6249999999999999e-06,3.3300000000001189e-07,4.1699999999999957e-07,8.3753839135169983e-06,0.00027754199999999998,12288
1024,measured,20,0,generated,0,2.1660000000000001e-06,2.2079999999999999e-06,7.9099999999999971e-07,4.5800000000000137e-07,1.1708587408065796e-05,0.00026370799999999998,12288
1024,measured,20,1,handwritten,0,2.542e-06,1.0410000000000001e-06,1.1669999999999975e-06,2.920000000000033e-07,1.5083234757184982e-05,0.00019824999999999999,12288
1024,measured,21,0,handwritten,0,1.167e-06,1.5829999999999999e-06,4.5800000000000137e-07,2.499999999999993e-07,1.8333550542593002e-05,0.000249583,12288
1024,measured,21,1,generated,0,3.6041999999999998e-05,3.083e-06,4.5800000000000137e-07,6.6599999999999667e-07,5.7914294302463531e-06,0.00068429199999999997,12288
1024,measured,22,0,generated,0,2.2500000000000001e-06,2.458e-06,1.0009999999999994e-06,3.3299999999999834e-07,5.4999254643917084e-06,0.00047020800000000001,12288
1024,measured,22,1,handwritten,0,1.792e-06,2.2334e-05,5.8400000000000661e-07,1.040999999999999e-06,0.0010015834122896194,0.0015586249999999999,12288
1024,measured,23,0,handwritten,0,1.6249999999999999e-06,1.167e-06,7.5000000000000468e-07,2.0800000000000207e-07,5.666632205247879e-06,0.00042299999999999998,12288
1024,measured,23,1,generated,0,1.375e-06,1.3340000000000001e-06,6.2500000000000164e-07,2.9100000000000111e-07,5.6247226893901825e-06,0.00029637499999999998,12288
1024,measured,24,0,generated,0,1.125e-06,8.3300000000000001e-07,4.5800000000000137e-07,1.6599999999999807e-07,5.5418349802494049e-06,0.00029425000000000002,12288
1024,measured,24,1,handwritten,0,1.0839999999999999e-06,9.1699999999999997e-07,3.7399999999999337e-07,2.9100000000000111e-07,5.5832788348197937e-06,0.000333209,12288
1024,measured,25,0,handwritten,0,1.0419999999999999e-06,6.6700000000000003e-07,4.5800000000000137e-07,1.2500000000000304e-07,5.5418349802494049e-06,0.00021220899999999999,12288
1024,measured,25,1,generated,0,9.1699999999999997e-07,9.16e-07,3.3299999999999834e-07,2.0800000000000207e-07,0.00013416679576039314,0.00051175000000000005,12288
1024,measured,26,0,generated,0,8.7499999999999999e-07,6.6599999999999996e-07,2.5099999999999472e-07,1.6700000000000026e-07,5.6251883506774902e-06,0.00018020800000000001,12288
1024,measured,26,1,handwritten,0,1.875e-06,3.625e-06,1.6600000000001162e-07,6.6699999999999887e-07,5.6251883506774902e-06,0.000463125,12288
1024,measured,27,0,handwritten,0,2.0829999999999998e-06,1.2920000000000001e-06,7.920000000000019e-07,2.0899999999999749e-07,5.6251883506774902e-06,0.00044408300000000001,12288
1024,measured,27,1,generated,0,1.0839999999999999e-06,8.3300000000000001e-07,4.1699999999999279e-07,2.499999999999993e-07,0.00013762479647994041,0.000380959,12288
1024,measured,28,0,generated,0,1.375e-06,6.6700000000000003e-07,7.079999999999939e-07,1.6700000000000026e-07,1.3125129044055939e-05,0.000151125,12288
1024,measured,28,1,handwritten,0,7.92e-07,5.4199999999999996e-07,1.679999999999889e-07,1.2500000000000304e-07,1.4458782970905304e-05,0.000115875,12288
1024,measured,29,0,handwritten,0,7.0800000000000004e-07,4.1659999999999996e-06,1.6600000000001162e-07,7.499999999999979e-07,0.00018987478688359261,0.00031445799999999999,12288
1024,measured,29,1,generated,0,1.6670000000000001e-06,1.4580000000000001e-06,5.8400000000000661e-07,2.9100000000000111e-07,9.3874987214803696e-05,0.00033362499999999999,12288
1024,measured,30,0,generated,0,1.0839999999999999e-06,7.5000000000000002e-07,3.3400000000000053e-07,1.6700000000000026e-07,0.00016687484458088875,0.00029904200000000001,12288
1024,measured,30,1,handwritten,0,9.1699999999999997e-07,6.2500000000000005e-07,2.920000000000033e-07,1.2500000000000304e-07,1.5124678611755371e-05,0.00011849999999999999,12288
1024,measured,31,0,handwritten,0,7.5000000000000002e-07,6.2500000000000005e-07,1.6700000000000026e-07,1.6700000000000026e-07,6.4833555370569229e-05,0.000176458,12288
1024,measured,31,1,generated,0,7.5000000000000002e-07,7.5000000000000002e-07,2.0800000000000885e-07,1.6599999999999807e-07,1.0375399142503738e-05,0.00018745900000000001,12288
1024,measured,32,0,generated,0,8.3300000000000001e-07,8.7499999999999999e-07,2.0800000000000885e-07,2.0800000000000207e-07,0.00030287494882941246,0.000553792,12288
1024,measured,32,1,handwritten,0,1.083e-06,3.9999999999999998e-06,4.159999999999906e-07,6.2500000000000164e-07,5.7499855756759644e-06,0.00042104099999999998,12288
1024,measured,33,0,handwritten,0,2.0420000000000001e-06,1.6249999999999999e-06,8.7499999999999416e-07,2.920000000000033e-07,5.5837444961071014e-06,0.00067920899999999995,12288
1024,measured,33,1,generated,0,1.375e-06,1.917e-06,5.8300000000000441e-07,2.499999999999993e-07,0.0010748747736215591,0.001448625,12288
1024,measured,34,0,generated,0,1.375e-06,7.5000000000000002e-07,7.4900000000000248e-07,1.6700000000000026e-07,0.00012837490066885948,0.000280208,12288
1024,measured,34,1,handwritten,0,8.3300000000000001e-07,7.0800000000000004e-07,2.5000000000000608e-07,1.6599999999999807e-07,1.0374933481216431e-05,0.00014187499999999999,12288
1024,measured,35,0,handwritten,0,7.9100000000000003e-07,5.4099999999999999e-07,1.6600000000001162e-07,1.2500000000000304e-07,5.5832788348197937e-06,0.00015308300000000001,12288
1024,measured,35,1,generated,0,7.0800000000000004e-07,5.4199999999999996e-07,1.6600000000001162e-07,1.2500000000000304e-07,5.6251883506774902e-06,0.00033362499999999999,12288
1024,measured,36,0,generated,0,7.5000000000000002e-07,7.9100000000000003e-07,1.6600000000001162e-07,1.6700000000000026e-07,5.5413693189620972e-06,0.00037654099999999999,12288
1024,measured,36,1,handwritten,0,1.2079999999999999e-06,4.3749999999999996e-06,5.8300000000000441e-07,1.1250000000000002e-06,5.5832788348197937e-06,0.000284708,12288
1024,measured,37,0,handwritten,0,2.041e-06,1.7090000000000001e-06,8.7500000000000772e-07,3.3400000000000053e-07,5.4999254643917084e-06,0.00026275000000000002,12288
1024,measured,37,1,generated,0,1.6249999999999999e-06,2.125e-06,4.5800000000000137e-07,3.3400000000000053e-07,5.4999254643917084e-06,0.00033716699999999998,12288
1024,measured,38,0,generated,0,1.792e-06,2.0420000000000001e-06,5.0100000000000079e-07,3.7500000000000234e-07,5.666632205247879e-06,0.00024608300000000002,12288
1024,measured,38,1,handwritten,0,1.584e-06,1.875e-06,4.1699999999999279e-07,3.7500000000000234e-07,5.5832788348197937e-06,0.00027587500000000002,12288
1024,measured,39,0,handwritten,0,1.708e-06,1.167e-06,6.6699999999999887e-07,2.0800000000000207e-07,5.6251883506774902e-06,0.00027945800000000001,12288
1024,measured,39,1,generated,0,1.708e-06,1.8330000000000001e-06,5.4099999999999363e-07,3.3299999999999834e-07,5.5837444961071014e-06,0.000301083,12288
1024,measured,40,0,generated,0,1.0839999999999999e-06,1.3340000000000001e-06,3.3299999999999834e-07,2.499999999999993e-07,1.5541445463895798e-05,0.00024733399999999999,12288
1024,measured,40,1,handwritten,0,1.5409999999999999e-06,1.125e-06,4.1700000000000634e-07,2.920000000000033e-07,5.4999254643917084e-06,0.000192416,12288
1024,measured,41,0,handwritten,0,1.5e-06,1.1659999999999999e-06,4.1799999999999498e-07,2.499999999999993e-07,5.5418349802494049e-06,0.00025887499999999999,12288
1024,measured,41,1,generated,0,1.125e-06,6.2500000000000005e-07,4.5800000000000137e-07,1.6700000000000026e-07,5.5837444961071014e-06,0.00027825000000000001,12288
1024,measured,42,0,generated,0,7.5000000000000002e-07,1.542e-06,1.679999999999889e-07,3.3400000000000053e-07,5.6251883506774902e-06,0.00031020899999999998,12288
1024,measured,42,1,handwritten,0,1.542e-06,6.2500000000000005e-07,5.0000000000001215e-07,1.6700000000000026e-07,5.5418349802494049e-06,0.00027224999999999998,12288
1024,measured,43,0,handwritten,0,8.7499999999999999e-07,8.3399999999999998e-07,2.920000000000033e-07,2.0800000000000207e-07,5.6247226893901825e-06,0.00038891700000000002,12288
1024,measured,43,1,generated,0,1.125e-06,1.8330000000000001e-06,4.1700000000000634e-07,3.7500000000000234e-07,1.020822674036026e-05,0.0023068339999999998,12288
1024,measured,44,0,generated,0,1.375e-06,3.3749999999999999e-06,7.0899999999999609e-07,5.420000000000026e-07,2.1874904632568359e-05,0.000257791,12288
1024,measured,44,1,handwritten,0,1.75e-06,3.1669999999999999e-06,6.2600000000000383e-07,3.7500000000000234e-07,0.00036329170688986778,0.00054404200000000001,12288
1024,measured,45,0,handwritten,0,2.542e-06,1.6670000000000001e-06,1.3330000000000091e-06,2.9100000000000111e-07,1.7625279724597931e-05,0.00025075,12288
1024,measured,45,1,generated,0,2.125e-06,1.542e-06,8.7500000000000772e-07,2.499999999999993e-07,5.7499855756759644e-06,0.000225625,12288
1024,measured,46,0,generated,0,1.666e-06,1.75e-06,4.5800000000000137e-07,3.3299999999999834e-07,0.0001488332636654377,0.00035179100000000001,12288
1024,measured,46,1,handwritten,0,9.9999999999999995e-07,1.125e-06,3.3199999999999614e-07,2.0899999999999749e-07,1.3375189155340195e-05,0.00016666700000000001,12288
1024,measured,47,0,handwritten,0,7.9100000000000003e-07,7.0800000000000004e-07,2.0800000000000885e-07,1.2500000000000304e-07,5.666632205247879e-06,0.00018395799999999999,12288
1024,measured,47,1,generated,0,9.9999999999999995e-07,7.5000000000000002e-07,3.3299999999999834e-07,1.6599999999999807e-07,5.5003911256790161e-06,0.00032683400000000002,12288
1024,measured,48,0,generated,0,1.2079999999999999e-06,7.0800000000000004e-07,5.4199999999999583e-07,1.6700000000000026e-07,5.5832788348197937e-06,0.00032787499999999999,12288
1024,measured,48,1,handwritten,0,6.7499999999999997e-06,9.1699999999999997e-07,6.041999999999994e-06,1.2500000000000304e-07,8.5416249930858612e-06,0.00032370899999999999,12288
1024,measured,49,0,handwritten,0,9.5799999999999998e-07,7.92e-07,2.5000000000000608e-07,2.0800000000000207e-07,5.7499855756759644e-06,0.00037599999999999998,12288
1024,measured,49,1,generated,0,4.3458999999999998e-05,5.0000000000000004e-06,4.2583999999999998e-05,1.2500000000000304e-07,0.00017524976283311844,0.00070675000000000002,12288
1024,measured,50,0,generated,0,1.375e-06,6.6669999999999999e-06,7.4900000000000248e-07,1.6599999999999807e-07,0.00018445821478962898,0.000370875,12288
1024,measured,50,1,handwritten,0,8.7499999999999999e-07,5.8400000000000004e-07,2.5099999999999472e-07,1.2500000000000304e-07,6.8335793912410736e-06,0.00020470899999999999,12288
1024,measured,51,0,handwritten,0,7.92e-07,1.0419999999999999e-06,1.679999999999889e-07,2.0800000000000207e-07,3.2291281968355179e-05,0.00019708400000000001,12288
1024,measured,51,1,generated,0,9.1699999999999997e-07,6.6599999999999996e-07,1.6700000000000026e-07,1.6700000000000026e-07,8.9958310127258301e-05,0.00041175000000000001,12288
1024,measured,52,0,generated,0,1.125e-06,5.4099999999999999e-07,4.159999999999906e-07,1.2500000000000304e-07,1.0875053703784943e-05,0.00014200000000000001,12288
1024,measured,52,1,handwritten,0,8.3399999999999998e-07,5.8400000000000004e-07,2.4900000000001744e-07,1.6700000000000026e-07,6.1253085732460022e-06,0.00012962499999999999,12288
1024,measured,53,0,handwritten,0,8.7499999999999999e-07,5.4199999999999996e-07,2.4900000000001744e-07,1.2500000000000304e-07,5.6251883506774902e-06,0.000106833,12288
1024,measured,53,1,generated,0,7.92e-07,5.4199999999999996e-07,2.0899999999998394e-07,1.2500000000000304e-07,1.7832964658737183e-05,0.00013445899999999999,12288
1024,measured,54,0,generated,0,7.92e-07,9.9999999999999995e-07,1.6600000000001162e-07,2.499999999999993e-07,0.00034212507307529449,0.00060087499999999996,12288
1024,measured,54,1,handwritten,0,1.083e-06,2.5830000000000001e-06,4.5800000000000137e-07,4.5800000000000137e-07,5.7499855756759644e-06,0.00037516600000000002,12288
1024,measured,55,0,handwritten,0,1.8330000000000001e-06,8.3300000000000001e-07,7.0800000000000745e-07,1.6599999999999807e-07,5.5832788348197937e-06,0.00028329100000000002,12288
1024,measured,55,1,generated,0,1.0839999999999999e-06,6.6599999999999996e-07,3.3300000000001189e-07,1.2500000000000304e-07,5.5413693189620972e-06,0.00026862499999999998,12288
1024,measured,56,0,generated,0,9.1699999999999997e-07,9.1699999999999997e-07,3.3300000000001189e-07,1.6700000000000026e-07,0.00099712517112493515,0.001228959,12288
1024,measured,56,1,handwritten,0,9.9999999999999995e-07,8.7499999999999999e-07,4.1700000000000634e-07,1.6599999999999807e-07,5.6251883506774902e-06,0.00013429199999999999,12288
1024,measured,57,0,handwritten,0,8.7499999999999999e-07,6.6700000000000003e-07,2.4900000000001744e-07,1.6700000000000026e-07,5.7080760598182678e-06,0.000126375,12288
1024,measured,57,1,generated,0,8.7499999999999999e-07,7.5000000000000002e-07,2.4900000000001744e-07,1.2500000000000304e-07,5.5832788348197937e-06,0.00032979100000000001,12288
1024,measured,58,0,generated,0,8.3300000000000001e-07,3.5420000000000001e-06,2.079999999999953e-07,5.420000000000026e-07,5.6251883506774902e-06,0.000325042,12288
1024,measured,58,1,handwritten,0,1.8330000000000001e-06,7.0800000000000004e-07,5.8300000000001797e-07,1.6700000000000026e-07,5.5418349802494049e-06,0.00025837499999999998,12288
1024,measured,59,0,handwritten,0,1.0419999999999999e-06,3.4580000000000002e-06,4.1700000000000634e-07,4.999999999999986e-07,5.4999254643917084e-06,0.000323042,12288
1024,measured,59,1,generated,0,1.875e-06,1.8330000000000001e-06,7.4999999999999113e-07,4.5800000000000137e-07,5.5418349802494049e-06,0.00024320799999999999,12288
1024,measured,60,0,generated,0,1.7910000000000001e-06,9.9999999999999995e-07,5.4200000000002293e-07,2.0800000000000207e-07,5.4999254643917084e-06,0.00030104099999999999,12288
1024,measured,60,1,handwritten,0,1.2079999999999999e-06,8.8340000000000005e-06,5.4199999999999583e-07,4.5800000000000137e-07,5.4999254643917084e-06,0.00030983300000000003,12288
1024,measured,61,0,handwritten,0,6.7089999999999996e-06,9.9999999999999995e-07,4.999999999999986e-06,2.920000000000033e-07,1.308368518948555e-05,0.00018675000000000001,12288
1024,measured,61,1,generated,0,1.0839999999999999e-06,7.0800000000000004e-07,4.1800000000002209e-07,1.6700000000000026e-07,0.00013016676530241966,0.00031154199999999999,12288
1024,measured,62,0,generated,0,9.9999999999999995e-07,7.5000000000000002e-07,3.3400000000000053e-07,1.6700000000000026e-07,5.5418349802494049e-06,0.000321083,12288
1024,measured,62,1,handwritten,0,1.0410000000000001e-06,2.9170000000000002e-06,4.1700000000000634e-07,4.1699999999999957e-07,5.8747828006744385e-06,0.00033529099999999999,12288
1024,measured,63,0,handwritten,0,1.917e-06,2.3750000000000001e-06,7.4900000000000248e-07,4.1699999999999957e-07,5.8747828006744385e-06,0.00039512500000000002,12288
1024,measured,63,1,generated,0,2.041e-06,2.7499999999999999e-06,9.1600000000000275e-07,7.499999999999979e-07,0.00013600010424852371,0.000341541,12288
1024,measured,64,0,generated,0,2.9170000000000002e-06,1.167e-06,1.6659999999999939e-06,2.920000000000033e-07,0.00016700010746717453,0.0010380420000000001,12288
1024,measured,64,1,handwritten,0,2.6084e-05,3.1659999999999998e-06,2.5167000000000012e-05,7.920000000000019e-07,5.3041614592075348e-05,0.00036529200000000003,12288
1024,measured,65,0,handwritten,0,1.75e-06,2.2919999999999998e-06,6.6600000000002378e-07,2.9100000000000111e-07,5.0791539251804352e-05,0.00023183399999999999,12288
1024,measured,65,1,generated,0,2.2079999999999999e-06,2.9579999999999999e-06,1.083000000000003e-06,6.2500000000000164e-07,2.4996697902679443e-06,0.0013900410000000001,12288
1024,measured,66,0,generated,0,2.4169999999999999e-06,2.7499999999999999e-06,1.1660000000000088e-06,5.4199999999999583e-07,2.5001354515552521e-06,0.00067279199999999996,12288
1024,measured,66,1,handwritten,0,1.8339999999999999e-06,1.5e-06,7.0899999999999609e-07,2.9100000000000111e-07,2.3748725652694702e-06,0.00021575000000000001,12288
1024,measured,67,0,handwritten,0,1.7090000000000001e-06,1.2500000000000001e-06,5.8300000000001797e-07,2.9100000000000111e-07,2.2915191948413849e-06,0.000239125,12288
1024,measured,67,1,generated,0,1.542e-06,1.167e-06,3.7500000000002267e-07,2.5000000000000608e-07,2.2500753402709961e-06,0.00020666700000000001,12288
1024,measured,68,0,generated,0,1.5e-06,3.7919999999999999e-06,4.5800000000000137e-07,9.5799999999999998e-07,0.00040462519973516464,0.00087075,12288
1024,measured,68,1,handwritten,0,2.3329999999999999e-06,7.4170000000000003e-06,1.1669999999999975e-06,2.5000000000000608e-07,2.5415793061256409e-06,0.00038824999999999998,12288
1024,measured,69,0,handwritten,0,1.1659999999999999e-06,1.125e-06,6.2599999999999028e-07,2.079999999999953e-07,2.375338226556778e-06,0.00068674999999999997,12288
1024,measured,69,1,generated,0,1.2500000000000001e-06,7.92e-07,5.8400000000000661e-07,1.6599999999999807e-07,2.5001354515552521e-06,0.00036991699999999999,12288
1024,measured,70,0,generated,0,1.0410000000000001e-06,0.00034987499999999998,4.9999999999998505e-07,6.2500000000000164e-07,0.0002793334424495697,0.0060591660000000004,12288
1024,measured,70,1,handwritten,0,8.2416999999999994e-05,1.3042e-05,8.1166000000000002e-05,3.7499999999999556e-07,6.6249631345272064e-06,0.0010441669999999999,12288
1024,measured,71,0,handwritten,0,1.542e-06,9.9999999999999995e-07,7.4899999999997538e-07,2.5000000000000608e-07,2.4167820811271667e-06,0.00032970900000000002,12288
1024,measured,71,1,generated,0,1.375e-06,4.0040999999999998e-05,4.9899999999999641e-07,3.8000000000000002e-05,2.3748725652694702e-06,0.0021454170000000002,12288
1024,measured,72,0,generated,0,1.4169999999999999e-06,3.0000000000000001e-06,5.4199999999996872e-07,7.0899999999999609e-07,0.00043554184958338737,0.0050920840000000002,12288
1024,measured,72,1,handwritten,0,1.2920000000000001e-06,9.9999999999999995e-07,6.2499999999997453e-07,2.0899999999999749e-07,5.7499855756759644e-06,0.00030225,12288
1024,measured,73,0,handwritten,0,8.7499999999999999e-07,9.16e-07,3.3300000000003899e-07,2.079999999999953e-07,5.5413693189620972e-06,0.00052087499999999996,12288
1024,measured,73,1,generated,0,1.083e-06,1.9584000000000001e-05,4.1699999999995213e-07,1.6700000000000026e-07,5.7085417211055756e-06,0.00045104200000000002,12288
1024,measured,74,0,generated,0,1.167e-06,8.3399999999999998e-07,4.1699999999995213e-07,1.2500000000000304e-07,8.3458144217729568e-05,0.00060208400000000002,12288
1024,measured,74,1,handwritten,0,9.5799999999999998e-07,9.1699999999999997e-07,3.3299999999998478e-07,1.6700000000000026e-07,5.5832788348197937e-06,0.000450958,12288
1024,measured,75,0,handwritten,0,1.2079999999999999e-06,3.7079999999999999e-06,5.4100000000000719e-07,5.8400000000000661e-07,6.2081962823867798e-06,0.000562,12288
1024,measured,75,1,generated,0,1.7910000000000001e-06,6.1670000000000004e-06,5.4199999999996872e-07,4.0000000000000024e-06,5.4999254643917084e-06,0.00032870799999999998,12288
1024,measured,76,0,generated,0,1.9580000000000001e-06,1.0419999999999999e-06,6.6699999999998531e-07,2.079999999999953e-07,5.416572093963623e-06,0.00029733299999999999,12288
1024,measured,76,1,handwritten,0,1.0839999999999999e-06,9.1699999999999997e-07,5.0099999999997369e-07,1.6599999999999807e-07,5.5832788348197937e-06,0.00028695899999999999,12288
1024,measured,77,0,handwritten,0,1.125e-06,8.3300000000000001e-07,5.0099999999997369e-07,2.0899999999999749e-07,5.5832788348197937e-06,0.00025770900000000001,12288
1024,measured,77,1,generated,0,9.5799999999999998e-07,6.6599999999999996e-07,3.3200000000002325e-07,1.6700000000000026e-07,5.4999254643917084e-06,0.000276166,12288
1024,measured,78,0,generated,0,8.3300000000000001e-07,9.5900000000000005e-07,2.4999999999997897e-07,2.0899999999999749e-07,5.5837444961071014e-06,0.00031504200000000002,12288
1024,measured,78,1,handwritten,0,1.083e-06,2.2500000000000001e-06,4.5800000000000137e-07,3.7499999999999556e-07,5.4999254643917084e-06,0.00030079199999999998,12288
1024,measured,79,0,handwritten,0,1.875e-06,1.1659999999999999e-06,6.2599999999999028e-07,2.079999999999953e-07,5.4999254643917084e-06,0.00030566600000000001,12288
1024,measured,79,1,generated,0,1.125e-06,6.2500000000000005e-07,4.5800000000000137e-07,1.2500000000000304e-07,5.5003911256790161e-06,0.00028487500000000003,12288
1024,measured,80,0,generated,0,1.0419999999999999e-06,6.2500000000000005e-07,4.159999999999906e-07,1.2500000000000304e-07,5.5832788348197937e-06,0.00037220800000000001,12288
1024,measured,80,1,handwritten,0,1.083e-06,3.2090000000000001e-06,4.1600000000004481e-07,3.3299999999999834e-07,5.4999254643917084e-06,0.00056879200000000004,12288
1024,measured,81,0,handwritten,0,2.0839999999999999e-06,2.2500000000000001e-06,7.4999999999999113e-07,2.5000000000000608e-07,5.6251883506774902e-06,0.00042754199999999999,12288
1024,measured,81,1,generated,0,1.4169999999999999e-06,4.1670000000000001e-06,6.6699999999998531e-07,1.1250000000000002e-06,0.00042304163798689842,0.001978708,12288
1024,measured,82,0,generated,0,2.5000000000000002e-06,1.1667e-05,1.1669999999999975e-06,2.2500000000000005e-06,1.2875068932771683e-05,0.20082266700000001,12288
1024,measured,82,1,handwritten,0,2.5000000000000002e-06,2.9579999999999999e-06,1.0839999999999917e-06,5.4199999999999583e-07,6.1248429119586945e-06,0.00043037499999999998,12288
1024,measured,83,0,handwritten,0,1.375e-06,2.6249999999999999e-06,6.6699999999998531e-07,3.7499999999999556e-07,5.4999254643917084e-06,0.00093329199999999995,12288
1024,measured,83,1,generated,0,1.4160000000000001e-06,2.2910000000000002e-06,5.4199999999996872e-07,2.5000000000000608e-07,0.0001121247187256813,0.00053079099999999997,12288
1024,measured,84,0,generated,0,1.8330000000000001e-06,5.7500000000000002e-05,9.1700000000001849e-07,1.4160000000000014e-06,6.0414895415306091e-06,0.0021981660000000001,12288
1024,measured,84,1,handwritten,0,2.5830000000000001e-06,8.7919999999999998e-06,9.5899999999997506e-07,1.8750000000000049e-06,6.0208607465028763e-05,0.0034287499999999999,12288
1024,measured,85,0,handwritten,0,2.6249999999999999e-06,4.0419999999999996e-06,1.1669999999999975e-06,5.8300000000000441e-07,5.916692316532135e-06,0.00035166700000000001,12288
1024,measured,85,1,generated,0,2.3329999999999999e-06,2.959e-06,1.1250000000000409e-06,5.4199999999999583e-07,5.416572093963623e-06,0.000518667,12288
1024,measured,86,0,generated,0,2.0420000000000001e-06,2.875e-06,8.3299999999999694e-07,5.0000000000001215e-07,5.5413693189620972e-06,0.00032666699999999999,12288
1024,measured,86,1,handwritten,0,2.0420000000000001e-06,2.2500000000000001e-06,8.7399999999999197e-07,3.3300000000001189e-07,5.4999254643917084e-06,0.00021887499999999999,12288
1024,measured,87,0,handwritten,0,1.8339999999999999e-06,1.708e-06,6.2599999999999028e-07,2.9100000000000111e-07,5.4999254643917084e-06,0.00030941699999999998,12288
1024,measured,87,1,generated,0,1.0839999999999999e-06,1.708e-06,4.159999999999906e-07,2.5000000000000608e-07,5.666632205247879e-06,0.00033558399999999999,12288
1024,measured,88,0,generated,0,1.2500000000000001e-06,3.3330000000000001e-06,4.5699999999998563e-07,4.1700000000000634e-07,5.5418349802494049e-06,0.000292458,12288
1024,measured,88,1,handwritten,0,1.875e-06,3.9589999999999997e-06,5.8299999999996376e-07,5.0000000000001215e-07,0.00019699987024068832,0.00059774999999999997,12288
1024,measured,89,0,handwritten,0,2.2910000000000002e-06,2.7499999999999999e-06,1.0839999999999917e-06,6.2500000000000164e-07,2.366676926612854e-05,0.00040308299999999999,12288
1024,measured,89,1,generated,0,1.875e-06,1.708e-06,7.5100000000000687e-07,3.3300000000001189e-07,4.7791749238967896e-05,0.00053474999999999996,12288
1024,measured,90,0,generated,0,1.333e-06,3.7079999999999999e-06,5.4200000000002293e-07,5.0000000000001215e-07,5.666632205247879e-06,0.00055016600000000004,12288
1024,measured,90,1,handwritten,0,2.1660000000000001e-06,2.1660000000000001e-06,8.7600000000002346e-07,4.159999999999906e-07,5.6251883506774902e-06,0.00035329099999999999,12288
1024,measured,91,0,handwritten,0,1.792e-06,1.75e-06,7.0799999999998035e-07,2.9199999999998975e-07,5.6247226893901825e-06,0.00079087500000000002,12288
1024,measured,91,1,generated,0,1.1659999999999999e-06,2.6249999999999999e-06,5.8299999999996376e-07,3.7499999999999556e-07,5.4999254643917084e-06,0.00034258299999999998,12288
1024,measured,92,0,generated,0,2.2910000000000002e-06,5.1250000000000001e-06,7.9099999999998616e-07,1.4159999999999878e-06,0.0010919999331235886,0.00174325,12288
1024,measured,92,1,handwritten,0,2.2500000000000001e-06,3.4999999999999999e-06,9.5800000000001353e-07,5.8400000000000661e-07,5.7080760598182678e-06,0.0022733749999999998,12288
1024,measured,93,0,handwritten,0,3.4589999999999998e-06,5.7910000000000001e-06,2.8340000000000071e-06,1.2500000000000033e-06,5.7918950915336609e-06,0.0032957500000000001,12288
1024,measured,93,1,generated,0,2.334e-06,5.8329999999999999e-06,1.0000000000000243e-06,1.1249999999999867e-06,6.2501057982444763e-06,0.054552666999999999,12288
1024,measured,94,0,generated,0,3.0000000000000001e-06,6.2079999999999997e-06,9.1600000000000275e-07,9.1600000000000275e-07,5.8333389461040497e-06,0.001848042,12288
1024,measured,94,1,handwritten,0,2.3329999999999999e-06,3.3330000000000001e-06,1.0000000000000243e-06,6.6700000000001242e-07,4.1166320443153381e-05,0.00049954199999999995,12288
1024,measured,95,0,handwritten,0,2.2089999999999999e-06,3.7500000000000001e-06,1.0000000000000243e-06,6.2500000000000164e-07,3.5999808460474014e-05,0.00041595899999999998,12288
1024,measured,95,1,generated,0,2.2079999999999999e-06,2.2500000000000001e-06,9.1700000000001849e-07,4.1700000000000634e-07,1.3249926269054413e-05,0.000292083,12288
1024,measured,96,0,generated,0,1.2920000000000001e-06,1.1659999999999999e-06,5.4199999999996872e-07,3.3400000000000053e-07,5.7085417211055756e-06,0.00027104199999999998,12288
1024,measured,96,1,handwritten,0,1.0410000000000001e-06,2.5000000000000002e-06,3.7499999999999556e-07,2.5000000000000608e-07,5.5003911256790161e-06,0.00038354099999999999,12288
1024,measured,97,0,handwritten,0,1.917e-06,1.8339999999999999e-06,6.6599999999996957e-07,3.7499999999999556e-07,5.5418349802494049e-06,0.00030783399999999999,12288
1024,measured,97,1,generated,0,1.083e-06,3.8330000000000004e-06,4.1699999999995213e-07,5.8400000000000661e-07,5.6247226893901825e-06,0.00050545799999999997,12288
1024,measured,98,0,generated,0,2.2919999999999998e-06,3.1669999999999999e-06,9.5900000000002927e-07,5.8299999999999086e-07,5.7085417211055756e-06,0.00047229200000000002,12288
1024,measured,98,1,handwritten,0,2.2079999999999999e-06,1.2583e-05,8.7500000000000772e-07,6.2500000000000164e-07,0.00097812525928020477,0.001353791,12288
1024,measured,99,0,handwritten,0,1.9580000000000001e-06,1.5409999999999999e-06,9.1700000000001849e-07,2.9199999999998975e-07,1.1041760444641113e-05,0.00029445799999999999,12288
1024,measured,99,1,generated,0,9.1699999999999997e-07,1.6670000000000001e-06,2.9100000000002822e-07,2.0900000000001104e-07,5.5832788348197937e-06,0.00034245800000000002,12288
65536,warmup,0,0,generated,0,3.8415999999999999e-05,1.3166000000000001e-05,3.7540999999999985e-05,9.8329999999999989e-06,1.2124888598918915e-05,0.00037029100000000002,786432
65536,warmup,0,1,handwritten,0,2.0125000000000001e-05,1.3040999999999999e-05,1.8833000000000001e-05,1.0291999999999989e-05,1.183338463306427e-05,0.00030266599999999999,786432
65536,warmup,1,0,handwritten,0,2.1209e-05,2.5457999999999999e-05,1.9834000000000041e-05,2.3707999999999997e-05,1.2166798114776611e-05,0.00049391699999999997,786432
65536,warmup,1,1,generated,0,1.2041e-05,6.708e-06,9.999999999999972e-06,5.1659999999999976e-06,1.8458347767591476e-05,0.001781333,786432
65536,warmup,2,0,generated,0,0.000111208,1.4290999999999999e-05,0.00011029100000000005,9.6250000000000036e-06,1.2750271707773209e-05,0.0021687910000000002,786432
65536,warmup,2,1,handwritten,0,9.7499999999999998e-06,2.6832999999999999e-05,8.8749999999999853e-06,2.5666999999999997e-05,1.2000091373920441e-05,0.00048674999999999999,786432
65536,warmup,3,0,handwritten,0,9.5829999999999996e-06,6.0410000000000003e-06,8.7920000000000879e-06,4.4169999999999951e-06,0.00093699991703033447,0.0012814580000000001,786432
65536,warmup,3,1,generated,0,9.3340000000000008e-06,0.00015758300000000001,8.3340000000000324e-06,0.00015650000000000001,1.2250151485204697e-05,0.000624875,786432
65536,warmup,4,0,generated,0,8.7919999999999998e-06,4.583e-06,7.9169999999999718e-06,3.9589999999999938e-06,1.2374948710203171e-05,0.00040041700000000003,786432
65536,warmup,4,1,handwritten,0,3.5667000000000003e-05,6.7499999999999997e-06,3.3624000000000002e-05,5.792000000000015e-06,0.00019341660663485527,0.00067350000000000005,786432
65536,warmup,5,0,handwritten,0,4.1499999999999999e-05,1.2291e-05,3.5874000000000084e-05,8.4589999999999947e-06,1.3249926269054413e-05,0.001742625,786432
65536,warmup,5,1,generated,0,1.1916000000000001e-05,6.6669999999999999e-06,1.095800000000004e-05,4.8749999999999965e-06,0.00019479170441627502,0.00072433299999999996,786432
65536,warmup,6,0,generated,0,2.6874999999999999e-05,6.0000000000000002e-06,2.5167000000000093e-05,5.0839999999999805e-06,1.2291595339775085e-05,0.00044037500000000001,786432
65536,warmup,6,1,handwritten,0,1.0291e-05,5.2909999999999998e-06,9.5829999999999657e-06,4.6669999999999741e-06,1.2041535228490829e-05,0.00030379099999999998,786432
65536,warmup,7,0,handwritten,0,2.5375e-05,1.075e-05,2.3792000000000019e-05,8.208e-06,1.1875294148921967e-05,0.00038191599999999999,786432
65536,warmup,7,1,generated,0,2.2334e-05,6.3749999999999999e-06,2.0958999999999973e-05,5.3750000000000087e-06,1.1875294148921967e-05,0.00040566700000000002,786432
65536,warmup,8,0,generated,0,1.0292000000000001e-05,4.7834000000000003e-05,9.4999999999999599e-06,4.6791999999999982e-05,1.3041775673627853e-05,0.00055083300000000003,786432
65536,warmup,8,1,handwritten,0,3.025e-05,1.3709e-05,2.9376000000000011e-05,8.6250000000000064e-06,0.00078275008127093315,0.0012205,786432
65536,warmup,9,0,handwritten,0,3.0707999999999998e-05,7.3749999999999997e-06,2.929199999999999e-05,5.1249999999999755e-06,0.00023558363318443298,0.00061854100000000001,786432
65536,warmup,9,1,generated,0,2.7124999999999999e-05,1.1124999999999999e-05,2.5459000000000028e-05,9.1660000000000135e-06,1.2291595339775085e-05,0.00037324999999999999,786432
65536,measured,0,0,generated,0,2.4083e-05,1.0332999999999999e-05,2.2707999999999973e-05,8.5419999999999463e-06,1.1958181858062744e-05,0.00032604200000000002,786432
65536,measured,0,1,handwritten,0,2.4791999999999999e-05,6.3330000000000002e-06,2.3375999999999866e-05,5.3749999999999545e-06,1.2166332453489304e-05,0.00030937500000000003,786432
65536,measured,1,0,handwritten,0,8.6958000000000003e-05,1.3875e-05,8.3750999999999964e-05,1.2541000000000028e-05,1.2458302080631256e-05,0.00095124999999999995,786432
65536,measured,1,1,generated,0,1.0417e-05,5.0000000000000004e-06,9.6659999999999715e-06,4.3750000000000386e-06,1.2208241969347e-05,0.00026229200000000002,786432
65536,measured,2,0,generated,0,2.0250000000000001e-05,1.1916000000000001e-05,1.8625999999999886e-05,8.7499999999999687e-06,8.0250203609466553e-05,0.000692708,786432
65536,measured,2,1,handwritten,0,1.0625000000000001e-05,6.4579999999999998e-06,9.1670000000000293e-06,5.7500000000000042e-06,1.2166332453489304e-05,0.000318167,786432
65536,measured,3,0,handwritten,0,1.025e-05,0.000106792,9.4999999999999599e-06,1.3082999999999997e-05,1.2250151485204697e-05,0.002473041,786432
65536,measured,3,1,generated,0,1.4708e-05,1.6875e-05,1.3874999999999998e-05,1.2165999999999978e-05,0.0011206250637769699,0.0017899999999999999,786432
65536,measured,4,0,generated,0,2.2625000000000001e-05,1.1541e-05,2.1250999999999909e-05,8.3750000000000274e-06,5.0666742026805878e-05,0.00055787499999999999,786432
65536,measured,4,1,handwritten,0,2.3833e-05,9.5410000000000006e-06,2.2499999999999951e-05,8.2500000000000108e-06,1.2166798114776611e-05,0.000348,786432
65536,measured,5,0,handwritten,0,2.1957999999999999e-05,5.4580000000000001e-06,2.0625000000000027e-05,4.5829999999999526e-06,1.1874828487634659e-05,0.00028754099999999999,786432
65536,measured,5,1,generated,0,5.6125000000000002e-05,9.7499999999999998e-06,5.4000000000000012e-05,8.0829999999999834e-06,1.2208241969347e-05,0.00035995800000000001,786432
65536,measured,6,0,generated,0,2.5958000000000001e-05,9.0000000000000002e-06,2.3498999999999959e-05,7.833999999999966e-06,1.2082979083061218e-05,0.00032845800000000001,786432
65536,measured,6,1,handwritten,0,2.0166999999999999e-05,8.7909999999999993e-06,1.8917000000000022e-05,7.7500000000000529e-06,1.2000091373920441e-05,0.00025608299999999999,786432
65536,measured,7,0,handwritten,0,2.0458e-05,1.375e-05,1.9125000000000045e-05,1.1999999999999966e-05,1.1958647519350052e-05,0.00037091700000000001,786432
65536,measured,7,1,generated,0,2.5749999999999999e-05,1.1042e-05,2.4457999999999988e-05,8.8749999999999853e-06,1.2124888598918915e-05,0.00033145800000000002,786432
65536,measured,8,0,generated,0,2.2625000000000001e-05,7.2910000000000002e-06,2.1207000000000083e-05,5.7090000000000092e-06,1.1791940778493881e-05,0.00036337499999999998,786432
65536,measured,8,1,handwritten,0,1.0000000000000001e-05,6.083e-06,9.2080000000001327e-06,4.9159999999999916e-06,1.1874828487634659e-05,0.000368375,786432
65536,measured,9,0,handwritten,0,1.0458999999999999e-05,1.0958000000000001e-05,9.749999999999993e-06,8.7919999999999795e-06,1.2250151485204697e-05,0.00028487500000000003,786432
65536,measured,9,1,generated,0,1.0499999999999999e-05,4.583e-06,9.4589999999998564e-06,4.0419999999999996e-06,1.1875294148921967e-05,0.00025224999999999998,786432
65536,measured,10,0,generated,0,2.0125000000000001e-05,1.1165999999999999e-05,1.9209000000000066e-05,8.2920000000000216e-06,0.00014800019562244415,0.00050679100000000003,786432
65536,measured,10,1,handwritten,0,9.9590000000000007e-06,1.1208e-05,8.9579999999998827e-06,8.5419999999999463e-06,1.2124888598918915e-05,0.000371667,786432
65536,measured,11,0,handwritten,0,3.9708e-05,1.0499999999999999e-05,3.7249999999999957e-05,8.500000000000044e-06,1.2042000889778137e-05,0.000376208,786432
65536,measured,11,1,generated,0,2.1834000000000001e-05,7.6669999999999996e-06,2.0583000000000016e-05,5.5409999999999661e-06,0.0011457502841949463,0.0015300839999999999,786432
65536,measured,12,0,generated,0,2.5208999999999999e-05,1.7041000000000002e-05,2.3667000000000002e-05,1.4709000000000011e-05,1.2708362191915512e-05,0.00053541699999999995,786432
65536,measured,12,1,handwritten,0,3.4458000000000001e-05,1.0542e-05,3.1915999999999889e-05,9.2920000000000459e-06,1.2374948710203171e-05,0.00033679199999999998,786432
65536,measured,13,0,handwritten,0,2.5792e-05,0.000118083,2.4457999999999988e-05,0.000116,1.2124888598918915e-05,0.00040620899999999999,786432
65536,measured,13,1,generated,0,2.5125000000000001e-05,6.8750000000000002e-06,2.3751000000000024e-05,5.2919999999999487e-06,1.2083444744348526e-05,0.00031991700000000002,786432
65536,measured,14,0,generated,0,0.00010875,1.1e-05,0.00010770899999999989,8.9579999999999911e-06,1.2458302080631256e-05,0.00045508400000000002,786432
65536,measured,14,1,handwritten,0,2.3082999999999999e-05,1.0125e-05,2.1708000000000057e-05,8.2500000000000108e-06,1.2083444744348526e-05,0.00031712500000000002,786432
65536,measured,15,0,handwritten,0,4.0541999999999999e-05,6.7499999999999997e-06,3.9041000000000076e-05,5.2500000000000463e-06,0.00025904178619384766,0.000873959,786432
65536,measured,15,1,generated,0,3.0959e-05,1.3875e-05,2.9500000000000012e-05,1.0875000000000034e-05,9.9249649792909622e-05,0.00037879199999999997,786432
65536,measured,16,0,generated,0,2.6417000000000001e-05,6.0000000000000002e-06,2.4916000000000261e-05,5.3749999999999545e-06,1.2333504855632782e-05,0.00037720899999999999,786432
65536,measured,16,1,handwritten,0,3.0791999999999999e-05,6.5830000000000003e-06,2.9125999999999978e-05,5.4579999999999603e-06,1.2500211596488953e-05,0.00052212500000000002,786432
65536,measured,17,0,handwritten,0,3.9875e-05,5.2920000000000003e-06,3.8499999999999906e-05,4.250000000000022e-06,1.2291595339775085e-05,0.00058670900000000004,786432
65536,measured,17,1,generated,0,2.4083999999999998e-05,1.1083e-05,2.2415999999999929e-05,8.5830000000000498e-06,1.2125354260206223e-05,0.00051404200000000004,786432
65536,measured,18,0,generated,0,2.675e-05,5.9159999999999998e-06,2.4501000000000123e-05,5.0000000000000131e-06,1.2333504855632782e-05,0.00065583299999999998,786432
65536,measured,18,1,handwritten,0,2.3958e-05,6.4169999999999997e-06,2.2374999999999826e-05,5.5409999999999661e-06,1.2124888598918915e-05,0.00059837499999999995,786432
65536,measured,19,0,handwritten,0,6.3499999999999999e-05,1.8e-05,5.9416999999999977e-05,1.6916999999999974e-05,1.2082979083061218e-05,0.00032104200000000001,786432
65536,measured,19,1,generated,0,1.8958e-05,6.708e-06,1.7666999999999856e-05,5.4159999999999495e-06,0.00075379153713583946,0.0011676659999999999,786432
65536,measured,20,0,generated,0,1.075e-05,1.1625e-05,9.9580000000000155e-06,8.707999999999958e-06,1.2249685823917389e-05,0.000490125,786432
65536,measured,20,1,handwritten,0,9.7499999999999998e-06,5.5829999999999997e-06,8.6669999999999629e-06,4.8749999999999965e-06,1.2000091373920441e-05,0.00025579200000000002,786432
65536,measured,21,0,handwritten,0,1.075e-05,5.75e-06,9.8749999999999012e-06,4.7499999999999799e-06,1.1916738003492355e-05,0.00035554100000000002,786432
65536,measured,21,1,generated,0,8.8499999999999996e-05,1.1333e-05,8.7291000000000191e-05,8.5839999999999571e-06,3.5624951124191284e-05,0.00112925,786432
65536,measured,22,0,generated,0,2.7583e-05,1.2125e-05,2.5833999999999753e-05,5.8340000000000258e-06,5.2249990403652191e-05,0.000372166,786432
65536,measured,22,1,handwritten,0,1.9916999999999999e-05,1.2542e-05,9.1250000000000185e-06,9.3750000000000517e-06,1.6374979168176651e-05,0.000223959,786432
65536,measured,23,0,handwritten,0,1.9542e-05,1.0000000000000001e-05,1.8166999999999923e-05,8.500000000000044e-06,1.2124888598918915e-05,0.000254042,786432
65536,measured,23,1,generated,0,2.1667000000000001e-05,5.6499999999999998e-05,2.0376000000000335e-05,5.5333000000000075e-05,1.1875294148921967e-05,0.00040687500000000001,786432
65536,measured,24,0,generated,0,2.2167e-05,9.2499999999999995e-06,2.062499999999981e-05,7.667000000000047e-06,1.1958181858062744e-05,0.00034170899999999999,786432
65536,measured,24,1,handwritten,0,9.0829999999999993e-06,5.8749999999999997e-06,8.1249999999998858e-06,4.8340000000000015e-06,1.2291595339775085e-05,0.00025254200000000002,786432
65536,measured,25,0,handwritten,0,2.3791999999999999e-05,9.0829999999999993e-06,2.1582999999999932e-05,7.7910000000000479e-06,1.2124888598918915e-05,0.00029100000000000003,786432
65536,measured,25,1,generated,0,2.0166999999999999e-05,6.7499999999999997e-06,1.8834000000000125e-05,5.5000000000000795e-06,1.183338463306427e-05,0.00029887499999999999,786432
65536,measured,26,0,generated,0,8.833e-06,1.0166999999999999e-05,8.0409999999998642e-06,7.8750000000000694e-06,1.1874828487634659e-05,0.000310833,786432
65536,measured,26,1,handwritten,0,2.0916000000000001e-05,2.6250000000000001e-05,1.9625000000000111e-05,2.1125000000000093e-05,0.0011156247928738594,0.001502916,786432
65536,measured,27,0,handwritten,0,3.8583e-05,1.2084e-05,3.7083999999999728e-05,9.0419999999999043e-06,1.2750271707773209e-05,0.00088733300000000002,786432
65536,measured,27,1,generated,0,0.0019532500000000001,7.9589999999999995e-06,4.6749000000000009e-05,6.0839999999999506e-06,1.3125129044055939e-05,0.0029200419999999999,786432
65536,measured,28,0,generated,0,1.8916999999999999e-05,6.917e-06,1.6916000000000066e-05,5.1249999999999213e-06,0.00015125004574656487,0.00059066700000000001,786432
65536,measured,28,1,handwritten,0,1.8417e-05,6.5830000000000003e-06,1.7623999999999938e-05,5.3329999999999437e-06,1.3166572898626328e-05,0.00086479199999999997,786432
65536,measured,29,0,handwritten,0,1.0042e-05,1.9332999999999999e-05,8.9999999999998935e-06,1.4417000000000076e-05,1.7000362277030945e-05,0.0067017919999999998,786432
65536,measured,29,1,generated,0,4.0333000000000002e-05,7.4170000000000003e-06,3.8541000000000009e-05,5.9159999999999074e-06,1.2666918337345123e-05,0.00072437499999999998,786432
65536,measured,30,0,generated,0,0.00038654100000000001,9.2499999999999995e-06,1.058399999999968e-05,6.4579999999999846e-06,1.3125129044055939e-05,0.0041634159999999996,786432
65536,measured,30,1,handwritten,0,2.4290999999999998e-05,7.5830000000000001e-06,2.2625000000000076e-05,5.3340000000000679e-06,1.2333039194345474e-05,0.0019438330000000001,786432
65536,measured,31,0,handwritten,0,1.1124999999999999e-05,7.6660000000000008e-06,1.0332999999999957e-05,5.6249999999999876e-06,1.2374948710203171e-05,0.00060849999999999999,786432
65536,measured,31,1,generated,0,0.00064654199999999995,2.1124999999999998e-05,0.0006441250000000006,2.0040999999999939e-05,1.2291595339775085e-05,0.001028125,786432
65536,measured,32,0,generated,0,1.8875000000000001e-05,1.1416e-05,1.7958999999999684e-05,8.9590000000000069e-06,1.2249685823917389e-05,0.00040512499999999999,786432
65536,measured,32,1,handwritten,0,2.3459e-05,1.2625e-05,2.1917000000000637e-05,1.0540999999999979e-05,1.2250151485204697e-05,0.00029599999999999998,786432
65536,measured,33,0,handwritten,0,2.05e-05,1.4e-05,1.9166999999999622e-05,5.4160000000000579e-06,1.2458767741918564e-05,0.00042866699999999998,786432
65536,measured,33,1,generated,0,9.3749999999999992e-06,1.4584e-05,8.7079999999996327e-06,4.6659999999999584e-06,1.1874828487634659e-05,0.00047966699999999997,786432
65536,measured,34,0,generated,0,8.5420000000000005e-06,1.3499999999999999e-05,7.7920000000003889e-06,9.3750000000000517e-06,0.0010589165613055229,0.0013986669999999999,786432
65536,measured,34,1,handwritten,0,2.6667000000000001e-05,0.000281375,2.5332999999999779e-05,0.00027791699999999992,1.2374948710203171e-05,0.00111725,786432
65536,measured,35,0,handwritten,0,1.5e-05,2.8042e-05,1.4167000000000693e-05,5.0409999999998997e-06,1.2292061001062393e-05,0.00058991700000000002,786432
65536,measured,35,1,generated,0,2.2500000000000001e-05,0.00014370799999999999,2.087500000000006e-05,1.5416999999999991e-05,1.5375204384326935e-05,0.0024582919999999999,786432
65536,measured,36,0,generated,0,9.0208000000000001e-05,6.9999999999999999e-06,8.924999999999992e-05,5.2080000000000355e-06,1.2542121112346649e-05,0.001293333,786432
65536,measured,36,1,handwritten,0,1.0040999999999999e-05,3.1541000000000002e-05,9.2920000000001543e-06,2.9291000000000083e-05,1.2124888598918915e-05,0.00096270800000000005,786432
65536,measured,37,0,handwritten,0,2.4375e-05,1.2292e-05,2.2749999999999333e-05,7.7910000000000479e-06,0.00095312530174851418,0.0014177090000000001,786432
65536,measured,37,1,generated,0,2.4332999999999999e-05,1.3625000000000001e-05,2.3000999999999924e-05,1.0124999999999934e-05,1.2374948710203171e-05,0.0012617500000000001,786432
65536,measured,38,0,generated,0,6.1958000000000005e-05,6.8750000000000002e-06,2.2834000000000222e-05,4.9589999999999097e-06,1.5541911125183105e-05,0.0024134159999999998,786432
65536,measured,38,1,handwritten,0,1.1917e-05,9.7079999999999992e-06,1.0833000000000023e-05,8.208e-06,1.2083444744348526e-05,0.00072762499999999997,786432
65536,measured,39,0,handwritten,0,1.0292000000000001e-05,5.3340000000000001e-06,9.541999999999537e-06,4.7499999999999799e-06,1.1916738003492355e-05,0.00025104199999999999,786432
65536,measured,39,1,generated,0,1.9666000000000001e-05,5.7089999999999999e-06,1.804099999999989e-05,4.8750000000001049e-06,1.1791475117206573e-05,0.00034725000000000001,786432
65536,measured,40,0,generated,0,4.5457999999999997e-05,1.1749999999999999e-05,4.1290999999999724e-05,9.0419999999999043e-06,1.2125354260206223e-05,0.00060775,786432
65536,measured,40,1,handwritten,0,4.0750000000000001e-05,6.4579999999999998e-06,3.883300000000027e-05,5.7080000000001019e-06,1.2291595339775085e-05,0.00053775000000000003,786432
65536,measured,41,0,handwritten,0,1.0667e-05,1.7125e-05,9.8739999999999939e-06,1.2082999999999972e-05,0.0011322498321533203,0.0038142499999999999,786432
65536,measured,41,1,generated,0,2.5083e-05,1.2625e-05,2.2541999999999528e-05,9.9580000000000155e-06,1.2791715562343597e-05,0.0013073329999999999,786432
65536,measured,42,0,generated,0,2.7875e-05,6.5830000000000003e-06,2.6458999999999511e-05,5.2500000000000463e-06,1.1749565601348877e-05,0.00037350000000000003,786432
65536,measured,42,1,handwritten,0,9.2909999999999996e-06,4.9169999999999997e-06,8.6239999999996111e-06,3.916999999999983e-06,1.2124888598918915e-05,0.00026341599999999999,786432
65536,measured,43,0,handwritten,0,8.0830000000000004e-06,1.4625e-05,7.4170000000000139e-06,1.1750000000000042e-05,1.2374948710203171e-05,0.00070012500000000001,786432
65536,measured,43,1,generated,0,1.075e-05,1.1208e-05,9.8749999999994675e-06,9.8330000000001073e-06,1.2041535228490829e-05,0.00035608299999999999,786432
65536,measured,44,0,generated,0,0.00040016699999999999,7.7079999999999997e-06,0.00039774999999999967,5.3340000000000679e-06,0.00085754180327057838,0.002057625,786432
65536,measured,44,1,handwritten,0,1.0042e-05,0.00035408400000000001,9.1670000000000293e-06,0.00035225000000000013,2.7083326131105423e-05,0.00080020899999999997,786432
65536,measured,45,0,handwritten,0,0.0012706250000000001,1.1959e-05,0.0012672079999999997,8.8340000000000987e-06,1.2124888598918915e-05,0.0017818339999999999,786432
65536,measured,45,1,generated,0,2.1041999999999999e-05,5.7919999999999998e-06,1.9624999999999677e-05,4.5829999999998441e-06,1.2000091373920441e-05,0.000356125,786432
65536,measured,46,0,generated,0,1.5291999999999999e-05,5.0420000000000002e-06,1.4000000000000123e-05,4.2499999999999136e-06,1.1875294148921967e-05,0.00028929200000000002,786432
65536,measured,46,1,handwritten,0,8.8750000000000006e-06,1.4416000000000001e-05,8.1660000000004229e-06,1.3500000000000057e-05,1.2000091373920441e-05,0.00046949999999999997,786432
65536,measured,47,0,handwritten,0,1.9749999999999999e-05,8.2500000000000006e-06,1.829100000000014e-05,6.9160000000000402e-06,1.2374948710203171e-05,0.00030941600000000002,786432
65536,measured,47,1,generated,0,2.1333999999999999e-05,8.3750000000000003e-06,2.0041000000000156e-05,6.9580000000000509e-06,1.2541655451059341e-05,0.00044254199999999998,786432
65536,measured,48,0,generated,0,1.8374999999999999e-05,9.5000000000000005e-06,1.7083000000000202e-05,7.7079999999999337e-06,1.2125354260206223e-05,0.00030645899999999997,786432
65536,measured,48,1,handwritten,0,1.8292e-05,8.9590000000000001e-06,1.7041999999999231e-05,7.6249999999998194e-06,1.2041535228490829e-05,0.000234458,786432
65536,measured,49,0,handwritten,0,2.0166999999999999e-05,1.4042e-05,1.8708999999999566e-05,1.0207999999999832e-05,0.0011233747936785221,0.0014562500000000001,786432
65536,measured,49,1,generated,0,2.2500000000000001e-05,9.4169999999999998e-06,2.1123999999999969e-05,7.5000000000001281e-06,1.241639256477356e-05,0.00043925000000000002,786432
65536,measured,50,0,generated,0,1.9749999999999999e-05,1.0332999999999999e-05,1.8459000000000184e-05,8.8330000000001914e-06,1.2041535228490829e-05,0.00032320800000000001,786432
65536,measured,50,1,handwritten,0,9.8330000000000006e-06,5.0830000000000003e-06,8.9579999999998827e-06,4.1249999999997886e-06,1.2000091373920441e-05,0.00035229100000000002,786432
65536,measured,51,0,handwritten,0,9.1670000000000005e-06,8.0830000000000004e-06,8.3749999999997021e-06,5.3750000000001713e-06,1.1916738003492355e-05,0.00068566700000000005,786432
65536,measured,51,1,generated,0,1.8457999999999998e-05,0.00025945900000000002,1.7584000000000176e-05,1.6250000000000205e-05,1.2541655451059341e-05,0.00081666699999999998,786432
65536,measured,52,0,generated,0,1.0958000000000001e-05,1.1124999999999999e-05,9.5830000000005078e-06,9.9580000000000155e-06,1.2374948710203171e-05,0.00065775000000000002,786432
65536,measured,52,1,handwritten,0,2.3332999999999998e-05,2.3541999999999999e-05,2.1708999999999964e-05,2.1708000000000057e-05,0.00019724993035197258,0.00070237499999999998,786432
65536,measured,53,0,handwritten,0,2.2124999999999999e-05,9.8330000000000006e-06,2.0458999999999582e-05,8.2089999999999073e-06,1.841643825173378e-05,0.00027879100000000002,786432
65536,measured,53,1,generated,0,1.9332999999999999e-05,9.2080000000000006e-06,1.7916000000000633e-05,7.9580000000001837e-06,1.1875294148921967e-05,0.000346833,786432
65536,measured,54,0,generated,0,2.3958e-05,8.4999999999999999e-06,2.2666999999999653e-05,7.4580000000001173e-06,1.1874828487634659e-05,0.00040779100000000001,786432
65536,measured,54,1,handwritten,0,9.8749999999999995e-06,1.3791999999999999e-05,9.1660000000005556e-06,9.3329999999998241e-06,0.0011003748513758183,0.0014322919999999999,786432
65536,measured,55,0,handwritten,0,2.0582999999999999e-05,6.6250000000000001e-06,1.933299999999985e-05,5.2500000000000463e-06,1.2541655451059341e-05,0.00074970799999999997,786432
65536,measured,55,1,generated,0,1.4375e-05,1.1749999999999999e-05,1.0500000000000093e-05,8.4579999999998164e-06,0.0001205001026391983,0.00054483400000000001,786432
65536,measured,56,0,generated,0,2.2583e-05,1.0084e-05,2.1000000000000185e-05,8.1669999999998966e-06,2.9791612178087234e-05,0.00032991699999999999,786432
65536,measured,56,1,handwritten,0,2.0792e-05,9.4169999999999998e-06,1.950000000000042e-05,7.9170000000000802e-06,1.2000091373920441e-05,0.00029016699999999997,786432
65536,measured,57,0,handwritten,0,2.1124999999999998e-05,1.0832999999999999e-05,1.975000000000067e-05,8.8340000000000987e-06,1.2249685823917389e-05,0.00031816599999999999,786432
65536,measured,57,1,generated,0,2.075e-05,1.4917e-05,1.9457999999999975e-05,1.079199999999992e-05,0.0011539165861904621,0.002552917,786432
65536,measured,58,0,generated,0,2.2124999999999999e-05,9.2909999999999996e-06,2.0791999999998645e-05,7.8750000000000694e-06,1.2333039194345474e-05,0.000492583,786432
65536,measured,58,1,handwritten,0,9.7079999999999992e-06,5.1250000000000001e-06,8.9159999999994383e-06,4.2919999999999243e-06,1.1791475117206573e-05,0.00029087500000000001,786432
65536,measured,59,0,handwritten,0,1.0584000000000001e-05,5.7080000000000002e-06,9.7909999999985786e-06,4.4170000000000494e-06,1.2041535228490829e-05,0.00030154200000000002,786432
65536,measured,59,1,generated,0,1.8875000000000001e-05,6.0839999999999997e-06,1.733300000000132e-05,5.0839999999998178e-06,1.2875068932771683e-05,0.00075612499999999996,786432
65536,measured,60,0,generated,0,0.00029950000000000002,5.4160000000000003e-06,0.00029504199999999883,4.3750000000000386e-06,1.2250151485204697e-05,0.00069379100000000003,786432
65536,measured,60,1,handwritten,0,1.0125e-05,1.275e-05,9.4170000000011467e-06,8.3750000000001358e-06,0.00016774982213973999,0.00065450000000000003,786432
65536,measured,61,0,handwritten,0,1.025e-05,5.2909999999999998e-06,9.2499999999988425e-06,4.5420000000001744e-06,0.00019862502813339233,0.0004215,786432
65536,measured,61,1,generated,0,8.7499999999999992e-06,1.1208e-05,8.0830000000007424e-06,8.4159999999998056e-06,1.2375414371490479e-05,0.00019599999999999999,786432
65536,measured,62,0,generated,0,2.0999999999999999e-05,7.7791000000000001e-05,1.9666999999999255e-05,4.3750000000000386e-06,1.2125354260206223e-05,0.00049683300000000002,786432
65536,measured,62,1,handwritten,0,9.2920000000000001e-06,5.9580000000000004e-06,8.4160000000006729e-06,5.0829999999999105e-06,0.00018337508663535118,0.00050112500000000005,786432
65536,measured,63,0,handwritten,0,2.3207999999999999e-05,6.4579999999999998e-06,2.1541999999999395e-05,5.5839999999998842e-06,1.2208241969347e-05,0.00040458300000000003,786432
65536,measured,63,1,generated,0,9.7089999999999997e-06,1.0416e-05,8.9589999999993564e-06,8.333000000000125e-06,1.2708362191915512e-05,0.000718875,786432
65536,measured,64,0,generated,0,2.3791e-05,7.9580000000000007e-06,2.220899999999873e-05,5.4579999999998519e-06,0.00096191652119159698,0.001373041,786432
65536,measured,64,1,handwritten,0,3.0666000000000001e-05,1.2208000000000001e-05,2.8832999999998943e-05,9.2090000000000401e-06,1.2625008821487427e-05,0.00054354100000000003,786432
65536,measured,65,0,handwritten,0,6.6458000000000006e-05,2.1166999999999999e-05,6.5207999999998892e-05,1.8166999999999923e-05,1.1874828487634659e-05,0.00039595800000000002,786432
65536,measured,65,1,generated,0,0.00090458300000000004,6.9580000000000001e-06,0.00089958300000000067,5.5839999999998842e-06,1.2833625078201294e-05,0.001762333,786432
65536,measured,66,0,generated,0,1.0375e-05,1.2833000000000001e-05,9.6249999999992175e-06,1.0165999999999821e-05,1.2000091373920441e-05,0.00040945800000000002,786432
65536,measured,66,1,handwritten,0,2.2959000000000002e-05,9.3749999999999992e-06,2.1583000000000366e-05,7.5000000000001281e-06,1.2166332453489304e-05,0.00033087500000000001,786432
65536,measured,67,0,handwritten,0,2.8458000000000001e-05,5.4292000000000001e-05,2.7041000000000218e-05,5.229199999999979e-05,2.9291491955518723e-05,0.00034262499999999999,786432
65536,measured,67,1,generated,0,1.375e-05,1.5333e-05,1.2708999999999637e-05,1.2166000000000086e-05,1.2374948710203171e-05,0.00075699999999999997,786432
65536,measured,68,0,generated,0,2.7042e-05,1.5208000000000001e-05,2.4457999999999772e-05,1.1333999999999997e-05,0.0011280002072453499,0.0029566670000000001,786432
65536,measured,68,1,handwritten,0,2.2291999999999999e-05,6.7089999999999996e-06,2.087500000000006e-05,4.7499999999999799e-06,1.2625008821487427e-05,0.00048775000000000001,786432
65536,measured,69,0,handwritten,0,2.6625e-05,6.5409999999999997e-06,2.3250000000000701e-05,5.6249999999999876e-06,1.2208241969347e-05,0.00043875000000000001,786432
65536,measured,69,1,generated,0,3.7833000000000002e-05,1.3417e-05,3.6833000000000005e-05,9.4999999999999599e-06,1.1958647519350052e-05,0.00057899999999999998,786432
65536,measured,70,0,generated,0,3.4041999999999997e-05,2.2792000000000001e-05,3.2499000000000069e-05,4.9590000000001265e-06,3.9541628211736679e-05,0.00031341700000000002,786432
65536,measured,70,1,handwritten,0,1.4209000000000001e-05,4.7079999999999996e-06,1.3415999999998734e-05,3.9580000000000864e-06,1.2250151485204697e-05,0.00042700000000000002,786432
65536,measured,71,0,handwritten,0,8.3329999999999997e-06,1.1959e-05,7.6670000000011312e-06,8.333000000000125e-06,4.5835040509700775e-06,0.000442416,786432
65536,measured,71,1,generated,0,6.9499999999999995e-05,5.2079999999999999e-06,6.7833999999999256e-05,4.2919999999999243e-06,4.791654646396637e-06,0.00031883399999999999,786432
65536,measured,72,0,generated,0,1.1541e-05,9.5829999999999996e-06,1.0750000000000343e-05,7.3329999999999923e-06,4.6249479055404663e-06,0.00023258299999999999,786432
65536,measured,72,1,handwritten,0,1.7416000000000001e-05,1.0375e-05,1.6125000000000514e-05,8.7920000000000879e-06,4.5835040509700775e-06,0.00026029100000000001,786432
65536,measured,73,0,handwritten,0,1.7750000000000001e-05,1.1875000000000001e-05,1.5875000000000264e-05,8.6249999999999521e-06,0.00030612526461482048,0.00057174999999999999,786432
65536,measured,73,1,generated,0,9.5829999999999996e-06,1.0916e-05,8.5829999999995077e-06,8.7920000000000879e-06,4.9998052418231964e-06,0.00038495800000000002,786432
65536,measured,74,0,generated,0,2.1375000000000001e-05,9.7089999999999997e-06,2.00830000000006e-05,7.8330000000000587e-06,4.7497451305389404e-06,0.000338208,786432
65536,measured,74,1,handwritten,0,2.0874999999999999e-05,6.6669999999999999e-06,1.9374000000000821e-05,4.9999999999997963e-06,6.4000021666288376e-05,0.000264708,786432
65536,measured,75,0,handwritten,0,2.2124999999999999e-05,9.0829999999999993e-06,2.033300000000085e-05,7.5000000000001281e-06,4.7502107918262482e-06,0.00030624999999999999,786432
65536,measured,75,1,generated,0,9.5419999999999994e-06,9.6250000000000002e-06,8.8749999999984674e-06,8.1669999999998966e-06,4.625413566827774e-06,0.000330417,786432
65536,measured,76,0,generated,0,2.1458999999999999e-05,1.2542e-05,1.9999999999999185e-05,9.4999999999999599e-06,4.6663917601108551e-06,0.0010450419999999999,786432
65536,measured,76,1,handwritten,0,2.2917000000000001e-05,8.4999999999999999e-06,2.162500000000081e-05,7.083000000000176e-06,5.5832788348197937e-06,0.00029333400000000002,786432
65536,measured,77,0,handwritten,0,1.9916999999999999e-05,8.7499999999999992e-06,1.8584000000000309e-05,7.2919999999998888e-06,4.7083012759685516e-06,0.000237125,786432
65536,measured,77,1,generated,0,2.2167e-05,8.0830000000000004e-06,2.087500000000006e-05,6.8329999999999259e-06,4.6249479055404663e-06,0.00028366699999999998,786432
65536,measured,78,0,generated,0,1.8167000000000001e-05,8.2500000000000006e-06,1.6916999999999974e-05,6.7909999999999152e-06,4.6249479055404663e-06,0.00033512499999999997,786432
65536,measured,78,1,handwritten,0,2.1665999999999999e-05,1.0542e-05,2.0416000000000531e-05,8.7089999999999737e-06,4.8750080168247223e-06,0.000288041,786432
65536,measured,79,0,handwritten,0,2.0250000000000001e-05,1.6124999999999999e-05,1.8791000000000641e-05,6.4169999999998811e-06,4.6249479055404663e-06,0.00027616700000000001,786432
65536,measured,79,1,generated,0,1.9874999999999999e-05,4.6125000000000003e-05,1.8373999999999821e-05,4.1832999999999801e-05,4.8750080168247223e-06,0.00054575000000000001,786432
65536,measured,80,0,generated,0,2.4791e-05,2.7208000000000001e-05,2.3290999999999937e-05,1.1499999999999792e-05,4.8330985009670258e-06,0.00037920800000000002,786432
65536,measured,80,1,handwritten,0,1.1583000000000001e-05,0.000141583,1.0750000000000343e-05,0.00013904199999999981,6.666872650384903e-06,0.00096545799999999998,786432
65536,measured,81,0,handwritten,0,2.3125e-05,7.4170000000000003e-06,2.2249999999999701e-05,5.6669999999999984e-06,7.7914446592330933e-06,0.000899375,786432
65536,measured,81,1,generated,0,1.9791000000000001e-05,1.2084e-05,1.8083000000000335e-05,9.2920000000001543e-06,4.8750080168247223e-06,0.00038916599999999998,786432
65536,measured,82,0,generated,0,2.4749999999999999e-05,9.3330000000000003e-06,2.3333000000000381e-05,7.7079999999999337e-06,4.7502107918262482e-06,0.00033920899999999998,786432
65536,measured,82,1,handwritten,0,2.4584e-05,6.3749999999999999e-06,2.3333000000000381e-05,5.2080000000000355e-06,4.7497451305389404e-06,0.00026866699999999999,786432
65536,measured,83,0,handwritten,0,2.3084000000000001e-05,6.9160000000000004e-06,2.1500000000000685e-05,5.4590000000001929e-06,4.6249479055404663e-06,0.00050675000000000004,786432
65536,measured,83,1,generated,0,1.1124999999999999e-05,1.5084e-05,1.0334000000000731e-05,1.4124999999999815e-05,3.9374921470880508e-05,0.00058970799999999999,786432
65536,measured,84,0,generated,0,3.1000000000000001e-05,1.0875e-05,1.7999000000001181e-05,8.5829999999999414e-06,7.3746778070926666e-06,0.001092375,786432
65536,measured,84,1,handwritten,0,8.2416999999999994e-05,5.417e-06,9.7090000000001064e-06,4.6249999999998549e-06,4.6663917601108551e-06,0.00030650000000000002,786432
65536,measured,85,0,handwritten,0,8.3750000000000003e-06,4.2919999999999997e-06,7.7489999999996034e-06,3.791999999999858e-06,4.5835040509700775e-06,0.00016595800000000001,786432
65536,measured,85,1,generated,0,8.1249999999999993e-06,4.2919999999999997e-06,7.4169999999991465e-06,3.7909999999999507e-06,4.6663917601108551e-06,0.00019841699999999999,786432
65536,measured,86,0,generated,0,8.5839999999999995e-06,4.1250000000000003e-06,7.9579999999988826e-06,3.6250000000001559e-06,4.6249479055404663e-06,0.00017620900000000001,786432
65536,measured,86,1,handwritten,0,9.3749999999999992e-06,4.6249999999999998e-06,8.4579999999993827e-06,4.0830000000002115e-06,4.6249479055404663e-06,0.000164916,786432
65536,measured,87,0,handwritten,0,8.3329999999999997e-06,7.4580000000000004e-06,7.5840000000014507e-06,6.9169999999999475e-06,4.6249479055404663e-06,0.00017620799999999999,786432
65536,measured,87,1,generated,0,8.9160000000000007e-06,4.7500000000000003e-06,8.1669999999998966e-06,3.916999999999983e-06,4.7083012759685516e-06,0.00017070799999999999,786432
65536,measured,88,0,generated,0,8.6249999999999996e-06,4.5000000000000001e-06,7.959000000000091e-06,3.9580000000000864e-06,4.6663917601108551e-06,0.00020004199999999999,786432
65536,measured,88,1,handwritten,0,8.1669999999999999e-06,1.1875000000000001e-05,7.5010000000000354e-06,1.1166999999999861e-05,4.6249479055404663e-06,0.00023837500000000001,786432
65536,measured,89,0,handwritten,0,8.7499999999999992e-06,4.1250000000000003e-06,8.0420000000015063e-06,3.6250000000001559e-06,4.6668574213981628e-06,0.00020024999999999999,786432
65536,measured,89,1,generated,0,7.7500000000000003e-06,4.4580000000000003e-06,6.9159999999991728e-06,3.916999999999983e-06,4.6249479055404663e-06,0.00022041699999999999,786432
65536,measured,90,0,generated,0,8.541e-06,1.075e-05,7.9160000000001729e-06,1.008300000000014e-05,4.7083012759685516e-06,0.00018308300000000001,786432
65536,measured,90,1,handwritten,0,8.4709000000000005e-05,1.1542000000000001e-05,8.3750000000000491e-05,8.3750000000001358e-06,4.541594535112381e-06,0.00031191699999999999,786432
65536,measured,91,0,handwritten,0,3.2084e-05,1.9375e-05,2.9457999999999568e-05,5.999999999999929e-06,0.00030954182147979736,0.000751459,786432
65536,measured,91,1,generated,0,1.0458e-05,1.1375e-05,9.5410000000000633e-06,8.082999999999875e-06,0.00011237524449825287,0.00044983300000000001,786432
65536,measured,92,0,generated,0,2.4833000000000001e-05,8.541e-06,2.354199999999966e-05,7.5000000000001281e-06,4.6668574213981628e-06,0.00031216600000000001,786432
65536,measured,92,1,handwritten,0,9.2089999999999994e-06,4.4170000000000002e-06,8.4160000000006729e-06,3.8749999999999722e-06,4.7497451305389404e-06,0.00028333399999999999,786432
65536,measured,93,0,handwritten,0,8.2090000000000005e-06,4.3749999999999996e-06,7.5420000000010062e-06,3.8749999999999722e-06,4.6663917601108551e-06,0.00024412500000000001,786432
65536,measured,93,1,generated,0,8.208e-06,2.7042e-05,7.5420000000010062e-06,2.4875000000000157e-05,4.7497451305389404e-06,0.00022829099999999999,786432
65536,measured,94,0,generated,0,8.4589999999999998e-06,4.5000000000000001e-06,7.5420000000010062e-06,3.9160000000000757e-06,4.5830383896827698e-06,0.000184542,786432
65536,measured,94,1,handwritten,0,9.2080000000000006e-06,5.0409999999999997e-06,8.2499999999995771e-06,4.3750000000000386e-06,4.7497451305389404e-06,0.00018458299999999999,786432
65536,measured,95,0,handwritten,0,2.075e-05,1.5375000000000001e-05,1.9125999999999518e-05,1.3667000000000193e-05,5.0002709031105042e-06,0.00027483299999999999,786432
65536,measured,95,1,generated,0,3.2499999999999997e-05,1.2292e-05,3.1042000000000222e-05,1.0249999999999843e-05,4.5835040509700775e-06,0.00035,786432
65536,measured,96,0,generated,0,3.7583999999999998e-05,7.3329999999999999e-06,3.6624999999998464e-05,6.7499999999998117e-06,4.7502107918262482e-06,0.00036166699999999998,786432
65536,measured,96,1,handwritten,0,1.0042e-05,5.6659999999999996e-06,9.1250000000004522e-06,5.0419999999998071e-06,8.9874956756830215e-05,0.00048495800000000001,786432
65536,measured,97,0,handwritten,0,2.2416999999999999e-05,5.75e-06,2.162500000000081e-05,4.9999999999997963e-06,4.7502107918262482e-06,0.00036883400000000001,786432
65536,measured,97,1,generated,0,1.8499999999999999e-05,4.7079999999999996e-06,1.7875000000000529e-05,4.1249999999997886e-06,4.8750080168247223e-06,0.00028745799999999998,786432
65536,measured,98,0,generated,0,8.4579999999999993e-06,1.4e-05,7.7500000000008118e-06,1.3209000000000137e-05,4.541594535112381e-06,0.00021516699999999999,786432
65536,measured,98,1,handwritten,0,8.7919999999999998e-06,4.3329999999999998e-06,8.0410000000002979e-06,3.791999999999858e-06,4.7083012759685516e-06,0.00018550000000000001,786432
65536,measured,99,0,handwritten,0,1.6500000000000001e-05,4.5410000000000002e-06,1.5625000000000014e-05,4.042000000000108e-06,4.5835040509700775e-06,0.00023374999999999999,786432
65536,measured,99,1,generated,0,8.9169999999999995e-06,4.2910000000000001e-06,8.2080000000008674e-06,3.8749999999999722e-06,4.7083012759685516e-06,0.00020466700000000001,786432
1048576,warmup,0,0,generated,0,0.0023713749999999998,0.00063041699999999998,0.0023645009999999998,0.00062937500000000016,0.00011075008660554886,0.0037996250000000001,12582912
1048576,warmup,0,1,handwritten,0,0.00040912499999999998,0.00011220799999999999,0.00040641599999999972,9.1374999999999876e-05,0.00011737504974007607,0.0010562499999999999,12582912
1048576,warmup,1,0,handwritten,0,0.00024983299999999998,6.9417000000000003e-05,0.0002483749999999986,6.8791999999999812e-05,0.00084954174235463142,0.001323042,12582912
1048576,warmup,1,1,generated,0,0.00018062500000000001,0.00014837499999999999,0.0001771660000000029,0.00014504200000000017,0.00011937506496906281,0.00076070800000000002,12582912
1048576,warmup,2,0,generated,0,0.00045425000000000001,0.00017016700000000001,0.00045129199999999897,0.00016675000000000023,0.00013737473636865616,0.001105417,12582912
1048576,warmup,2,1,handwritten,0,0.00015954200000000001,8.3584000000000005e-05,0.00015858300000000033,8.2750000000000358e-05,0.00011650007218122482,0.00059366699999999998,12582912
1048576,warmup,3,0,handwritten,0,0.00016137500000000001,9.1959000000000005e-05,0.00016062500000000104,8.975000000000042e-05,0.00011533312499523163,0.00057729199999999997,12582912
1048576,warmup,3,1,generated,0,0.00016233299999999999,8.0333000000000005e-05,0.00016149999999999845,7.9708000000000383e-05,0.00033662514761090279,0.00080150000000000002,12582912
1048576,warmup,4,0,generated,0,0.00018895899999999999,0.00038004199999999998,0.00018775000000000042,0.000376459,0.001483541913330555,0.0026069169999999998,12582912
1048576,warmup,4,1,handwritten,0,0.00097533299999999999,0.00017216700000000001,0.00097074999999999939,0.00017100000000000014,0.00014537526294589043,0.001702,12582912
1048576,warmup,5,0,handwritten,0,0.00031895900000000001,0.00011483400000000001,0.00031612399999999749,0.00011320800000000006,0.000177750363945961,0.00081512499999999999,12582912
1048576,warmup,5,1,generated,0,0.000538209,0.00016991700000000001,0.00053120900000000124,0.00016720899999999976,0.00045437505468726158,0.0014527089999999999,12582912
1048576,warmup,6,0,generated,0,0.00017216700000000001,0.00015325000000000001,0.00016862499999999864,0.00015116600000000032,0.00012587476521730423,0.00088058400000000001,12582912
1048576,warmup,6,1,handwritten,0,0.00023004199999999999,0.000191833,0.00022729200000000047,0.00018945799999999999,0.00043116696178913116,0.0010252079999999999,12582912
1048576,warmup,7,0,handwritten,0,0.00088858399999999999,0.000184291,0.00088454199999999858,0.00018070799999999991,0.00012566708028316498,0.0015790419999999999,12582912
1048576,warmup,7,1,generated,0,0.00047929199999999998,0.000179583,0.00047633400000000187,0.00017579200000000014,0.00029924977570772171,0.001220458,12582912
1048576,warmup,8,0,generated,0,0.00021708400000000001,7.6749999999999995e-05,0.00021512500000000004,7.5958999999999575e-05,0.00010970840230584145,0.00067845899999999996,12582912
1048576,warmup,8,1,handwritten,0,0.00031791700000000003,0.00010287499999999999,0.0003159580000000016,0.0001018340000000003,0.00021162489429116249,0.00092787499999999999,12582912
1048576,warmup,9,0,handwritten,0,0.00022170800000000001,8.9084000000000003e-05,0.00021941600000000006,8.8124999999999662e-05,0.00014687515795230865,0.00060629100000000001,12582912
1048576,warmup,9,1,generated,0,0.000213916,0.00023070799999999999,0.00021266699999999972,0.00020191700000000024,0.0001316252164542675,0.001202041,12582912
1048576,measured,0,0,generated,0,0.00026729199999999997,0.00037262500000000002,0.00026474899999999815,0.00037058400000000019,0.00014725001528859138,0.0022622089999999998,12582912
1048576,measured,0,1,handwritten,0,0.00050879099999999997,0.00014216700000000001,0.00050333300000000164,0.00013774999999999985,0.00031999964267015457,0.0014942079999999999,12582912
1048576,measured,1,0,handwritten,0,0.000391791,0.000212167,0.00038762499999999908,0.00017158300000000033,0.00011016707867383957,0.0014187500000000001,12582912
1048576,measured,1,1,generated,0,0.00039891699999999999,0.00015016699999999999,0.00039204099999999922,0.00013933300000000017,0.0003104587085545063,0.0012330419999999999,12582912
1048576,measured,2,0,generated,0,0.000197791,0.00012245800000000001,0.00019433300000000139,0.000120083,0.00012162467464804649,0.00078787499999999995,12582912
1048576,measured,2,1,handwritten,0,0.00047150000000000002,9.9375000000000003e-05,0.00046654100000000087,9.7250000000000114e-05,0.00010812515392899513,0.0010414160000000001,12582912
1048576,measured,3,0,handwritten,0,0.00049191700000000003,0.00012304199999999999,0.00048820800000000039,0.00012041700000000027,0.0002071666531264782,0.0010944590000000001,12582912
1048576,measured,3,1,generated,0,0.00060270799999999998,0.00012866700000000001,0.00059770799999999888,0.00012508400000000013,0.00016612512990832329,0.001611875,12582912
1048576,measured,4,0,generated,0,0.00036979200000000003,0.00013704200000000001,0.00036424999999999999,0.00013470799999999988,0.00026750005781650543,0.001145959,12582912
1048576,measured,4,1,handwritten,0,0.00083341600000000002,0.000153542,0.00080354300000000031,0.00014845800000000062,0.00031962478533387184,0.00167425,12582912
1048576,measured,5,0,handwritten,0,0.00025179100000000002,8.6207999999999999e-05,0.00024825000000000541,8.4083999999999895e-05,0.001442749984562397,0.0020170409999999998,12582912
1048576,measured,5,1,generated,0,0.00092483400000000003,9.4584000000000001e-05,0.00091679100000000013,9.2082999999999748e-05,0.00034366641193628311,0.001695209,12582912
1048576,measured,6,0,generated,0,0.000423583,0.000304708,0.00041941699999999832,0.00030179200000000038,0.00013912469148635864,0.0013545829999999999,12582912
1048576,measured,6,1,handwritten,0,0.00052791700000000003,7.8416000000000003e-05,0.00044637599999999833,7.733300000000061e-05,0.00032308325171470642,0.001130458,12582912
1048576,measured,7,0,handwritten,0,0.000179125,7.0708000000000001e-05,0.00017745899999999787,6.9582999999999798e-05,0.00010824995115399361,0.00059583300000000004,12582912
1048576,measured,7,1,generated,0,0.00048245800000000001,0.00079570900000000002,0.0004802080000000028,0.00079245799999999936,0.00057341670617461205,0.0025812909999999999,12582912
1048576,measured,8,0,generated,0,0.000217875,0.00019458400000000001,0.00021287500000000126,0.00010170900000000017,0.0013381247408688068,0.002100083,12582912
1048576,measured,8,1,handwritten,0,0.00090700000000000004,7.1082999999999997e-05,0.00076683300000000149,7.0291999999999577e-05,0.00017387513071298599,0.001343417,12582912
1048576,measured,9,0,handwritten,0,0.00017395799999999999,7.2166e-05,0.00017312500000000314,7.0957999999999438e-05,0.0001310417428612709,0.00058962499999999998,12582912
1048576,measured,9,1,generated,0,0.00014658299999999999,6.4417000000000003e-05,0.00014554199999999851,6.3792000000000015e-05,0.00010808324441313744,0.00055737500000000004,12582912
1048576,measured,10,0,generated,0,0.00036816699999999997,0.00021791700000000001,0.00036587500000000162,0.00021408300000000033,0.00017875013872981071,0.001185125,12582912
1048576,measured,10,1,handwritten,0,0.00020329199999999999,0.000128417,0.00020158400000000465,0.00012004200000000076,0.00013170810416340828,0.000707334,12582912
1048576,measured,11,0,handwritten,0,0.00113675,0.00016520900000000001,0.0011333750000000059,0.00016083400000000032,0.00011470820754766464,0.001924292,12582912
1048576,measured,11,1,generated,0,0.00019245899999999999,6.2916999999999994e-05,0.00018929100000000115,6.1999999999999555e-05,0.00011366652324795723,0.00065895899999999998,12582912
1048576,measured,12,0,generated,0,0.00015054099999999999,0.00012608300000000001,0.00014962599999999993,0.0001227499999999996,0.00010820850729942322,0.00064558300000000003,12582912
1048576,measured,12,1,handwritten,0,0.00016349999999999999,0.000163375,0.00016195800000000371,0.00015916699999999999,0.0015858747065067291,0.0021553340000000001,12582912
1048576,measured,13,0,handwritten,0,0.00045612499999999999,0.00017441599999999999,0.00044987499999999542,0.00017141600000000062,0.00014337524771690369,0.0010495000000000001,12582912
1048576,measured,13,1,generated,0,0.00021879199999999999,8.3499999999999997e-05,0.00021449999999999941,8.237500000000085e-05,0.00011737504974007607,0.00077891699999999996,12582912
1048576,measured,14,0,generated,0,0.00019366699999999999,7.7707999999999995e-05,0.00019287500000000207,7.6833999999999583e-05,0.00013225013390183449,0.00066745900000000002,12582912
1048576,measured,14,1,handwritten,0,0.000161917,9.5915999999999994e-05,0.00016112499999999808,9.2541999999999278e-05,0.00011512497439980507,0.00062833300000000002,12582912
1048576,measured,15,0,handwritten,0,0.000161958,8.1207999999999999e-05,0.00016020800000000196,7.933299999999914e-05,0.0015259166248142719,0.0019558330000000001,12582912
1048576,measured,15,1,generated,0,0.00015349999999999999,9.3875000000000005e-05,0.00015254200000000551,9.1291999999999762e-05,0.00010912492871284485,0.00062699999999999995,12582912
1048576,measured,16,0,generated,0,0.00023445900000000001,0.00014983299999999999,0.00023087500000000538,0.00014587500000000017,0.00084479153156280518,0.001543792,12582912
1048576,measured,16,1,handwritten,0,0.00020083300000000001,0.00010770800000000001,0.0001963339999999994,0.00010495800000000048,0.00012029148638248444,0.00071095800000000003,12582912
1048576,measured,17,0,handwritten,0,0.00015158399999999999,7.3250000000000005e-05,0.00015079099999999734,7.2374999999999523e-05,0.0003342912532389164,0.00078229199999999997,12582912
1048576,measured,17,1,generated,0,0.00036741699999999998,8.9332999999999993e-05,0.00035112500000000074,8.8582999999999718e-05,0.00011349981650710106,0.00094416699999999999,12582912
1048576,measured,18,0,generated,0,0.00042495899999999998,0.00019554199999999999,0.00042270900000000028,0.00019333300000000039,0.00055850017815828323,0.0014462089999999999,12582912
1048576,measured,18,1,handwritten,0,0.0003635,0.000144208,0.00035770800000000519,0.00014241700000000058,0.00025337515398859978,0.00115,12582912
1048576,measured,19,0,handwritten,0,0.00039524999999999999,0.00014300000000000001,0.00039091699999999757,0.00013970800000000054,0.00013345805928111076,0.00094125000000000003,12582912
1048576,measured,19,1,generated,0,0.000434459,8.8374999999999993e-05,0.0004303339999999975,8.7250000000000522e-05,0.00010945834219455719,0.0011011250000000001,12582912
1048576,measured,20,0,generated,0,0.00017916699999999999,0.00062200000000000005,0.0001779999999999976,0.00062079100000000074,0.00011341692879796028,0.001197542,12582912
1048576,measured,20,1,handwritten,0,0.00020262500000000001,9.1707999999999997e-05,0.00019937600000000111,9.0415999999999414e-05,0.00050987489521503448,0.001020417,12582912
1048576,measured,21,0,handwritten,0,0.00041695799999999999,0.00015829200000000001,0.00041466600000000103,0.00015495800000000018,0.00014887470752000809,0.0011826250000000001,12582912
1048576,measured,21,1,generated,0,0.00027954100000000001,9.4457999999999996e-05,0.00027779300000000534,9.1917000000000387e-05,0.0011661252938210964,0.001864458,12582912
1048576,measured,22,0,generated,0,0.00017954099999999999,0.000116375,0.00017691699999999866,0.00011424999999999977,0.00031966669484972954,0.00088999999999999995,12582912
1048576,measured,22,1,handwritten,0,0.00016104199999999999,9.9875000000000002e-05,0.00016025000000000067,9.883299999999956e-05,0.00011100014671683311,0.00059616699999999999,12582912
1048576,measured,23,0,handwritten,0,0.00014945900000000001,6.3583000000000004e-05,0.0001486670000000051,6.2667000000000625e-05,0.00010875007137656212,0.000528459,12582912
1048576,measured,23,1,generated,0,0.000150166,6.4250000000000003e-05,0.00014929099999999584,6.3499999999999321e-05,0.00010891677811741829,0.000562833,12582912
1048576,measured,24,0,generated,0,0.000166,0.00014287499999999999,0.00016362500000000058,0.0001405,0.00012012477964162827,0.00075175000000000003,12582912
1048576,measured,24,1,handwritten,0,0.00076237500000000003,0.000172375,0.00075737499999999763,0.00016904199999999946,0.00028887484222650528,0.001506416,12582912
1048576,measured,25,0,handwritten,0,0.000197209,7.9250000000000002e-05,0.00019604100000000096,7.758300000000086e-05,0.00012587523087859154,0.00061687500000000002,12582912
1048576,measured,25,1,generated,0,0.000326375,8.7625000000000002e-05,0.00030962500000000087,8.6833999999999176e-05,0.00012087495997548103,0.00085308300000000003,12582912
1048576,measured,26,0,generated,0,0.00024358299999999999,8.1458000000000005e-05,0.00024141700000000071,8.058300000000039e-05,0.00011358316987752914,0.00074350000000000002,12582912
1048576,measured,26,1,handwritten,0,0.00016075,6.7916000000000005e-05,0.00015991700000000247,6.7083000000000767e-05,0.00012299977242946625,0.00056354099999999998,12582912
1048576,measured,27,0,handwritten,0,0.000194833,7.2540999999999995e-05,0.00019241700000000028,7.1791999999999342e-05,0.00011291680857539177,0.00060279099999999998,12582912
1048576,measured,27,1,generated,0,0.00022550000000000001,0.00013341699999999999,0.00022283299999999867,0.00012983400000000055,0.0010736249387264252,0.0017341660000000001,12582912
1048576,measured,28,0,generated,0,0.00039225000000000002,0.00029095800000000002,0.00038850099999999943,0.00028899999999999933,0.00013979198411107063,0.001323,12582912
1048576,measured,28,1,handwritten,0,0.00042295899999999999,7.4417000000000003e-05,0.00041808299999999965,7.3125000000000273e-05,0.00036945799365639687,0.001131792,12582912
1048576,measured,29,0,handwritten,0,0.00017170900000000001,8.3917000000000003e-05,0.00017087499999999395,8.2874999999999616e-05,0.00013704178854823112,0.00076041699999999999,12582912
1048576,measured,29,1,generated,0,0.000201583,7.0083e-05,0.00020049999999999929,6.9166000000000713e-05,0.001243208535015583,0.001665541,12582912
1048576,measured,30,0,generated,0,0.00015229100000000001,6.5291999999999998e-05,0.00015141700000000091,6.4583000000000002e-05,0.00010875007137656212,0.00056333299999999995,12582912
1048576,measured,30,1,handwritten,0,0.000352166,0.00032000000000000003,0.00034912499999999874,0.00031745799999999963,0.00045166676864027977,0.001468125,12582912
1048576,measured,31,0,handwritten,0,0.00057499999999999999,0.00018133299999999999,0.00056616699999999937,0.00018037499999999998,0.00012600002810359001,0.0013509170000000001,12582912
1048576,measured,31,1,generated,0,0.000342333,6.7083999999999997e-05,0.00034045799999999488,6.6458000000000142e-05,0.00021870853379368782,0.00083066599999999998,12582912
1048576,measured,32,0,generated,0,0.00016116700000000001,0.00010124999999999999,0.00016012499999999708,9.900000000000013e-05,0.00011450005695223808,0.00063150000000000001,12582912
1048576,measured,32,1,handwritten,0,0.000224875,6.7541999999999998e-05,0.00022345900000000224,6.6708000000000392e-05,0.00095916679129004478,0.0013898339999999999,12582912
1048576,measured,33,0,handwritten,0,0.00024141700000000001,0.000117291,0.00024016599999999999,0.00011379100000000024,0.00029870821163058281,0.00089566699999999995,12582912
1048576,measured,33,1,generated,0,0.00041766699999999998,0.00012516599999999999,0.00040945800000000143,0.00012429200000000154,0.00020783348008990288,0.0010671669999999999,12582912
1048576,measured,34,0,generated,0,0.00039441699999999999,0.00012224999999999999,0.00038774899999999973,0.00012112499999999971,0.00011320831254124641,0.00098133300000000003,12582912
1048576,measured,34,1,handwritten,0,0.000297416,7.8750000000000003e-05,0.00029512500000000025,7.7875000000001554e-05,0.0011334582231938839,0.0016889159999999999,12582912
1048576,measured,35,0,handwritten,0,0.00015349999999999999,6.3083000000000006e-05,0.00015262399999999704,6.2249999999999805e-05,0.00010850001126527786,0.00054675000000000004,12582912
1048576,measured,35,1,generated,0,0.000191917,8.8165999999999996e-05,0.00019091599999999931,8.708400000000116e-05,0.00014187535271048546,0.00086362500000000003,12582912
1048576,measured,36,0,generated,0,0.00017445899999999999,6.8499999999999998e-05,0.0001736249999999967,6.7791000000001073e-05,0.00012054154649376869,0.00063112499999999996,12582912
1048576,measured,36,1,handwritten,0,0.00016891599999999999,0.00014754199999999999,0.00016804200000000019,0.00014320799999999884,0.00013087503612041473,0.00069916599999999998,12582912
1048576,measured,37,0,handwritten,0,0.00037708300000000001,0.00010512499999999999,0.00037166699999999914,0.00010395800000000122,0.00013333326205611229,0.00097008299999999995,12582912
1048576,measured,37,1,generated,0,0.00040566700000000002,7.1458000000000006e-05,0.00039695900000000228,7.0666999999999952e-05,0.00061654159799218178,0.0013032919999999999,12582912
1048576,measured,38,0,generated,0,0.00015504200000000001,7.4499999999999995e-05,0.00015416599999999725,7.3832999999998844e-05,0.00011866679415106773,0.00061129200000000004,12582912
1048576,measured,38,1,handwritten,0,0.000210125,0.000136083,0.00020924999999999416,0.00013508300000000112,0.00012174993753433228,0.00073866700000000003,12582912
1048576,measured,39,0,handwritten,0,0.00035812499999999999,0.00010787500000000001,0.00034804100000000032,0.00010687499999999933,0.00012654159218072891,0.00084650000000000003,12582912
1048576,measured,39,1,generated,0,0.000206333,8.4708000000000003e-05,0.00020379100000000178,8.3915999999999852e-05,0.00012724986299872398,0.00079191600000000004,12582912
1048576,measured,40,0,generated,0,0.00023145800000000001,0.000167959,0.00022941700000000259,0.0001662090000000005,0.00013487506657838821,0.00091583300000000001,12582912
1048576,measured,40,1,handwritten,0,0.00036600000000000001,8.8790999999999997e-05,0.0003606250000000033,8.7415999999999883e-05,0.00036770803853869438,0.0011155830000000001,12582912
1048576,measured,41,0,handwritten,0,0.00036379099999999997,0.00011670799999999999,0.00036108299999999816,0.00011575000000000127,0.0001310417428612709,0.00088445799999999997,12582912
1048576,measured,41,1,generated,0,0.00030095799999999999,7.8250000000000005e-05,0.00029908300000000554,7.7375000000001054e-05,0.00014179153367877007,0.00072645800000000003,12582912
1048576,measured,42,0,generated,0,0.00020295799999999999,0.000106292,0.00020150000000000723,0.00010529100000000041,0.00018425006419420242,0.00066200000000000005,12582912
1048576,measured,42,1,handwritten,0,0.000168667,7.4332999999999995e-05,0.00016787499999999789,7.3625000000000773e-05,0.00011870823800563812,0.00057470899999999996,12582912
1048576,measured,43,0,handwritten,0,0.00016054200000000001,0.00010366600000000001,0.00015966600000000275,0.00010262499999999855,0.00011137500405311584,0.00063024999999999995,12582912
1048576,measured,43,1,generated,0,0.000207042,0.000107167,0.00020616699999999322,0.00010483400000000156,0.00058158347383141518,0.0010690420000000001,12582912
1048576,measured,44,0,generated,0,0.000288416,8.7083000000000006e-05,0.00028187500000000087,8.6042000000001451e-05,0.0001771249808371067,0.00080316600000000001,12582912
1048576,measured,44,1,handwritten,0,0.000234625,0.00022866600000000001,0.00023183300000000073,0.00022779100000000149,0.0001127501018345356,0.00089225000000000003,12582912
1048576,measured,45,0,handwritten,0,0.00024929200000000002,0.000137,0.00024504200000000087,0.0001360000000000007,0.00026604160666465759,0.00082854200000000004,12582912
1048576,measured,45,1,generated,0,0.00015458299999999999,7.3957999999999999e-05,0.00015337599999999674,7.3416999999999233e-05,0.00011158362030982971,0.00068837499999999997,12582912
1048576,measured,46,0,generated,0,0.00025837499999999998,8.0624999999999995e-05,0.00025741800000000925,7.974999999999996e-05,0.0010667499154806137,0.001581542,12582912
1048576,measured,46,1,handwritten,0,0.00029724999999999999,0.000122459,0.00029162500000000369,0.000119082999999999,0.00012512458488345146,0.00087641699999999999,12582912
1048576,measured,47,0,handwritten,0,0.00023495800000000001,8.9124999999999998e-05,0.00023195799999999045,8.7832999999998967e-05,0.00025375001132488251,0.00076774999999999999,12582912
1048576,measured,47,1,generated,0,0.00016795800000000001,7.1874999999999999e-05,0.0001670839999999979,7.1124999999998273e-05,0.00012625008821487427,0.00063679199999999996,12582912
1048576,measured,48,0,generated,0,0.00016937500000000001,9.7625000000000001e-05,0.00016854199999999375,9.6915999999998975e-05,0.00013300031423568726,0.000664042,12582912
1048576,measured,48,1,handwritten,0,0.00019808299999999999,6.7125000000000005e-05,0.00019729200000000169,6.6416999999999171e-05,0.00011245813220739365,0.00062537499999999995,12582912
1048576,measured,49,0,handwritten,0,0.00015412499999999999,6.5417000000000001e-05,0.00015312500000000395,6.4749999999998836e-05,0.00010795844718813896,0.00054295899999999998,12582912
1048576,measured,49,1,generated,0,0.00023495800000000001,0.00012720799999999999,0.00023391700000000015,0.00012620799999999918,0.0012565418146550655,0.001913583,12582912
1048576,measured,50,0,generated,0,0.00042204200000000002,0.000108292,0.00042037600000000008,0.00010741699999999854,0.00013487506657838821,0.001074417,12582912
1048576,measured,50,1,handwritten,0,0.00028179099999999999,0.00012375,0.0002788339999999917,0.00012262500000000121,0.00011845817789435387,0.00079908300000000002,12582912
1048576,measured,51,0,handwritten,0,0.00021550000000000001,8.8250000000000004e-05,0.00021437499999998888,8.7375000000000647e-05,0.00011149980127811432,0.00077916599999999997,12582912
1048576,measured,51,1,generated,0,0.00025308299999999998,7.7958000000000001e-05,0.00025200000000000222,7.7082999999998625e-05,0.00079016666859388351,0.001294667,12582912
1048576,measured,52,0,generated,0,0.00015699999999999999,6.6500000000000004e-05,0.00015595899999999718,6.5584000000000475e-05,0.00011137500405311584,0.00057649999999999997,12582912
1048576,measured,52,1,handwritten,0,0.00027220800000000002,9.4791999999999996e-05,0.00027066700000000221,9.4041999999999043e-05,0.0001299581490457058,0.00069783300000000003,12582912
1048576,measured,53,0,handwritten,0,0.000160333,0.000113791,0.00015937500000000326,0.00011295799999999981,0.00011112494394183159,0.00060654100000000005,12582912
1048576,measured,53,1,generated,0,0.00019083300000000001,0.0001005,0.00018987500000000601,9.9583999999999784e-05,0.00015450036153197289,0.00083850000000000005,12582912
1048576,measured,54,0,generated,0,0.00048487500000000001,0.00016845799999999999,0.00047691699999999337,0.00016729199999999944,0.00027387496083974838,0.001252083,12582912
1048576,measured,54,1,handwritten,0,0.00027683299999999998,7.8292000000000002e-05,0.00027487499999999387,7.7500000000001179e-05,0.00070775020867586136,0.0012271669999999999,12582912
1048576,measured,55,0,handwritten,0,0.000186334,0.000152583,0.00018558300000000305,0.00015154100000000156,0.00011987518519163132,0.00081816699999999996,12582912
1048576,measured,55,1,generated,0,0.000177708,6.3125000000000003e-05,0.00017666699999999147,6.2209000000000569e-05,0.00019541662186384201,0.00060304200000000003,12582912
1048576,measured,56,0,generated,0,0.000147875,6.2958000000000003e-05,0.00014704200000000001,6.212499999999968e-05,0.00011924980208277702,0.00047800000000000002,12582912
1048576,measured,56,1,handwritten,0,0.00014837499999999999,6.5333000000000006e-05,0.00014754100000000103,6.4583000000000002e-05,0.00010754168033599854,0.00052212500000000002,12582912
1048576,measured,57,0,handwritten,0,0.00015358400000000001,0.000125375,0.00015274999999999317,0.00012179099999999957,0.00011445814743638039,0.00061087499999999998,12582912
1048576,measured,57,1,generated,0,0.00045687499999999998,8.5457999999999994e-05,0.00043866700000000369,8.4291000000000227e-05,0.0002832501195371151,0.001085208,12582912
1048576,measured,58,0,generated,0,0.00031991700000000002,6.525e-05,0.0003176669999999937,6.4624999999998711e-05,0.00020470842719078064,0.00075529199999999996,12582912
1048576,measured,58,1,handwritten,0,0.00061820799999999997,0.000113084,0.00061104200000000608,0.00011166699999999932,0.00012791668996214867,0.001097167,12582912
1048576,measured,59,0,handwritten,0,0.00017958399999999999,6.7874999999999996e-05,0.00017875000000000529,6.7332999999999282e-05,0.00021833321079611778,0.00059433399999999996,12582912
1048576,measured,59,1,generated,0,0.00015895800000000001,7.3917000000000004e-05,0.00015766600000000075,7.3166999999998983e-05,0.00011558365076780319,0.00059133299999999998,12582912
1048576,measured,60,0,generated,0,0.00016070900000000001,7.1792000000000007e-05,0.00015995800000000171,7.1207999999999688e-05,0.00012575043365359306,0.000652584,12582912
1048576,measured,60,1,handwritten,0,0.00019445899999999999,0.00030408300000000002,0.00019341700000000128,0.00028491699999999912,0.0015662084333598614,0.0023753340000000002,12582912
1048576,measured,61,0,handwritten,0,0.00027595899999999999,0.00011445799999999999,0.00027316700000000471,0.00011200000000000099,0.00014537526294589043,0.00080737500000000004,12582912
1048576,measured,61,1,generated,0,0.00017929099999999999,6.4833999999999996e-05,0.00017595800000000383,6.4125000000001681e-05,0.00013087503612041473,0.00056737499999999995,12582912
1048576,measured,62,0,generated,0,0.000160042,7.6375e-05,0.00015920900000000737,7.5833000000000844e-05,0.00013375002890825272,0.00052683299999999999,12582912
1048576,measured,62,1,handwritten,0,0.000232959,0.00010016700000000001,0.00023225000000000329,9.933300000000006e-05,0.00011637527495622635,0.00072479200000000004,12582912
1048576,measured,63,0,handwritten,0,0.000188791,7.7750000000000006e-05,0.00018770899999999424,7.6708000000001719e-05,0.001547208521515131,0.0020642080000000001,12582912
1048576,measured,63,1,generated,0,0.00016166600000000001,6.5875000000000002e-05,0.00016087500000000476,6.5042000000001265e-05,0.00011325022205710411,0.00058008300000000001,12582912
1048576,measured,64,0,generated,0,0.00089758299999999997,0.00010012499999999999,0.00089524900000000074,9.90410000000011e-05,0.00012666638940572739,0.0015885000000000001,12582912
1048576,measured,64,1,handwritten,0,0.000239958,8.0709000000000003e-05,0.00023883400000000721,8.0083000000001625e-05,0.00012600002810359001,0.00076462500000000001,12582912
1048576,measured,65,0,handwritten,0,0.00016854199999999999,8.9375000000000004e-05,0.00016783300000000612,8.8582999999999718e-05,0.00011825002729892731,0.00058604200000000005,12582912
1048576,measured,65,1,generated,0,0.00025500000000000002,6.3874999999999994e-05,0.00025408300000000217,6.3334000000001694e-05,0.00011074962094426155,0.00058987500000000001,12582912
1048576,measured,66,0,generated,0,0.000163041,6.9790999999999996e-05,0.00016220900000001037,6.8874999999999492e-05,0.0001205001026391983,0.00059354099999999995,12582912
1048576,measured,66,1,handwritten,0,0.00026875,0.00027195799999999999,0.00026808300000000229,0.00026816699999999971,0.00097324978560209274,0.001662792,12582912
1048576,measured,67,0,handwritten,0,0.00027012500000000002,0.00014254200000000001,0.00026650100000000232,0.00013837499999999961,0.00012725032866001129,0.00088383400000000001,12582912
1048576,measured,67,1,generated,0,0.00038870799999999998,0.00014233400000000001,0.00038308300000000628,0.00013904199999999894,0.00013037538155913353,0.0010652909999999999,12582912
1048576,measured,68,0,generated,0,0.00029020800000000002,0.000135375,0.00028745799999999044,0.00013420800000000024,9.541679173707962e-05,0.00094358300000000001,12582912
1048576,measured,68,1,handwritten,0,0.00024433400000000002,0.00022791599999999999,0.00024354199999999937,0.00022412499999999863,0.00012079207226634026,0.00096412500000000003,12582912
1048576,measured,69,0,handwritten,0,0.0004415,0.00014995899999999999,0.00043829199999999291,0.00014683299999999899,0.00010966649278998375,0.001098917,12582912
1048576,measured,69,1,generated,0,0.00020070799999999999,0.00013845799999999999,0.00018941599999999781,0.00013554199999999891,0.00011454150080680847,0.00078291700000000005,12582912
1048576,measured,70,0,generated,0,0.00026658399999999999,0.00011058299999999999,0.00026224999999999166,9.0584000000001191e-05,0.00043558329343795776,0.001310542,12582912
1048576,measured,70,1,handwritten,0,0.0002095,0.00013187499999999999,0.00020691700000000091,0.00012958299999999909,0.00011250004172325134,0.00073579199999999998,12582912
1048576,measured,71,0,handwritten,0,0.00036333300000000003,0.00015854199999999999,0.00035391599999999579,0.00015416600000000072,0.00010470813140273094,0.001061542,12582912
1048576,measured,71,1,generated,0,0.00037974999999999999,0.000111875,0.00037408199999999781,0.00010945899999999925,0.00011112494394183159,0.00093545800000000001,12582912
1048576,measured,72,0,generated,0,0.00015683299999999999,0.000125542,0.00015566699999999822,0.00012324999999999836,0.00010824995115399361,0.00071812500000000001,12582912
1048576,measured,72,1,handwritten,0,0.000391667,0.00016383399999999999,0.00038679199999999692,0.00015824999999999867,0.0012068748474121094,0.0021763749999999999,12582912
1048576,measured,73,0,handwritten,0,0.00021304200000000001,0.000121959,0.00020979100000000084,0.00011945899999999884,0.0001254999078810215,0.00076720900000000003,12582912
1048576,measured,73,1,generated,0,0.00020891700000000001,7.25e-05,0.00020658300000001018,7.1457999999999938e-05,0.00020537478849291801,0.00066641699999999999,12582912
1048576,measured,74,0,generated,0,0.00014925,6.5041000000000003e-05,0.00014824900000000307,6.3792000000000015e-05,0.00011183321475982666,0.00048624999999999997,12582912
1048576,measured,74,1,handwritten,0,0.00015808400000000001,7.1709000000000001e-05,0.00015720899999999149,7.0666999999999952e-05,0.0001093749888241291,0.00053595900000000002,12582912
1048576,measured,75,0,handwritten,0,0.00017891700000000001,0.00014591699999999999,0.00017745900000000481,0.00014512499999999942,0.00011879159137606621,0.00067508399999999995,12582912
1048576,measured,75,1,generated,0,0.00027575000000000001,0.00023575000000000001,0.00027412500000000006,0.000230292,0.00090950028970837593,0.001683417,12582912
1048576,measured,76,0,generated,0,0.00031108399999999999,0.000166625,0.00030820900000000373,0.00016304199999999866,0.00014024972915649414,0.00096491700000000003,12582912
1048576,measured,76,1,handwritten,0,0.000266791,9.4209000000000006e-05,0.00026458399999999827,9.3083000000000748e-05,0.00011124974116683006,0.00071849999999999995,12582912
1048576,measured,77,0,handwritten,0,0.00019149999999999999,0.000103541,0.00019070899999999724,0.00010137500000000077,0.00022345827892422676,0.00066258300000000001,12582912
1048576,measured,77,1,generated,0,0.000315333,0.00010029199999999999,0.00030970800000000576,9.9208999999999409e-05,0.00012108311057090759,0.00087058299999999997,12582912
1048576,measured,78,0,generated,0,0.00036404200000000002,8.5624999999999994e-05,0.00036166700000000995,8.4207999999998812e-05,0.00093529187142848969,0.001607959,12582912
1048576,measured,78,1,handwritten,0,0.00032858399999999998,0.00015041699999999999,0.00032008399999999826,0.00014754200000000051,0.00012070871889591217,0.00091675000000000003,12582912
1048576,measured,79,0,handwritten,0,0.00033024999999999998,9.1292000000000006e-05,0.00032624900000000068,8.9583000000000718e-05,0.0001277499832212925,0.00085758299999999998,12582912
1048576,measured,79,1,generated,0,0.00021566700000000001,6.9125e-05,0.0002125830000000023,6.8291000000001573e-05,0.00012012477964162827,0.00068920799999999996,12582912
1048576,measured,80,0,generated,0,0.00017066600000000001,0.00011574999999999999,0.00016983299999999424,0.00011308299999999993,0.00011874968186020851,0.00070812499999999999,12582912
1048576,measured,80,1,handwritten,0,0.000169166,9.6874999999999997e-05,0.00016799899999998813,9.6167000000001168e-05,0.00011062482371926308,0.00068420799999999995,12582912
1048576,measured,81,0,handwritten,0,0.00025437499999999999,8.2292000000000004e-05,0.00025329200000000218,8.0416999999999295e-05,0.0016146665439009666,0.0021749999999999999,12582912
1048576,measured,81,1,generated,0,0.00047249999999999999,7.7958000000000001e-05,0.00046862599999999976,7.6750000000000429e-05,0.00014583347365260124,0.0011692079999999999,12582912
1048576,measured,82,0,generated,0,0.00016175,7.3541999999999995e-05,0.00016095800000000271,7.2499999999999648e-05,0.00015066657215356827,0.00055970800000000002,12582912
1048576,measured,82,1,handwritten,0,0.00019775000000000001,6.7333000000000001e-05,0.00019687499999999913,6.6582999999998532e-05,0.00013287505134940147,0.000553,12582912
1048576,measured,83,0,handwritten,0,0.00022179200000000001,0.00015799999999999999,0.00022095900000000668,0.00015425000000000161,0.00011724978685379028,0.00073220900000000005,12582912
1048576,measured,83,1,generated,0,0.000263875,9.3832999999999994e-05,0.00026049999999999685,9.2292000000000762e-05,0.00119750015437603,0.0018315829999999999,12582912
1048576,measured,84,0,generated,0,0.00033770799999999999,0.00022629200000000001,0.00033175000000000565,0.00022424999999999876,0.00020512519404292107,0.0016856670000000001,12582912
1048576,measured,84,1,handwritten,0,0.0011533330000000001,8.3332999999999996e-05,0.0011492089999999983,8.1874999999998616e-05,0.00012258347123861313,0.001726291,12582912
1048576,measured,85,0,handwritten,0,0.00082779200000000005,0.00022091600000000001,0.0008116680000000015,0.00021841699999999853,0.0001205001026391983,0.0023066670000000001,12582912
1048576,measured,85,1,generated,0,0.000197333,0.00023258299999999999,0.00019545800000000946,0.00023162499999999919,0.00012424960732460022,0.00089870800000000002,12582912
1048576,measured,86,0,generated,0,0.00029666700000000002,0.00031745800000000001,0.00029162500000000369,0.00031433399999999945,0.0014579165726900101,0.0024351249999999998,12582912
1048576,measured,86,1,handwritten,0,0.00026112500000000002,0.000105333,0.00025741599999999643,0.00010425000000000018,0.00011937506496906281,0.00093712500000000002,12582912
1048576,measured,87,0,handwritten,0,0.00048041700000000002,0.00032379099999999998,0.0004783750000000031,0.00031966699999999917,0.0001332499086856842,0.0023579579999999998,12582912
1048576,measured,87,1,generated,0,0.00062216599999999995,8.9457999999999996e-05,0.00061849999999999405,8.8499999999998302e-05,0.00011616665869951248,0.0013202909999999999,12582912
1048576,measured,88,0,generated,0,0.00067666700000000005,8.0249999999999999e-05,0.00067312499999999664,7.9333000000000875e-05,0.00068279169499874115,0.001686459,12582912
1048576,measured,88,1,handwritten,0,0.000170125,0.00095120899999999995,0.00016854199999999375,0.00095037499999999983,0.00013337517157196999,0.0016012089999999999,12582912
1048576,measured,89,0,handwritten,0,0.00095233299999999998,0.00059554200000000001,0.00094799999999999052,0.0005941250000000009,0.00011320831254124641,0.0025553749999999999,12582912
1048576,measured,89,1,generated,0,0.00020854099999999999,0.000121916,0.00020524900000000457,0.00012083400000000022,0.00035887537524104118,0.000965583,12582912
1048576,measured,90,0,generated,0,0.00033145800000000002,0.00042729200000000001,0.00032987600000000672,0.00042487500000000164,0.0016942499205470085,0.0042069580000000002,12582912
1048576,measured,90,1,handwritten,0,0.001742375,0.000225083,0.0017377489999999968,0.00022383299999999967,0.00012012477964162827,0.0023741249999999999,12582912
1048576,measured,91,0,handwritten,0,0.00045283399999999999,0.000122667,0.00044987500000000236,0.00011979200000000051,0.0010092500597238541,0.001854334,12582912
1048576,measured,91,1,generated,0,0.00024833400000000001,0.000118958,0.00024237400000000353,0.00011770800000000109,0.00011375034227967262,0.00075141699999999999,12582912
1048576,measured,92,0,generated,0,0.00045675000000000002,0.00018975,0.0004524580000000028,0.00018800000000000067,0.0001149582676589489,0.001658458,12582912
1048576,measured,92,1,handwritten,0,0.00032699999999999998,0.00014620799999999999,0.00032370800000000588,0.00011762499999999967,0.0012488751672208309,0.002183291,12582912
1048576,measured,93,0,handwritten,0,0.00037716600000000001,0.00020358299999999999,0.00037462399999999008,0.00020133300000000146,0.00011658342555165291,0.001003875,12582912
1048576,measured,93,1,generated,0,0.000538292,0.00033825000000000001,0.00053491700000000975,0.00033725000000000074,0.00013687461614608765,0.0016956250000000001,12582912
1048576,measured,94,0,generated,0,0.00018433300000000001,0.00034675,0.00018349999999998923,0.00034391699999999914,0.0015762085095047951,0.0029681249999999998,12582912
1048576,measured,94,1,handwritten,0,0.00044658300000000002,0.00054337500000000002,0.00044241600000000103,0.00043433300000000202,0.0001554582267999649,0.0014363329999999999,12582912
1048576,measured,95,0,handwritten,0,0.00035054200000000002,0.00017162500000000001,0.00034645900000000729,0.00016841599999999762,0.0016324580647051334,0.0026919169999999998,12582912
1048576,measured,95,1,generated,0,0.00052879100000000003,8.9417000000000001e-05,0.00052341699999999824,8.8125000000001397e-05,0.0001205001026391983,0.00140675,12582912
1048576,measured,96,0,generated,0,0.00033233299999999998,0.001383291,0.00032716700000000321,0.0013775420000000024,0.0016715000383555889,0.0040840829999999996,12582912
1048576,measured,96,1,handwritten,0,0.000194,7.4790999999999996e-05,0.00019070900000001112,7.3999999999997679e-05,0.00022904155775904655,0.00069808299999999995,12582912
1048576,measured,97,0,handwritten,0,0.00024649999999999997,0.00014954200000000001,0.00024487399999999215,0.00014645800000000209,0.00012537511065602303,0.00093420899999999997,12582912
1048576,measured,97,1,generated,0,0.00036987499999999998,0.00045508300000000001,0.00036804099999999951,0.00045183299999999871,0.0019188751466572285,0.003068875,12582912
1048576,measured,98,0,generated,0,0.00025770799999999999,9.9166000000000006e-05,0.00025354200000000937,9.8041999999999574e-05,0.00011737504974007607,0.00080441599999999996,12582912
1048576,measured,98,1,handwritten,0,0.00019100000000000001,8.3999999999999995e-05,0.00019004200000000138,8.3208000000001281e-05,0.0001143747940659523,0.00064408300000000005,12582912
1048576,measured,99,0,handwritten,0,0.00015924999999999999,7.6124999999999994e-05,0.00015824999999999867,7.5290999999998165e-05,0.00010887486860156059,0.00065745799999999998,12582912
1048576,measured,99,1,generated,0,0.00041812499999999999,0.000207042,0.00041270899999999722,0.00020233299999999899,0.00056299986317753792,0.0019037500000000001,12582912
16777216,warmup,0,0,generated,0,0.036544041999999999,0.018429000000000001,0.036529332999999997,0.018376166999999999,0.0039341254159808159,0.088269333000000005,201326592
16777216,warmup,0,1,handwritten,0,0.013283666,0.0024517089999999998,0.013269624000000008,0.0024455830000000012,0.0032552084885537624,0.019808625,201326592
16777216,warmup,1,0,handwritten,0,0.003285292,0.0019517499999999999,0.0032753339999999909,0.0019464999999999968,0.0016906247474253178,0.007141667,201326592
16777216,warmup,1,1,generated,0,0.002905042,0.0075376660000000002,0.0028967500000000035,0.0075152919999999998,0.0041159996762871742,0.015778207999999998,201326592
16777216,warmup,2,0,generated,0,0.0050594580000000002,0.0035223339999999998,0.0050455839999999919,0.0035144170000000058,0.001962458249181509,0.011383667,201326592
16777216,warmup,2,1,handwritten,0,0.0039162499999999996,0.0041494169999999999,0.0039052910000000052,0.0041425409999999996,0.0018476252444088459,0.010545333,201326592
16777216,warmup,3,0,handwritten,0,0.0088129999999999997,0.0061365830000000001,0.0088032499999999847,0.0061099579999999987,0.0045153750106692314,0.020183957999999998,201326592
16777216,warmup,3,1,generated,0,0.0044908329999999996,0.0099392079999999997,0.0044831250000000045,0.0099331669999999928,0.0076024583540856838,0.022670458000000001,201326592
16777216,warmup,4,0,generated,0,0.0038621670000000001,0.003191583,0.0038509170000000092,0.0031817499999999971,0.0019691251218318939,0.0094440419999999997,201326592
16777216,warmup,4,1,handwritten,0,0.0065937920000000002,0.0066031670000000001,0.0065786260000000041,0.0065980840000000041,0.0022178753279149532,0.015860541999999998,201326592
16777216,warmup,5,0,handwritten,0,0.016535708999999999,0.059880834000000001,0.016516708999999991,0.059874541999999989,0.0020124167203903198,0.082933000000000007,201326592
16777216,warmup,5,1,generated,0,0.13667325,0.022515125,0.13663687400000002,0.022510124999999992,0.001791125163435936,0.161786917,201326592
16777216,warmup,6,0,generated,0,0.0052855410000000004,0.002338667,0.0052611260000000049,0.0023311249999999895,0.00192258320748806,0.010243833000000001,201326592
16777216,warmup,6,1,handwritten,0,0.011951916999999999,0.025471500000000001,0.01194062600000001,0.025435416999999988,0.0020280000753700733,0.040590833,201326592
16777216,warmup,7,0,handwritten,0,0.0058925000000000002,0.0031600830000000002,0.0058802919999999537,0.0031525420000000082,0.0040985001251101494,0.013518083,201326592
16777216,warmup,7,1,generated,0,0.0043733749999999997,0.003043292,0.0043642080000000361,0.0030380409999999913,0.0047627496533095837,0.012767083,201326592
16777216,warmup,8,0,generated,0,0.0080053750000000003,0.0038191660000000001,0.0079763329999999466,0.0038135830000000093,0.0019139167852699757,0.014358457999999999,201326592
16777216,warmup,8,1,handwritten,0,0.010510459,0.0027149169999999999,0.010401124999999956,0.0027095829999999876,0.0019861669279634953,0.015723958999999999,201326592
16777216,warmup,9,0,handwritten,0,0.0049884999999999999,0.003965334,0.0049751670000000026,0.0039593749999999872,0.0019072499126195908,0.011147957999999999,201326592
16777216,warmup,9,1,generated,0,0.0044338329999999999,0.0033808330000000002,0.0044227499999999753,0.0033746669999999979,0.0036625834181904793,0.012058083000000001,201326592
16777216,measured,0,0,generated,0,0.0045698750000000002,0.0014169580000000001,0.0045602499999999879,0.0014142500000000058,0.0017762081697583199,0.0079776250000000003,201326592
16777216,measured,0,1,handwritten,0,0.0031273339999999998,0.0021502499999999998,0.003109291000000014,0.0021473750000000069,0.0016764169558882713,0.0073668340000000001,201326592
16777216,measured,1,0,handwritten,0,0.0025145839999999998,0.0015477080000000001,0.002510750000000006,0.0015340000000000076,0.0016792500391602516,0.0061424590000000003,201326592
16777216,measured,1,1,generated,0,0.0029021250000000002,0.0015233340000000001,0.0028970419999999608,0.0015216660000000048,0.0016598752699792385,0.0063568339999999996,201326592
16777216,measured,2,0,generated,0,0.008011542,0.0028500000000000001,0.0079971249999999383,0.002843750000000006,0.0022117500193417072,0.013555833999999999,201326592
16777216,measured,2,1,handwritten,0,0.0042321249999999998,0.0026438329999999999,0.0042229999999999768,0.0026393749999999994,0.0035916250199079514,0.010931667000000001,201326592
16777216,measured,3,0,handwritten,0,0.0037114169999999998,0.001312,0.0036956660000000419,0.0013092080000000061,0.0019944999366998672,0.0072114170000000003,201326592
16777216,measured,3,1,generated,0,0.003228875,0.0021381659999999999,0.0032234170000000617,0.0021338750000000073,0.002677250187844038,0.0085473330000000007,201326592
16777216,measured,4,0,generated,0,0.0032560000000000002,0.0020016669999999999,0.0032490010000000291,0.0019987089999999874,0.0016432497650384903,0.0073945,201326592
16777216,measured,4,1,handwritten,0,0.0034570410000000001,0.002755375,0.0034508739999999927,0.0027500829999999865,0.0027622496709227562,0.0097257079999999996,201326592
16777216,measured,5,0,handwritten,0,0.0072748329999999996,0.0035080839999999999,0.0072623330000000097,0.003502166000000001,0.0017907083965837955,0.013191625,201326592
16777216,measured,5,1,generated,0,0.0038614579999999999,0.0016873750000000001,0.0038553329999999608,0.001685457999999973,0.0016062082722783089,0.0076478750000000002,201326592
16777216,measured,6,0,generated,0,0.0042544169999999999,0.001686625,0.0042468340000000326,0.0016835000000000044,0.001761291641741991,0.0082144169999999999,201326592
16777216,measured,6,1,handwritten,0,0.0059930000000000001,0.0044373329999999999,0.0059777920000000373,0.0043937909999999802,0.0018783332780003548,0.013305124999999999,201326592
16777216,measured,7,0,handwritten,0,0.0046572499999999999,0.0020719169999999999,0.004646665999999966,0.0020683329999999778,0.0017488747835159302,0.0089628339999999994,201326592
16777216,measured,7,1,generated,0,0.0084422920000000005,0.0026047499999999999,0.0084286249999999674,0.0025982079999999907,0.0019519166089594364,0.013940375,201326592
16777216,measured,8,0,generated,0,0.0098632089999999995,0.0028218750000000002,0.0098495409999999062,0.0028084170000000075,0.0021117082796990871,0.015678750000000002,201326592
16777216,measured,8,1,handwritten,0,0.0033739999999999998,0.001528333,0.0033657910000000069,0.0015255419999999908,0.0017140833660960197,0.0070660419999999998,201326592
16777216,measured,9,0,handwritten,0,0.0051293750000000003,0.001911041,0.0051174999999999971,0.0019063329999999823,0.0018514585681259632,0.0095057079999999999,201326592
16777216,measured,9,1,generated,0,0.01230825,0.0032447079999999998,0.012293123999999933,0.0032377080000000058,0.0048111253418028355,0.020780165999999999,201326592
16777216,measured,10,0,generated,0,0.0067701660000000002,0.0037165840000000002,0.006736999999999993,0.0037115409999999849,0.002695208415389061,0.013577000000000001,201326592
16777216,measured,10,1,handwritten,0,0.013969417,0.0033967910000000001,0.013955125000000068,0.0033932500000000143,0.0017920415848493576,0.019687166999999998,201326592
16777216,measured,11,0,handwritten,0,0.006694167,0.0025859170000000001,0.006685333000000071,0.002579082999999982,0.0046244999393820763,0.014217875,201326592
16777216,measured,11,1,generated,0,0.0065298329999999996,0.0052964580000000004,0.0065107079999999762,0.0052889170000000041,0.006139666773378849,0.018603833,201326592
16777216,measured,12,0,generated,0,0.0034857920000000001,0.0051858340000000003,0.0034765009999999652,0.0051784999999999748,0.001807166263461113,0.011089833,201326592
16777216,measured,12,1,handwritten,0,0.0049739160000000001,0.0023174160000000001,0.0049605430000000394,0.002311208000000009,0.004342083353549242,0.012422083,201326592
16777216,measured,13,0,handwritten,0,0.0055597090000000004,0.002115666,0.0055487910000000529,0.0021101660000000244,0.0027547916397452354,0.011255125,201326592
16777216,measured,13,1,generated,0,0.0055220419999999996,0.002768375,0.0055115000000000025,0.0027622500000000216,0.0047057499177753925,0.013584334,201326592
16777216,measured,14,0,generated,0,0.0036505420000000001,0.0016921250000000001,0.0036382090000000034,0.0016894159999999991,0.0018300833180546761,0.007646,201326592
16777216,measured,14,1,handwritten,0,0.0034151250000000002,0.0017749580000000001,0.0034084170000000524,0.0017723749999999927,0.0019220001995563507,0.007597375,201326592
16777216,measured,15,0,handwritten,0,0.0037663330000000002,0.0012824170000000001,0.0037590000000000678,0.0012796669999999843,0.0017218333669006824,0.007211917,201326592
16777216,measured,15,1,generated,0,0.0037383749999999999,0.0022039999999999998,0.0037265419999999994,0.0022013339999999992,0.0022606248967349529,0.0085004999999999994,201326592
16777216,measured,16,0,generated,0,0.0074819170000000003,0.0025780830000000001,0.0074554580000000259,0.0025712500000000249,0.002008083276450634,0.012739291999999999,201326592
16777216,measured,16,1,handwritten,0,0.0060714999999999996,0.0031005410000000001,0.0060512489999999808,0.0030947499999999795,0.0018749586306512356,0.011695250000000001,201326592
16777216,measured,17,0,handwritten,0,0.0047304579999999999,0.0036836669999999998,0.0046931250000000757,0.0036786249999999909,0.0018681250512599945,0.010838875,201326592
16777216,measured,17,1,generated,0,0.003533792,0.0013645,0.0035046669999999613,0.0013607079999999883,0.0038814167492091656,0.0093594170000000001,201326592
16777216,measured,18,0,generated,0,0.0031778750000000001,0.0014372079999999999,0.0031709170000000508,0.0014338329999999955,0.0048249997198581696,0.0099678330000000006,201326592
16777216,measured,18,1,handwritten,0,0.0034878750000000001,0.0016861249999999999,0.0034819590000000344,0.001683250000000025,0.003603499848395586,0.0090359169999999992,201326592
16777216,measured,19,0,handwritten,0,0.0043035829999999997,0.0019732080000000002,0.0042959999999999665,0.0019693330000000175,0.0037887501530349255,0.010293541,201326592
16777216,measured,19,1,generated,0,0.0031383750000000001,0.0024310830000000001,0.0031328749999999239,0.0024246250000000136,0.0033908751793205738,0.0092082499999999994,201326592
16777216,measured,20,0,generated,0,0.0030222500000000002,0.001933459,0.0030157499999999837,0.0019303330000000063,0.0018523749895393848,0.0072825839999999999,201326592
16777216,measured,20,1,handwritten,0,0.003432208,0.002245375,0.0034253330000000304,0.0022412079999999945,0.0017065000720322132,0.0078549580000000004,201326592
16777216,measured,21,0,handwritten,0,0.0034214169999999999,0.0017463750000000001,0.0033986659999999391,0.0017435419999999868,0.0019792499952018261,0.00760175,201326592
16777216,measured,21,1,generated,0,0.003300833,0.0024225420000000002,0.0032942500000000541,0.0024205420000000255,0.0017594997771084309,0.0077988750000000003,201326592
16777216,measured,22,0,generated,0,0.002690792,0.0021507079999999999,0.0026851249999999549,0.0021480839999999946,0.0018291668966412544,0.007176333,201326592
16777216,measured,22,1,handwritten,0,0.0026620419999999999,0.0014144170000000001,0.0026561250000000092,0.0014127500000000182,0.0016652913764119148,0.0061766249999999998,201326592
16777216,measured,23,0,handwritten,0,0.0040209579999999998,0.001342417,0.0040145839999999877,0.0013402499999999873,0.0018423749133944511,0.0076466670000000002,201326592
16777216,measured,23,1,generated,0,0.002717208,0.001374667,0.0027153749999999643,0.001371915999999973,0.0039932085201144218,0.008574333,201326592
16777216,measured,24,0,generated,0,0.0027101669999999999,0.0014956660000000001,0.0027070839999999707,0.0014939580000000174,0.0017641251906752586,0.0064548330000000001,201326592
16777216,measured,24,1,handwritten,0,0.002742333,0.0013233749999999999,0.0027381659999999863,0.001321958000000012,0.0017301249317824841,0.0062152910000000004,201326592
16777216,measured,25,0,handwritten,0,0.0027867080000000002,0.0014726660000000001,0.0027830420000000133,0.0014710000000000001,0.0017641251906752586,0.0064121250000000003,201326592
16777216,measured,25,1,generated,0,0.005826375,0.0020610419999999999,0.0058160830000000274,0.0020481250000000117,0.0050481250509619713,0.013627375000000001,201326592
16777216,measured,26,0,generated,0,0.0035802920000000001,0.0023231250000000001,0.0035693759999999575,0.0023162500000000197,0.002046625129878521,0.0084919580000000008,201326592
16777216,measured,26,1,handwritten,0,0.0027450410000000001,0.0015163749999999999,0.0027387920000000454,0.0015147500000000091,0.0018077916465699673,0.0065344160000000004,201326592
16777216,measured,27,0,handwritten,0,0.0033664580000000001,0.0014022920000000001,0.003360958000000025,0.0014008329999999902,0.0016692504286766052,0.006927875,201326592
16777216,measured,27,1,generated,0,0.0034665,0.001372458,0.0034617909999999918,0.0013703339999999731,0.0016645416617393494,0.0069551659999999996,201326592
16777216,measured,28,0,generated,0,0.0038231250000000001,0.0014582079999999999,0.0038187090000000312,0.0014527500000000027,0.0018181251361966133,0.0074249169999999996,201326592
16777216,measured,28,1,handwritten,0,0.0034779580000000002,0.0016394580000000001,0.0034716670000000116,0.0016347500000000181,0.0023290417157113552,0.0080517910000000009,201326592
16777216,measured,29,0,handwritten,0,0.002484417,0.0018073329999999999,0.0024821670000000351,0.001805000000000001,0.0017875833436846733,0.0065336250000000004,201326592
16777216,measured,29,1,generated,0,0.0040935839999999999,0.001870708,0.0040851250000000228,0.0018680420000000142,0.0018042502924799919,0.0082659589999999998,201326592
16777216,measured,30,0,generated,0,0.0024715420000000002,0.001591917,0.0024688339999999753,0.0015900830000000199,0.0016793333925306797,0.0061908750000000002,201326592
16777216,measured,30,1,handwritten,0,0.0031671249999999998,0.0012689579999999999,0.0031613739999999391,0.001267375000000015,0.0017557498067617416,0.0066047500000000004,201326592
16777216,measured,31,0,handwritten,0,0.0028688749999999999,0.0012695829999999999,0.002864957999999973,0.0012679999999999914,0.002015458419919014,0.0066795420000000001,201326592
16777216,measured,31,1,generated,0,0.002465666,0.0012844169999999999,0.0024641659999999899,0.0012827499999999992,0.001697625033557415,0.0058843749999999998,201326592
16777216,measured,32,0,generated,0,0.00276625,0.0012410839999999999,0.0027635830000000139,0.0012395419999999824,0.0034397500567138195,0.0076728339999999999,201326592
16777216,measured,32,1,handwritten,0,0.0026346669999999998,0.0014015830000000001,0.002632874999999979,0.0014001670000000077,0.0018445001915097237,0.0063297500000000003,201326592
16777216,measured,33,0,handwritten,0,0.0027540419999999999,0.001528583,0.0027503340000000209,0.0015267079999999877,0.0019218749366700649,0.0066816250000000001,201326592
16777216,measured,33,1,generated,0,0.0032272500000000001,0.001504334,0.0032198750000000942,0.001497833000000004,0.0036506252363324165,0.0086230419999999992,201326592
16777216,measured,34,0,generated,0,0.002869042,0.0016553329999999999,0.0028636250000000363,0.0016528330000000202,0.0017417497001588345,0.0067949170000000001,201326592
16777216,measured,34,1,handwritten,0,0.0032597920000000001,0.001913042,0.0032550000000000079,0.0019059579999999854,0.0061790416948497295,0.01186075,201326592
16777216,measured,35,0,handwritten,0,0.0028617080000000001,0.001363083,0.0028573749999999398,0.0013607079999999883,0.0040456252172589302,0.0084694999999999996,201326592
16777216,measured,35,1,generated,0,0.0031359169999999998,0.0017084170000000001,0.00313108300000009,0.0017058750000000233,0.0038215834647417068,0.0089238749999999995,201326592
16777216,measured,36,0,generated,0,0.0029749580000000002,0.001424416,0.0029683329999999897,0.0014224580000000153,0.0029283748008310795,0.0075524160000000002,201326592
16777216,measured,36,1,handwritten,0,0.0028499580000000001,0.001524,0.0028446260000000168,0.0015209999999999946,0.0045225000940263271,0.0091097079999999993,201326592
16777216,measured,37,0,handwritten,0,0.0040745,0.0019962080000000002,0.0040658330000000742,0.0019897079999999789,0.0017588334158062935,0.0083704580000000008,201326592
16777216,measured,37,1,generated,0,0.0037110419999999999,0.0014058339999999999,0.0036968750000000439,0.0014027079999999748,0.0017670001834630966,0.0073689589999999996,201326592
16777216,measured,38,0,generated,0,0.0040425419999999997,0.0013318749999999999,0.0040346249999999584,0.0013291249999999866,0.001756708137691021,0.0076129170000000003,201326592
16777216,measured,38,1,handwritten,0,0.003630875,0.0016395419999999999,0.0036235009999999734,0.0016361249999999883,0.0018225000239908695,0.0076409579999999998,201326592
16777216,measured,39,0,handwritten,0,0.0050912500000000003,0.002564083,0.0050679160000000056,0.0025591660000000016,0.0050785001367330551,0.013195,201326592
16777216,measured,39,1,generated,0,0.0034694169999999998,0.001402333,0.0034614580000000839,0.0013932910000000187,0.0057068751193583012,0.011115375,201326592
16777216,measured,40,0,generated,0,0.0043601250000000003,0.001373834,0.0043524169999998863,0.0013713329999999746,0.0024274168536067009,0.0085252499999999998,201326592
16777216,measured,40,1,handwritten,0,0.0051058750000000002,0.0068229160000000001,0.0050932919999999715,0.0068162090000000175,0.0058215833269059658,0.018254125,201326592
16777216,measured,41,0,handwritten,0,0.0070078750000000002,0.0029685409999999999,0.0069949579999999401,0.0029633749999999903,0.0061337500810623169,0.016804957999999998,201326592
16777216,measured,41,1,generated,0,0.003462709,0.0016681249999999999,0.003452624999999987,0.0016648329999999767,0.0032907500863075256,0.0086820000000000005,201326592
16777216,measured,42,0,generated,0,0.0028925000000000001,0.0013100830000000001,0.0028860410000000059,0.0013082090000000046,0.0044142082333564758,0.0088515,201326592
16777216,measured,42,1,handwritten,0,0.003003084,0.001266458,0.0029980000000000562,0.0012647499999999812,0.0016767918132245541,0.0063017919999999996,201326592
16777216,measured,43,0,handwritten,0,0.002722833,0.0012767500000000001,0.0027195410000000475,0.0012746670000000071,0.0057715834118425846,0.010220416,201326592
16777216,measured,43,1,generated,0,0.0064775839999999998,0.0027322499999999999,0.0064723750000001967,0.0027265000000000206,0.0019569997675716877,0.011690084,201326592
16777216,measured,44,0,generated,0,0.0031337919999999998,0.001694667,0.0031259999999999621,0.0016898329999999739,0.0023610834032297134,0.0074514170000000001,201326592
16777216,measured,44,1,handwritten,0,0.0031396250000000001,0.0015716669999999999,0.0031333749999999938,0.0015668329999999897,0.0039383750408887863,0.0088908340000000002,201326592
16777216,measured,45,0,handwritten,0,0.0050225000000000001,0.0016902079999999999,0.0050117080000000591,0.0016862089999999941,0.0066558751277625561,0.013661625,201326592
16777216,measured,45,1,generated,0,0.0029923340000000001,0.001307417,0.0029872909999999475,0.0013056670000000103,0.0022279582917690277,0.006952125,201326592
16777216,measured,46,0,generated,0,0.0029324160000000002,0.00170425,0.0029260829999999682,0.0016993330000000251,0.0057600000873208046,0.010853625,201326592
16777216,measured,46,1,handwritten,0,0.0030565000000000002,0.001306375,0.0030524170000001405,0.0013040839999999831,0.0015558749437332153,0.0064241250000000001,201326592
16777216,measured,47,0,handwritten,0,0.002657333,0.0014727080000000001,0.0026524580000000242,0.0014704580000000078,0.0057567083276808262,0.010322291000000001,201326592
16777216,measured,47,1,generated,0,0.0026303339999999998,0.0012502920000000001,0.00262520799999999,0.0012481670000000222,0.0028296252712607384,0.0071662920000000003,201326592
16777216,measured,48,0,generated,0,0.002556708,0.0013109580000000001,0.0025524589999998959,0.0013092089999999779,0.0018767500296235085,0.0062199580000000003,201326592
16777216,measured,48,1,handwritten,0,0.0030132499999999999,0.0017345419999999999,0.0030111669999999258,0.0017291669999999759,0.003871583379805088,0.0088676250000000005,201326592
16777216,measured,49,0,handwritten,0,0.003156959,0.0013048339999999999,0.003148625000000127,0.0013024999999999842,0.0047728335484862328,0.009421334,201326592
16777216,measured,49,1,generated,0,0.0028097500000000002,0.0012869159999999999,0.002806750000000191,0.0012857079999999965,0.0021962500177323818,0.0066862500000000004,201326592
16777216,measured,50,0,generated,0,0.002569792,0.001461167,0.002565833999999878,0.0014594580000000246,0.0017060833051800728,0.0062156249999999998,201326592
16777216,measured,50,1,handwritten,0,0.003080583,0.001353166,0.0030609590000001408,0.0013488329999999937,0.0033928747288882732,0.0080287080000000007,201326592
16777216,measured,51,0,handwritten,0,0.0028335420000000001,0.001360083,0.0028289169999999864,0.0013572909999999827,0.004757249727845192,0.0091845840000000008,201326592
16777216,measured,51,1,generated,0,0.00280475,0.001375958,0.0028005839999998283,0.0013739580000000085,0.0047340835444629192,0.0091333330000000004,201326592
16777216,measured,52,0,generated,0,0.0027887089999999999,0.00166625,0.0027835830000000339,0.0016639999999999988,0.0052590835839509964,0.0099878339999999993,201326592
16777216,measured,52,1,handwritten,0,0.003171208,0.001518,0.0031665419999999944,0.0015158749999999999,0.0016640420071780682,0.0067667500000000002,201326592
16777216,measured,53,0,handwritten,0,0.0032546670000000002,0.0015057079999999999,0.0032387499999999569,0.0015023750000000002,0.0047775832936167717,0.0097485420000000007,201326592
16777216,measured,53,1,generated,0,0.0034264170000000002,0.0013820830000000001,0.0034205010000001312,0.0013796249999999954,0.0016895001754164696,0.0069350829999999999,201326592
16777216,measured,54,0,generated,0,0.0035301249999999998,0.001406458,0.0035248749999998719,0.0014034580000000241,0.0019200830720365047,0.0073637080000000001,201326592
16777216,measured,54,1,handwritten,0,0.0033666249999999998,0.0016776250000000001,0.0033567919999999418,0.0016732910000000212,0.0052753333002328873,0.010805749999999999,201326592
16777216,measured,55,0,handwritten,0,0.0036680409999999999,0.0016880420000000001,0.0036601250000001251,0.001683708000000006,0.0017097499221563339,0.0074724580000000004,201326592
16777216,measured,55,1,generated,0,0.0031341670000000002,0.0021281669999999998,0.0031274580000000274,0.0021216250000000159,0.0043988754041492939,0.010002209,201326592
16777216,measured,56,0,generated,0,0.0030057909999999998,0.00164975,0.0029887490000000128,0.0016463749999999777,0.0018648747354745865,0.0070451660000000003,201326592
16777216,measured,56,1,handwritten,0,0.0030035420000000001,0.001639,0.0029969159999998496,0.0016358329999999754,0.0030019995756447315,0.0078811249999999992,201326592
16777216,measured,57,0,handwritten,0,0.0031979589999999998,0.0017873749999999999,0.0031902500000000611,0.0017837090000000222,0.0033504166640341282,0.0085644999999999992,201326592
16777216,measured,57,1,generated,0,0.003833042,0.0023016249999999999,0.0038256250000001657,0.0022954589999999997,0.0021252497099339962,0.0085538750000000007,201326592
16777216,measured,58,0,generated,0,0.0031249170000000001,0.0017034999999999999,0.0030951249999999764,0.0016975830000000025,0.0018024998717010021,0.0072418329999999996,201326592
16777216,measured,58,1,handwritten,0,0.002750667,0.0019582089999999998,0.0027460419999998376,0.0019525000000000237,0.0018242918886244297,0.0070772919999999998,201326592
16777216,measured,59,0,handwritten,0,0.0028350419999999999,0.001756458,0.0028289990000001097,0.0017525829999999742,0.0018302914686501026,0.0069186669999999999,201326592
16777216,measured,59,1,generated,0,0.0027658750000000001,0.0014639589999999999,0.0027591240000000017,0.001462041000000025,0.0017731250263750553,0.0062573339999999998,201326592
16777216,measured,60,0,generated,0,0.0037780840000000001,0.0018671670000000001,0.0037696249999998876,0.0018646660000000148,0.0032734586857259274,0.0091767919999999996,201326592
16777216,measured,60,1,handwritten,0,0.0028127080000000001,0.0013287500000000001,0.0028063339999999659,0.0013267499999999877,0.0042786663398146629,0.0086353330000000002,201326592
16777216,measured,61,0,handwritten,0,0.003601,0.0013392079999999999,0.0035947080000000575,0.001337250000000012,0.0034963749349117279,0.0086455830000000001,201326592
16777216,measured,61,1,generated,0,0.0027637920000000002,0.0012390000000000001,0.0027599170000001116,0.0012370830000000277,0.0043329168111085892,0.0085756249999999999,201326592
16777216,measured,62,0,generated,0,0.0026050420000000001,0.0012077909999999999,0.0026010009999999362,0.0012065410000000054,0.0019953334704041481,0.0062096249999999999,201326592
16777216,measured,62,1,handwritten,0,0.0024915409999999999,0.0017162919999999999,0.0024878739999998345,0.0017120420000000247,0.0017336253076791763,0.0064105830000000001,201326592
16777216,measured,63,0,handwritten,0,0.0027815000000000001,0.001244666,0.0027764580000000372,0.0012430420000000275,0.0024202498607337475,0.0066296669999999997,201326592
16777216,measured,63,1,generated,0,0.0025158749999999999,0.001256875,0.0025132080000001,0.0012548749999999886,0.0042475834488868713,0.0085829579999999999,201326592
16777216,measured,64,0,generated,0,0.0026412919999999999,0.001238875,0.0026396669999999567,0.001236917000000004,0.0024002916179597378,0.0067256249999999998,201326592
16777216,measured,64,1,handwritten,0,0.0026088750000000001,0.0012453329999999999,0.0026059579999999638,0.0012439579999999895,0.0016745836474001408,0.0059335000000000004,201326592
16777216,measured,65,0,handwritten,0,0.0025893750000000001,0.0013265,0.0025864999999998251,0.0013250000000000206,0.0040753334760665894,0.0082407920000000003,201326592
16777216,measured,65,1,generated,0,0.0025690410000000002,0.001283625,0.0025657080000001109,0.0012818749999999879,0.0047137499786913395,0.0090047500000000006,201326592
16777216,measured,66,0,generated,0,0.0025436249999999999,0.0013956249999999999,0.0025423330000000632,0.001393833000000011,0.0026334584690630436,0.0070051250000000001,201326592
16777216,measured,66,1,handwritten,0,0.0025859590000000001,0.0012579170000000001,0.0025824999999999321,0.0012565829999999778,0.0017343750223517418,0.0059867920000000003,201326592
16777216,measured,67,0,handwritten,0,0.0024591249999999999,0.001219375,0.0024563759999998158,0.0012185829999999953,0.0016604997217655182,0.0057616250000000003,201326592
16777216,measured,67,1,generated,0,0.0024944590000000001,0.001208958,0.0024929579999999341,0.0012077919999999853,0.0016646669246256351,0.0058182499999999996,201326592
16777216,measured,68,0,generated,0,0.0025345839999999999,0.001320583,0.0025329160000000517,0.0013197090000000022,0.0016999584622681141,0.0060179589999999998,201326592
16777216,measured,68,1,handwritten,0,0.0024902919999999999,0.0012646669999999999,0.0024891260000001747,0.0012639159999999761,0.0016796248964965343,0.005847667,201326592
16777216,measured,69,0,handwritten,0,0.002823416,0.0013015419999999999,0.0028219579999999578,0.0013002919999999807,0.0016966667026281357,0.0062382080000000003,201326592
16777216,measured,69,1,generated,0,0.0027385420000000001,0.0013015839999999999,0.0027371669999998183,0.0013003329999999869,0.0017458749935030937,0.0062544999999999996,201326592
16777216,measured,70,0,generated,0,0.0029726660000000001,0.001219583,0.0029697500000001043,0.0012183749999999938,0.0017091250047087669,0.0063833329999999997,201326592
16777216,measured,70,1,handwritten,0,0.0044302500000000002,0.00148475,0.0044263339999999207,0.0014825829999999818,0.0017794999293982983,0.0083166249999999994,201326592
16777216,measured,71,0,handwritten,0,0.0065549579999999996,0.0050646249999999997,0.006545000000000023,0.0050589169999999961,0.0018909997306764126,0.014213625000000001,201326592
16777216,measured,71,1,generated,0,0.0072882090000000004,0.001818959,0.0072796250000000118,0.0018168749999999956,0.0016764169558882713,0.01133875,201326592
16777216,measured,72,0,generated,0,0.0042514579999999996,0.001287042,0.0042477089999999329,0.0012858749999999919,0.0016795000992715359,0.0077020420000000001,201326592
16777216,measured,72,1,handwritten,0,0.0025786250000000002,0.0011730410000000001,0.0025770829999998135,0.0011718750000000444,0.0016652918420732021,0.0058522080000000002,201326592
16777216,measured,73,0,handwritten,0,0.0024711669999999998,0.0012143329999999999,0.0024691249999999609,0.0012135829999999626,0.0016570002771914005,0.0058071249999999998,201326592
16777216,measured,73,1,generated,0,0.0026298329999999998,0.0014478340000000001,0.0026284999999999226,0.0014467919999999745,0.0018157083541154861,0.0063817079999999998,201326592
16777216,measured,74,0,generated,0,0.0027720829999999998,0.0017041249999999999,0.0027701239999999849,0.0017007079999999952,0.0017653331160545349,0.0067319579999999997,201326592
16777216,measured,74,1,handwritten,0,0.0026970840000000002,0.0014673749999999999,0.0026941259999999634,0.0014647909999999653,0.0017948746681213379,0.0064349589999999996,201326592
16777216,measured,75,0,handwritten,0,0.0026720419999999999,0.0015237079999999999,0.0026692500000000674,0.0015225420000000156,0.0017625000327825546,0.0064479999999999997,201326592
16777216,measured,75,1,generated,0,0.0027694999999999998,0.0012765000000000001,0.0027672080000000765,0.0012753330000000451,0.0016636247746646404,0.0061939999999999999,201326592
16777216,measured,76,0,generated,0,0.0024659999999999999,0.001227583,0.0024642500000000567,0.0012266250000000367,0.0016563748940825462,0.0058071249999999998,201326592
16777216,measured,76,1,handwritten,0,0.0025536669999999999,0.001225292,0.0025516670000000907,0.0012245410000000234,0.001702125184237957,0.0059366669999999996,201326592
16777216,measured,77,0,handwritten,0,0.0029359159999999998,0.0017032079999999999,0.0029317079999999773,0.0016996670000000158,0.0047539169900119305,0.0099763330000000004,201326592
16777216,measured,77,1,generated,0,0.0038504170000000001,0.0020791659999999999,0.0038447919999999858,0.0020764580000000032,0.0031934580765664577,0.0094067079999999997,201326592
16777216,measured,78,0,generated,0,0.0035664999999999998,0.0018700419999999999,0.0035620420000002095,0.0018650839999999613,0.0017605414614081383,0.0077645420000000001,201326592
16777216,measured,78,1,handwritten,0,0.0042827919999999997,0.0019601250000000001,0.0042776249999998406,0.0019566250000000451,0.0020702080801129341,0.0085377089999999992,201326592
16777216,measured,79,0,handwritten,0,0.0040466670000000003,0.0025534580000000002,0.0040282920000000999,0.0025494169999999983,0.0055687502026557922,0.012636625,201326592
16777216,measured,79,1,generated,0,0.0059876670000000003,0.002166542,0.0059808330000001853,0.0021639580000000214,0.0041665001772344112,0.012829625000000001,201326592
16777216,measured,80,0,generated,0,0.0035580410000000001,0.0016177909999999999,0.0035503749999998835,0.0016151669999999729,0.0029318751767277718,0.0083665830000000004,201326592
16777216,measured,80,1,handwritten,0,0.0034047090000000001,0.0019935420000000001,0.0033965419999999469,0.0019909590000000144,0.0038384580984711647,0.0094483339999999992,201326592
16777216,measured,81,0,handwritten,0,0.0026965000000000001,0.00149175,0.0026917909999999434,0.0014878750000000274,0.0017208750359714031,0.0064079159999999996,201326592
16777216,measured,81,1,generated,0,0.0029485840000000002,0.0018694580000000001,0.0029429579999999955,0.00186579099999995,0.0028462079353630543,0.0079207500000000007,201326592
16777216,measured,82,0,generated,0,0.0027239999999999999,0.0014205000000000001,0.0027188750000000095,0.0014184579999999558,0.0043546669185161591,0.0087974170000000001,201326592
16777216,measured,82,1,handwritten,0,0.0036932499999999999,0.001669916,0.0036887910000000801,0.001665707999999988,0.0033622500486671925,0.0090115830000000001,201326592
16777216,measured,83,0,handwritten,0,0.0026463329999999998,0.0024343339999999998,0.0026432919999999083,0.0024315000000000309,0.0039238748140633106,0.0092219169999999996,201326592
16777216,measured,83,1,generated,0,0.0035592499999999999,0.001546333,0.0035534999999999872,0.0015433329999999801,0.004026124719530344,0.0093639580000000004,201326592
16777216,measured,84,0,generated,0,0.0027872909999999999,0.0012096660000000001,0.0027820000000000622,0.0012085410000000074,0.0015777498483657837,0.0059662079999999998,201326592
16777216,measured,84,1,handwritten,0,0.0025553329999999999,0.0012073749999999999,0.0025528329999999766,0.0012057920000000388,0.0046942499466240406,0.0088855410000000003,201326592
16777216,measured,85,0,handwritten,0,0.0024477079999999998,0.001288834,0.002444624999999867,0.0012875409999999476,0.0017070001922547817,0.0058601249999999999,201326592
16777216,measured,85,1,generated,0,0.0027165420000000002,0.0013464589999999999,0.002711333000000149,0.0013449159999999738,0.0028605000115931034,0.0071582920000000001,201326592
16777216,measured,86,0,generated,0,0.0025396250000000002,0.001249041,0.0025363329999998907,0.0012472500000000331,0.0045907497406005859,0.0089300830000000001,201326592
16777216,measured,86,1,handwritten,0,0.0025139170000000001,0.0012058329999999999,0.0025125410000002013,0.0012042079999999844,0.0046837502159178257,0.0088284999999999995,201326592
16777216,measured,87,0,handwritten,0,0.0025084999999999999,0.001314541,0.0025057089999998006,0.0013130829999999927,0.004018083680421114,0.0082705409999999993,201326592
16777216,measured,87,1,generated,0,0.0025444170000000002,0.0012983339999999999,0.0025426239999999378,0.0012969170000000085,0.001653874758630991,0.0059405839999999996,201326592
16777216,measured,88,0,generated,0,0.0027191250000000002,0.001182333,0.0027157079999999834,0.0011812079999999892,0.0015331250615417957,0.0057676250000000002,201326592
16777216,measured,88,1,handwritten,0,0.0024467920000000002,0.0012890829999999999,0.0024447910000000572,0.0012878339999999877,0.0016921665519475937,0.0058192920000000002,201326592
16777216,measured,89,0,handwritten,0,0.0026279580000000001,0.0012304169999999999,0.0026257089999999206,0.0012284160000000099,0.0037797498516738415,0.0078401249999999999,201326592
16777216,measured,89,1,generated,0,0.0024797080000000002,0.001213542,0.0024767919999999499,0.0012117080000000335,0.0046735834330320358,0.0087973749999999996,201326592
16777216,measured,90,0,generated,0,0.0024334999999999999,0.001471583,0.0024303750000000957,0.0014700829999999554,0.0015905001200735569,0.0059464160000000004,201326592
16777216,measured,90,1,handwritten,0,0.002752792,0.0013174580000000001,0.0027493750000000539,0.0013165000000000537,0.0017067501321434975,0.0061609170000000001,201326592
16777216,measured,91,0,handwritten,0,0.0025621250000000002,0.001257375,0.0025587920000000874,0.0012561250000000523,0.0016647083684802055,0.0059102499999999997,201326592
16777216,measured,91,1,generated,0,0.002470042,0.001213708,0.0024687500000000195,0.0012127920000000181,0.0016740416176617146,0.005813375,201326592
16777216,measured,92,0,generated,0,0.0024827500000000001,0.0012388329999999999,0.0024812910000000521,0.001237958000000039,0.0047853747382760048,0.0089327079999999993,201326592
16777216,measured,92,1,handwritten,0,0.0025355,0.001332125,0.0025339170000000522,0.001330916999999987,0.0016064997762441635,0.0059203329999999998,201326592
16777216,measured,93,0,handwritten,0,0.0024065419999999998,0.0012379159999999999,0.0024048320000000789,0.0012370830000000277,0.0016600834205746651,0.0057550830000000002,201326592
16777216,measured,93,1,generated,0,0.0024251670000000002,0.001190708,0.0024234169999999278,0.0011895410000000162,0.0016517080366611481,0.00570675,201326592
16777216,measured,94,0,generated,0,0.0024372500000000002,0.0012141249999999999,0.002435332999999984,0.0012134160000000227,0.0016719582490622997,0.0057555829999999999,201326592
16777216,measured,94,1,handwritten,0,0.0024722910000000002,0.0011958330000000001,0.0024712080000000025,0.0011947079999999888,0.0016611665487289429,0.005745666,201326592
16777216,measured,95,0,handwritten,0,0.0026077090000000002,0.0011796669999999999,0.0025999999999999357,0.0011786249999999887,0.0016438751481473446,0.0058014169999999997,201326592
16777216,measured,95,1,generated,0,0.0024264590000000002,0.001256,0.002424874999999993,0.0012553330000000251,0.0016857502050697803,0.0058037499999999999,201326592
16777216,measured,96,0,generated,0,0.0024614580000000001,0.0012097919999999999,0.0024603750000000701,0.0012084580000000233,0.0016614999622106552,0.0057683329999999996,201326592
16777216,measured,96,1,handwritten,0,0.0024542499999999998,0.0011930420000000001,0.0024525830000001747,0.0011921249999999883,0.0016585001721978188,0.0057070840000000003,201326592
16777216,measured,97,0,handwritten,0,0.0024582499999999999,0.0012043329999999999,0.0024569590000000918,0.0012032910000000507,0.0016617500223219395,0.0057207079999999997,201326592
16777216,measured,97,1,generated,0,0.0025554589999999999,0.001222625,0.0025542909999998198,0.0012209589999999659,0.0017066667787730694,0.0059336249999999997,201326592
16777216,measured,98,0,generated,0,0.0024525419999999998,0.0012139169999999999,0.0024514989999999681,0.0012126249999999672,0.0016589998267591,0.0057447080000000003,201326592
16777216,measured,98,1,handwritten,0,0.0024202920000000001,0.0011917919999999999,0.0024187929999999191,0.0011910419999999755,0.0016793333925306797,0.0056879169999999998,201326592
16777216,measured,99,0,handwritten,0,0.0024052919999999998,0.0011759170000000001,0.0024039580000001504,0.0011752080000000387,0.0016716248355805874,0.0056630839999999997,201326592
16777216,measured,99,1,generated,0,0.0023813749999999998,0.001226209,0.0023805000000001186,0.0012250000000000316,0.0016650832258164883,0.0056841249999999999,201326592
