elements,phase,iteration,order,variant,pipeline_compile_seconds,h2d_api_seconds,d2h_api_seconds,h2d_copy_seconds,d2h_copy_seconds,gpu_seconds,total_seconds,runtime_owned_peak_buffer_bytes
1024,warmup,0,0,generated,0.17968862499999999,1.4580000000000001e-06,3.2499999999999998e-06,5.8299999999999997e-07,3.7500000000000001e-07,6.1791390180587769e-05,0.182015541,12288
1024,warmup,0,1,handwritten,0.0032297920000000091,1.4160000000000001e-06,1.666e-06,5.8299999999999997e-07,2.9200000000000002e-07,4.970841109752655e-05,0.0034735410000000001,12288
1024,warmup,1,0,handwritten,0,1.167e-06,6.2500000000000005e-07,5.0099999999999973e-07,1.2499999999999997e-07,0.00010666670277714729,0.00022958399999999999,12288
1024,warmup,1,1,generated,0,7.5000000000000002e-07,1.5e-06,1.6599999999999977e-07,2.4999999999999994e-07,0.0001116250641644001,0.00026316600000000001,12288
1024,warmup,2,0,generated,0,9.1699999999999997e-07,7.9100000000000003e-07,2.5000000000000015e-07,1.6700000000000005e-07,4.2500440031290054e-05,0.00018208300000000001,12288
1024,warmup,2,1,handwritten,0,7.92e-07,6.2500000000000005e-07,2.5000000000000015e-07,1.2500000000000007e-07,4.9749854952096939e-05,0.00015087499999999999,12288
1024,warmup,3,0,handwritten,0,8.3300000000000001e-07,4.9999999999999998e-07,2.4900000000000007e-07,1.2500000000000007e-07,4.9999915063381195e-05,0.00014941600000000001,12288
1024,warmup,3,1,generated,0,7.0900000000000001e-07,4.9999999999999998e-07,1.6599999999999977e-07,1.2500000000000007e-07,8.4500294178724289e-05,0.000202709,12288
1024,warmup,4,0,generated,0,7.5000000000000002e-07,7.0900000000000001e-07,1.6700000000000026e-07,1.2500000000000007e-07,4.6500004827976227e-05,0.000187209,12288
1024,warmup,4,1,handwritten,0,4.6659999999999999e-06,1.5409999999999999e-06,1.0000000000000006e-06,2.4999999999999994e-07,3.16668301820755e-05,0.00023966600000000001,12288
1024,warmup,5,0,handwritten,0,9.9999999999999995e-07,6.2500000000000005e-07,3.3300000000000003e-07,1.2500000000000007e-07,4.4996850192546844e-06,0.00015412499999999999,12288
1024,warmup,5,1,generated,0,7.92e-07,1.4580000000000001e-06,2.0900000000000088e-07,2.0900000000000003e-07,0.00016629137098789215,0.00032079199999999997,12288
1024,warmup,6,0,generated,0,8.3399999999999998e-07,8.7499999999999999e-07,1.6599999999999807e-07,1.6699999999999984e-07,2.6668421924114227e-06,0.00022499999999999999,12288
1024,warmup,6,1,handwritten,0,8.7499999999999999e-07,1.3125000000000001e-05,2.499999999999993e-07,1.6699999999999984e-07,3.0416995286941528e-06,0.00043929199999999998,12288
1024,warmup,7,0,handwritten,0,9.1699999999999997e-07,8.3399999999999998e-07,3.3400000000000053e-07,2.0799999999999996e-07,2.9583461582660675e-06,0.00033470899999999998,12288
1024,warmup,7,1,generated,0,8.7499999999999999e-07,1.0419999999999999e-06,2.9199999999999991e-07,2.5000000000000015e-07,2.7916394174098969e-06,0.00040462499999999998,12288
1024,warmup,8,0,generated,0,8.3300000000000001e-07,6.6700000000000003e-07,2.9199999999999991e-07,1.6699999999999984e-07,2.8335489332675934e-06,0.00037995800000000001,12288
1024,warmup,8,1,handwritten,0,8.7499999999999999e-07,7.5000000000000002e-07,2.499999999999993e-07,1.6699999999999984e-07,6.1248429119586945e-06,0.00043104100000000001,12288
1024,warmup,9,0,handwritten,0,7.92e-07,7.92e-07,2.0900000000000088e-07,1.6699999999999984e-07,5.9581361711025238e-06,0.00044166700000000003,12288
1024,warmup,9,1,generated,0,8.3399999999999998e-07,1.7541999999999999e-05,3.3300000000000172e-07,2.0900000000000003e-07,3.1250528991222382e-06,0.00029270899999999999,12288
1024,measured,0,0,generated,0,1.0410000000000001e-06,0.00010175000000000001,4.1699999999999957e-07,5.8299999999999975e-07,4.4996850192546844e-06,0.00064754099999999996,12288
1024,measured,0,1,handwritten,0,1.542e-06,9.5799999999999998e-07,8.3399999999999913e-07,1.6700000000000026e-07,5.6750141084194183e-05,0.00022112499999999999,12288
1024,measured,1,0,handwritten,0,7.5000000000000002e-07,4.3329999999999998e-06,1.6599999999999807e-07,6.6699999999999971e-07,0.00012237485498189926,0.00033587500000000002,12288
1024,measured,1,1,generated,0,2.2910000000000002e-06,7.0800000000000004e-07,9.1600000000000275e-07,1.6700000000000026e-07,6.1250291764736176e-05,0.00027141600000000002,12288
1024,measured,2,0,generated,0,9.9999999999999995e-07,1.0419999999999999e-06,4.1600000000000076e-07,2.0800000000000038e-07,5.8166682720184326e-05,0.00018587500000000001,12288
1024,measured,2,1,handwritten,0,9.5900000000000005e-07,6.2500000000000005e-07,2.499999999999993e-07,1.6700000000000026e-07,5.3000170737504959e-05,0.00016037500000000001,12288
1024,measured,3,0,handwritten,0,7.5000000000000002e-07,2.667e-06,2.0799999999999869e-07,5.8300000000000018e-07,8.0874655395746231e-05,0.00027879199999999998,12288
1024,measured,3,1,generated,0,1.916e-06,1.125e-06,5.8299999999999764e-07,2.0800000000000038e-07,6.1250291764736176e-05,0.00024845800000000001,12288
1024,measured,4,0,generated,0,1.083e-06,7.0800000000000004e-07,3.7499999999999895e-07,1.6700000000000026e-07,4.8666726797819138e-05,0.00017658300000000001,12288
1024,measured,4,1,handwritten,0,8.7499999999999999e-07,5.8299999999999997e-07,2.9099999999999772e-07,1.6599999999999977e-07,4.9624592065811157e-05,0.000151292,12288
1024,measured,5,0,handwritten,0,7.0900000000000001e-07,9.5799999999999998e-07,1.6599999999999807e-07,2.0800000000000038e-07,4.9625057727098465e-05,0.00016262500000000001,12288
1024,measured,5,1,generated,0,7.92e-07,8.3300000000000001e-07,2.5100000000000149e-07,2.0800000000000038e-07,4.3124891817569733e-05,0.000196458,12288
1024,measured,6,0,generated,0,9.16e-07,5.8299999999999997e-07,2.499999999999993e-07,1.6599999999999977e-07,4.7124922275543213e-05,0.00017720799999999999,12288
1024,measured,6,1,handwritten,0,7.5000000000000002e-07,7.0800000000000004e-07,1.6800000000000246e-07,1.6700000000000026e-07,4.6541448682546616e-05,0.00014474999999999999,12288
1024,measured,7,0,handwritten,0,7.0800000000000004e-07,5.4199999999999996e-07,2.0799999999999869e-07,1.2499999999999965e-07,4.4958200305700302e-05,0.00015975000000000001,12288
1024,measured,7,1,generated,0,1.8624999999999999e-05,5.4199999999999996e-07,3.3299999999999834e-07,1.6700000000000026e-07,0.00010995799675583839,0.00024600000000000002,12288
1024,measured,8,0,generated,0,7.5000000000000002e-07,5.4099999999999999e-07,1.6599999999999807e-07,1.6700000000000026e-07,4.5499764382839203e-05,0.00019629099999999999,12288
1024,measured,8,1,handwritten,0,7.9100000000000003e-07,5.4199999999999996e-07,1.6700000000000026e-07,1.2499999999999965e-07,0.00012120837345719337,0.00022241599999999999,12288
1024,measured,9,0,handwritten,0,7.9100000000000003e-07,4.58e-07,1.6599999999999807e-07,1.2499999999999965e-07,6.1125028878450394e-05,0.00015458299999999999,12288
1024,measured,9,1,generated,0,7.5000000000000002e-07,5.8299999999999997e-07,1.2600000000000184e-07,1.2499999999999965e-07,0.0001132916659116745,0.00024891699999999998,12288
1024,measured,10,0,generated,0,8.7499999999999992e-06,7.0800000000000004e-07,7.0829999999999998e-06,1.6700000000000026e-07,4.8833433538675308e-05,0.000235333,12288
1024,measured,10,1,handwritten,0,8.3300000000000001e-07,5.8299999999999997e-07,2.0800000000000207e-07,1.2499999999999965e-07,4.8374757170677185e-05,0.00014687500000000001,12288
1024,measured,11,0,handwritten,0,7.0800000000000004e-07,5.4199999999999996e-07,1.6800000000000246e-07,1.2499999999999965e-07,4.9875117838382721e-05,0.00014429199999999999,12288
1024,measured,11,1,generated,0,7.0800000000000004e-07,5.4099999999999999e-07,1.6800000000000246e-07,1.2499999999999965e-07,4.0499959141016006e-05,0.00015145800000000001,12288
1024,measured,12,0,generated,0,7.5000000000000002e-07,4.9999999999999998e-07,1.2499999999999626e-07,1.2499999999999965e-07,4.8000365495681763e-05,0.00016387500000000001,12288
1024,measured,12,1,handwritten,0,7.5000000000000002e-07,6.6599999999999996e-07,1.6599999999999807e-07,1.6700000000000026e-07,4.9208290874958038e-05,0.000146291,12288
1024,measured,13,0,handwritten,0,7.92e-07,4.9999999999999998e-07,2.5000000000000608e-07,1.2499999999999965e-07,4.3374951928853989e-05,0.000138417,12288
1024,measured,13,1,generated,0,8.3300000000000001e-07,5.8299999999999997e-07,2.0800000000000207e-07,1.6700000000000026e-07,4.9583148211240768e-05,0.00016120800000000001,12288
1024,measured,14,0,generated,0,7.5000000000000002e-07,4.58e-07,1.6599999999999807e-07,1.2499999999999965e-07,0.00011237477883696556,0.00022225000000000001,12288
1024,measured,14,1,handwritten,0,7.0900000000000001e-07,7.0900000000000001e-07,2.0800000000000207e-07,1.6599999999999977e-07,4.8375222831964493e-05,0.000147584,12288
1024,measured,15,0,handwritten,0,9.16e-07,6.2500000000000005e-07,2.9100000000000111e-07,1.6700000000000026e-07,1.3000331819057465e-05,0.00011720800000000001,12288
1024,measured,15,1,generated,0,7.5000000000000002e-07,4.9999999999999998e-07,2.0900000000000427e-07,1.2499999999999965e-07,4.7458335757255554e-05,0.000196042,12288
1024,measured,16,0,generated,0,7.5000000000000002e-07,7.0800000000000004e-07,2.0900000000000427e-07,1.6599999999999977e-07,2.6958528906106949e-05,0.00015283399999999999,12288
1024,measured,16,1,handwritten,0,8.7499999999999999e-07,5.4199999999999996e-07,2.499999999999993e-07,1.2499999999999965e-07,0.00010420847684144974,0.00024087499999999999,12288
1024,measured,17,0,handwritten,0,7.5000000000000002e-07,5.8400000000000004e-07,1.6800000000000246e-07,1.2499999999999965e-07,2.6249326765537262e-06,0.00025349999999999998,12288
1024,measured,17,1,generated,0,9.5900000000000005e-07,5.8299999999999997e-07,3.7500000000000234e-07,1.2499999999999965e-07,2.7497299015522003e-06,0.000348334,12288
1024,measured,18,0,generated,0,9.1699999999999997e-07,7.5000000000000002e-07,3.3299999999999834e-07,1.6700000000000026e-07,2.5830231606960297e-06,0.00018054200000000001,12288
1024,measured,18,1,handwritten,0,7.92e-07,5.4199999999999996e-07,2.499999999999993e-07,1.6599999999999977e-07,2.5415793061256409e-06,0.00021599999999999999,12288
1024,measured,19,0,handwritten,0,7.92e-07,5.4099999999999999e-07,1.6700000000000026e-07,8.300000000000073e-08,3.166496753692627e-06,0.000226708,12288
1024,measured,19,1,generated,0,7.9100000000000003e-07,5.4199999999999996e-07,1.6599999999999807e-07,1.2499999999999965e-07,3.1250528991222382e-06,0.00020820800000000001,12288
1024,measured,20,0,generated,0,8.3300000000000001e-07,6.2500000000000005e-07,2.5000000000000608e-07,1.2499999999999965e-07,3.166496753692627e-06,0.00021645799999999999,12288
1024,measured,20,1,handwritten,0,7.92e-07,5.2920000000000003e-06,1.6800000000000246e-07,8.7499999999999925e-07,3.166496753692627e-06,0.000287459,12288
1024,measured,21,0,handwritten,0,1.0410000000000001e-06,3.3330000000000001e-06,2.9100000000000111e-07,5.000000000000003e-07,3.2079406082630157e-06,0.00018291600000000001,12288
1024,measured,21,1,generated,0,1.9999999999999999e-06,9.6250000000000002e-06,6.2500000000000164e-07,6.6700000000000056e-07,3.1250528991222382e-06,0.00031491599999999999,12288
1024,measured,22,0,generated,0,2.0829999999999998e-06,7.5000000000000002e-07,8.3299999999999694e-07,2.9199999999999991e-07,3.2084062695503235e-06,0.000295708,12288
1024,measured,22,1,handwritten,0,1.125e-06,2.9579999999999999e-06,4.5900000000000357e-07,6.2499999999999995e-07,3.1245872378349304e-06,0.00027787500000000002,12288
1024,measured,23,0,handwritten,0,1.917e-06,4.6665999999999997e-05,5.420000000000026e-07,4.5917000000000001e-05,3.1245872378349304e-06,0.00042912499999999998,12288
1024,measured,23,1,generated,0,9.9999999999999995e-07,1.4580000000000001e-06,4.1600000000000415e-07,3.7500000000000234e-07,5.4580159485340118e-06,0.0010349160000000001,12288
1024,measured,24,0,generated,0,1.0419999999999999e-06,7.5000000000000002e-07,4.5899999999999679e-07,2.499999999999993e-07,2.5834888219833374e-06,0.000256042,12288
1024,measured,24,1,handwritten,0,9.5799999999999998e-07,8.3300000000000001e-07,2.5100000000000149e-07,1.2500000000000304e-07,2.6253983378410339e-06,0.00029270799999999998,12288
1024,measured,25,0,handwritten,0,8.7499999999999999e-07,6.2500000000000005e-07,2.0800000000000207e-07,1.2499999999999626e-07,2.5830231606960297e-06,0.000176792,12288
1024,measured,25,1,generated,0,8.7499999999999999e-07,5.4589999999999997e-06,2.5100000000000149e-07,9.5799999999999998e-07,2.6249326765537262e-06,0.00022920800000000001,12288
1024,measured,26,0,generated,0,1.8330000000000001e-06,7.5000000000000002e-07,5.8400000000000661e-07,1.6599999999999807e-07,2.5834888219833374e-06,0.00027975,12288
1024,measured,26,1,handwritten,0,9.5799999999999998e-07,2.7499999999999999e-06,2.920000000000033e-07,5.4199999999999583e-07,2.5834888219833374e-06,0.00021979200000000001,12288
1024,measured,27,0,handwritten,0,2.2079999999999999e-06,9.16e-07,1.083000000000003e-06,2.920000000000033e-07,2.6249326765537262e-06,0.00038112500000000001,12288
1024,measured,27,1,generated,0,1.083e-06,7.0800000000000004e-07,5.8299999999999764e-07,1.6599999999999807e-07,2.7497299015522003e-06,0.000215875,12288
1024,measured,28,0,generated,0,9.1699999999999997e-07,6.2500000000000005e-07,3.3300000000000511e-07,1.2500000000000304e-07,2.6249326765537262e-06,0.00024774999999999998,12288
1024,measured,28,1,handwritten,0,8.7499999999999999e-07,4.9999999999999998e-07,2.5100000000000149e-07,1.2500000000000304e-07,2.6249326765537262e-06,0.00010925,12288
1024,measured,29,0,handwritten,0,7.5000000000000002e-07,7.0900000000000001e-07,2.0800000000000207e-07,1.6599999999999807e-07,2.5834888219833374e-06,0.00022212499999999999,12288
1024,measured,29,1,generated,0,8.7499999999999999e-07,4.9999999999999998e-07,2.9100000000000111e-07,1.6599999999999807e-07,2.5830231606960297e-06,0.00020645900000000001,12288
1024,measured,30,0,generated,0,7.0900000000000001e-07,5.8299999999999997e-07,1.6599999999999807e-07,1.2500000000000304e-07,2.5834888219833374e-06,0.00020241700000000001,12288
1024,measured,30,1,handwritten,0,7.92e-07,4.9999999999999998e-07,1.6599999999999807e-07,1.6700000000000026e-07,2.5420449674129486e-06,0.00022495800000000001,12288
1024,measured,31,0,handwritten,0,7.5000000000000002e-07,6.6599999999999996e-07,2.499999999999993e-07,1.2500000000000304e-07,2.5415793061256409e-06,0.00022520799999999999,12288
1024,measured,31,1,generated,0,9.5900000000000005e-07,5.8299999999999997e-07,3.7600000000000453e-07,1.2500000000000304e-07,2.6249326765537262e-06,0.00018491699999999999,12288
1024,measured,32,0,generated,0,8.7499999999999999e-07,7.92e-07,2.920000000000033e-07,2.0899999999999749e-07,2.7082860469818115e-06,0.000223709,12288
1024,measured,32,1,handwritten,0,7.9100000000000003e-07,5.4199999999999996e-07,2.5000000000000608e-07,1.6599999999999807e-07,2.6249326765537262e-06,0.000182208,12288
1024,measured,33,0,handwritten,0,7.92e-07,6.2500000000000005e-07,2.0900000000000427e-07,1.6599999999999807e-07,2.5415793061256409e-06,0.000200084,12288
1024,measured,33,1,generated,0,8.3399999999999998e-07,5.4199999999999996e-07,2.0800000000000207e-07,1.2500000000000304e-07,2.6249326765537262e-06,0.00019833399999999999,12288
1024,measured,34,0,generated,0,7.9100000000000003e-07,5.4199999999999996e-07,2.0800000000000207e-07,1.2500000000000304e-07,2.6253983378410339e-06,0.00020433300000000001,12288
1024,measured,34,1,handwritten,0,7.5000000000000002e-07,4.58e-07,2.5000000000000608e-07,1.2500000000000304e-07,3.1669624149799347e-06,0.000237958,12288
1024,measured,35,0,handwritten,0,7.0800000000000004e-07,4.5900000000000002e-07,1.6800000000000246e-07,8.3000000000005812e-08,3.1250528991222382e-06,0.00021404200000000001,12288
1024,measured,35,1,generated,0,7.0800000000000004e-07,6.2500000000000005e-07,1.6700000000000026e-07,1.2500000000000304e-07,3.1245872378349304e-06,0.000238958,12288
1024,measured,36,0,generated,0,8.3399999999999998e-07,4.9999999999999998e-07,2.9100000000000111e-07,1.6700000000000026e-07,3.1250528991222382e-06,0.00023287500000000001,12288
1024,measured,36,1,handwritten,0,7.5000000000000002e-07,5.8400000000000004e-07,2.0900000000000427e-07,1.6700000000000026e-07,3.1250528991222382e-06,0.00027904200000000002,12288
1024,measured,37,0,handwritten,0,8.3300000000000001e-07,5.8299999999999997e-07,2.5000000000000608e-07,1.2500000000000304e-07,3.1250528991222382e-06,0.000197541,12288
1024,measured,37,1,generated,0,7.5000000000000002e-07,4.5900000000000002e-07,2.0800000000000207e-07,1.2500000000000304e-07,3.1250528991222382e-06,0.000248791,12288
1024,measured,38,0,generated,0,7.0900000000000001e-07,4.9999999999999998e-07,1.6700000000000026e-07,1.2500000000000304e-07,3.1669624149799347e-06,0.00023437499999999999,12288
1024,measured,38,1,handwritten,0,7.5000000000000002e-07,4.9999999999999998e-07,1.6800000000000246e-07,1.6599999999999807e-07,3.1250528991222382e-06,0.00022879199999999999,12288
1024,measured,39,0,handwritten,0,7.0800000000000004e-07,2.6582999999999999e-05,1.2400000000000085e-07,8.3000000000005812e-08,3.1245872378349304e-06,0.00026608300000000002,12288
1024,measured,39,1,generated,0,9.5799999999999998e-07,5.4199999999999996e-07,3.3299999999999834e-07,1.2500000000000304e-07,3.1250528991222382e-06,0.000170958,12288
1024,measured,40,0,generated,0,8.7499999999999999e-07,5.4199999999999996e-07,2.499999999999993e-07,1.2500000000000304e-07,3.166496753692627e-06,0.000243584,12288
1024,measured,40,1,handwritten,0,7.92e-07,4.9999999999999998e-07,1.6700000000000026e-07,1.6700000000000026e-07,2.5834888219833374e-06,0.00022724999999999999,12288
1024,measured,41,0,handwritten,0,7.0800000000000004e-07,4.58e-07,1.6599999999999807e-07,1.2500000000000304e-07,2.5834888219833374e-06,0.000223458,12288
1024,measured,41,1,generated,0,7.0900000000000001e-07,6.6700000000000003e-07,1.6599999999999807e-07,8.3999999999994452e-08,2.6249326765537262e-06,0.000219917,12288
1024,measured,42,0,generated,0,8.3399999999999998e-07,5.8299999999999997e-07,2.0900000000000427e-07,1.2500000000000304e-07,2.6253983378410339e-06,0.00024499999999999999,12288
1024,measured,42,1,handwritten,0,7.92e-07,1.5829999999999999e-06,2.5000000000000608e-07,4.5900000000000357e-07,0.00038945814594626427,0.00058449999999999995,12288
1024,measured,43,0,handwritten,0,1.542e-06,1.2079999999999999e-06,8.3299999999999694e-07,2.5000000000000608e-07,7.3041766881942749e-05,0.00022837500000000001,12288
1024,measured,43,1,generated,0,8.7499999999999999e-07,8.7499999999999999e-07,2.0899999999999749e-07,1.6599999999999807e-07,7.2000082582235336e-05,0.00019341700000000001,12288
1024,measured,44,0,generated,0,9.5900000000000005e-07,6.2500000000000005e-07,3.3299999999999834e-07,1.2500000000000304e-07,2.6249326765537262e-06,0.000122917,12288
1024,measured,44,1,handwritten,0,7.92e-07,4.9999999999999998e-07,1.679999999999889e-07,1.2500000000000304e-07,4.3749809265136719e-05,0.00014058399999999999,12288
1024,measured,45,0,handwritten,0,7.5000000000000002e-07,6.2500000000000005e-07,2.0800000000000885e-07,1.2500000000000304e-07,4.9083493649959564e-05,0.00023225000000000001,12288
1024,measured,45,1,generated,0,9.5900000000000005e-07,5.8299999999999997e-07,2.9100000000000111e-07,8.3000000000005812e-08,4.0458515286445618e-05,0.000170292,12288
1024,measured,46,0,generated,0,8.3399999999999998e-07,3.2909999999999999e-06,1.6700000000000026e-07,6.2500000000000164e-07,4.9583148211240768e-05,0.00028150000000000001,12288
1024,measured,46,1,handwritten,0,1.9580000000000001e-06,7.5000000000000002e-07,6.2500000000000164e-07,2.079999999999953e-07,4.9875117838382721e-05,0.00023575000000000001,12288
1024,measured,47,0,handwritten,0,8.3300000000000001e-07,3.1659999999999998e-06,2.5000000000000608e-07,4.999999999999986e-07,4.7374982386827469e-05,0.00024933300000000002,12288
1024,measured,47,1,generated,0,2.0420000000000001e-06,8.3300000000000001e-07,9.1700000000000494e-07,2.079999999999953e-07,8.9708250015974045e-05,0.00028591700000000001,12288
1024,measured,48,0,generated,0,1.0419999999999999e-06,7.92e-07,4.1600000000000415e-07,2.079999999999953e-07,8.8499858975410461e-05,0.00024545799999999999,12288
1024,measured,48,1,handwritten,0,8.3399999999999998e-07,4.9999999999999998e-07,2.5099999999999472e-07,1.2500000000000304e-07,2.2291671484708786e-05,0.000121334,12288
1024,measured,49,0,handwritten,0,7.5000000000000002e-07,6.6700000000000003e-07,1.679999999999889e-07,1.2500000000000304e-07,2.4416483938694e-05,0.00012324999999999999,12288
1024,measured,49,1,generated,0,8.3300000000000001e-07,5.4099999999999999e-07,2.4900000000000388e-07,1.6700000000000026e-07,4.5333057641983032e-05,0.00017666599999999999,12288
1024,measured,50,0,generated,0,7.5000000000000002e-07,4.9999999999999998e-07,2.0800000000000885e-07,1.2500000000000304e-07,4.6750064939260483e-05,0.00015845799999999999,12288
1024,measured,50,1,handwritten,0,7.5000000000000002e-07,5.4199999999999996e-07,1.6600000000001162e-07,1.2500000000000304e-07,3.5083387047052383e-05,0.00013008299999999999,12288
1024,measured,51,0,handwritten,0,7.9100000000000003e-07,8.7499999999999999e-07,1.6600000000001162e-07,1.6599999999999807e-07,3.9458274841308594e-05,0.00015449999999999999,12288
1024,measured,51,1,generated,0,8.3300000000000001e-07,5.8299999999999997e-07,2.0800000000000885e-07,1.2500000000000304e-07,4.1958410292863846e-05,0.00017183300000000001,12288
1024,measured,52,0,generated,0,8.7499999999999999e-07,4.9999999999999998e-07,2.4999999999999252e-07,1.2500000000000304e-07,4.7875102609395981e-05,0.00016124999999999999,12288
1024,measured,52,1,handwritten,0,7.0900000000000001e-07,4.9999999999999998e-07,1.6600000000001162e-07,8.3000000000005812e-08,4.9750320613384247e-05,0.00014683400000000001,12288
1024,measured,53,0,handwritten,0,7.5000000000000002e-07,6.6700000000000003e-07,1.6600000000001162e-07,1.6700000000000026e-07,4.8624817281961441e-05,0.00014383399999999999,12288
1024,measured,53,1,generated,0,7.5000000000000002e-07,5.4099999999999999e-07,1.679999999999889e-07,1.2500000000000304e-07,4.8750080168247223e-05,0.00016699999999999999,12288
1024,measured,54,0,generated,0,7.5000000000000002e-07,4.9999999999999998e-07,1.6700000000000026e-07,1.2500000000000304e-07,0.00015291664749383926,0.00027074999999999999,12288
1024,measured,54,1,handwritten,0,7.9100000000000003e-07,6.6700000000000003e-07,1.6600000000001162e-07,1.2500000000000304e-07,9.4249844551086426e-05,0.00020354100000000001,12288
1024,measured,55,0,handwritten,0,8.3300000000000001e-07,6.2500000000000005e-07,2.0800000000000885e-07,1.6700000000000026e-07,7.5041782110929489e-05,0.00019745799999999999,12288
1024,measured,55,1,generated,0,8.3399999999999998e-07,6.2500000000000005e-07,1.6600000000001162e-07,1.6700000000000026e-07,5.9499870985746384e-05,0.000187875,12288
1024,measured,56,0,generated,0,7.5000000000000002e-07,4.9999999999999998e-07,2.0899999999999749e-07,1.6700000000000026e-07,5.5083073675632477e-05,0.00017070900000000001,12288
1024,measured,56,1,handwritten,0,7.0900000000000001e-07,4.9999999999999998e-07,1.6600000000001162e-07,1.2500000000000304e-07,5.0250440835952759e-05,0.00014441700000000001,12288
1024,measured,57,0,handwritten,0,7.5000000000000002e-07,4.9999999999999998e-07,1.6600000000001162e-07,1.2500000000000304e-07,9.0874731540679932e-05,0.00019316599999999999,12288
1024,measured,57,1,generated,0,7.92e-07,4.9999999999999998e-07,2.0800000000000885e-07,1.2500000000000304e-07,5.8500096201896667e-05,0.00016754199999999999,12288
1024,measured,58,0,generated,0,7.92e-07,5.4199999999999996e-07,1.679999999999889e-07,1.2500000000000304e-07,6.0500111430883408e-05,0.00017216700000000001,12288
1024,measured,58,1,handwritten,0,8.3399999999999998e-07,6.2500000000000005e-07,2.5099999999999472e-07,1.2500000000000304e-07,4.3916516005992889e-05,0.00014479200000000001,12288
1024,measured,59,0,handwritten,0,7.5000000000000002e-07,6.6599999999999996e-07,2.0800000000000885e-07,8.3000000000005812e-08,3.5541597753763199e-05,0.00013625000000000001,12288
1024,measured,59,1,generated,0,7.5000000000000002e-07,7.0800000000000004e-07,1.6600000000001162e-07,1.6700000000000026e-07,0.00010720826685428619,0.00022766600000000001,12288
1024,measured,60,0,generated,0,7.92e-07,5.4199999999999996e-07,2.0800000000000885e-07,1.2500000000000304e-07,5.5832788348197937e-06,0.00013100000000000001,12288
1024,measured,60,1,handwritten,0,7.5000000000000002e-07,7.0800000000000004e-07,1.679999999999889e-07,1.6700000000000026e-07,7.8958459198474884e-05,0.00042137499999999998,12288
1024,measured,61,0,handwritten,0,8.7909999999999993e-06,8.7499999999999999e-07,4.5699999999999918e-07,2.079999999999953e-07,0.00020295847207307816,0.00047275000000000003,12288
1024,measured,61,1,generated,0,8.7499999999999999e-07,6.6700000000000003e-07,2.920000000000033e-07,1.2500000000000304e-07,2.7497299015522003e-06,0.00017045799999999999,12288
1024,measured,62,0,generated,0,7.92e-07,5.8400000000000004e-07,1.679999999999889e-07,1.6700000000000026e-07,2.7497299015522003e-06,0.000183,12288
1024,measured,62,1,handwritten,0,7.0800000000000004e-07,7.0800000000000004e-07,1.679999999999889e-07,1.2500000000000304e-07,2.6249326765537262e-06,0.000229917,12288
1024,measured,63,0,handwritten,0,7.5000000000000002e-07,6.6700000000000003e-07,2.5000000000000608e-07,1.2500000000000304e-07,2.5415793061256409e-06,0.00024304200000000001,12288
1024,measured,63,1,generated,0,7.5000000000000002e-07,7.9100000000000003e-07,1.6700000000000026e-07,2.079999999999953e-07,2.6249326765537262e-06,0.0002165,12288
1024,measured,64,0,generated,0,8.7499999999999999e-07,5.8299999999999997e-07,2.5000000000000608e-07,1.2500000000000304e-07,2.6249326765537262e-06,0.000200416,12288
1024,measured,64,1,handwritten,0,8.7499999999999999e-07,4.8330000000000001e-06,1.6700000000000026e-07,6.6599999999999667e-07,2.6249326765537262e-06,0.00023062500000000001,12288
1024,measured,65,0,handwritten,0,1.792e-06,6.2500000000000005e-07,5.8300000000000441e-07,1.6700000000000026e-07,2.7087517082691193e-06,0.000184542,12288
1024,measured,65,1,generated,0,9.16e-07,6.6700000000000003e-07,2.9100000000000111e-07,1.6700000000000026e-07,2.6249326765537262e-06,0.00025874999999999997,12288
1024,measured,66,0,generated,0,1.083e-06,3.1250000000000001e-06,4.999999999999986e-07,4.5900000000000357e-07,2.5415793061256409e-06,0.000221208,12288
1024,measured,66,1,handwritten,0,1.7910000000000001e-06,7.5000000000000002e-07,7.079999999999939e-07,2.5000000000000608e-07,2.7497299015522003e-06,0.00023512500000000001,12288
1024,measured,67,0,handwritten,0,1.125e-06,3.208e-06,3.7500000000000912e-07,5.8300000000000441e-07,2.6249326765537262e-06,0.00032475000000000001,12288
1024,measured,67,1,generated,0,1.916e-06,2.2500000000000001e-06,7.920000000000019e-07,4.5900000000000357e-07,2.6253983378410339e-06,0.0002185,12288
1024,measured,68,0,generated,0,2.0420000000000001e-06,6.6700000000000003e-07,6.6699999999999887e-07,1.6700000000000026e-07,2.4996697902679443e-06,0.00021566700000000001,12288
1024,measured,68,1,handwritten,0,9.9999999999999995e-07,5.4099999999999999e-07,3.3400000000000053e-07,8.3000000000005812e-08,2.6249326765537262e-06,0.00018108299999999999,12288
1024,measured,69,0,handwritten,0,7.0800000000000004e-07,5.8400000000000004e-07,1.6600000000001162e-07,1.2500000000000304e-07,2.6249326765537262e-06,0.00024125000000000001,12288
1024,measured,69,1,generated,0,7.5000000000000002e-07,6.2500000000000005e-07,2.0800000000000885e-07,1.6700000000000026e-07,2.6253983378410339e-06,0.000219333,12288
1024,measured,70,0,generated,0,7.9100000000000003e-07,8.1669999999999999e-06,2.0899999999999749e-07,1.2500000000000304e-07,2.6249326765537262e-06,0.00021325000000000001,12288
1024,measured,70,1,handwritten,0,8.3300000000000001e-07,5.8299999999999997e-07,1.679999999999889e-07,1.6599999999999807e-07,2.5415793061256409e-06,0.00019987499999999999,12288
1024,measured,71,0,handwritten,0,7.92e-07,3.208e-06,2.5000000000000608e-07,5.8300000000000441e-07,2.6249326765537262e-06,0.00022212499999999999,12288
1024,measured,71,1,generated,0,1.792e-06,6.6599999999999996e-07,6.2600000000000383e-07,1.6700000000000026e-07,2.5001354515552521e-06,0.00025112499999999999,12288
1024,measured,72,0,generated,0,8.3399999999999998e-07,2.5409999999999999e-06,2.5000000000000608e-07,4.999999999999986e-07,2.7082860469818115e-06,0.00024399999999999999,12288
1024,measured,72,1,handwritten,0,1.9580000000000001e-06,2.1670000000000002e-06,7.4999999999999113e-07,4.5900000000000357e-07,3.0836090445518494e-06,0.00028754099999999999,12288
1024,measured,73,0,handwritten,0,1.875e-06,1.666e-06,6.6699999999999887e-07,2.5000000000000608e-07,3.0416995286941528e-06,0.000227125,12288
1024,measured,73,1,generated,0,1.75e-06,7.5000000000000002e-07,6.2500000000000164e-07,1.6599999999999807e-07,3.0831433832645416e-06,0.000221084,12288
1024,measured,74,0,generated,0,9.1699999999999997e-07,6.2500000000000005e-07,3.3299999999999834e-07,1.6700000000000026e-07,3.1250528991222382e-06,0.000312875,12288
1024,measured,74,1,handwritten,0,8.7499999999999999e-07,6.6599999999999996e-07,2.0800000000000885e-07,1.6700000000000026e-07,3.1250528991222382e-06,0.00023770799999999999,12288
1024,measured,75,0,handwritten,0,7.5000000000000002e-07,8.7499999999999999e-07,2.0800000000000885e-07,1.6599999999999807e-07,3.1250528991222382e-06,0.00024737499999999998,12288
1024,measured,75,1,generated,0,7.9100000000000003e-07,6.2500000000000005e-07,2.5000000000000608e-07,1.6700000000000026e-07,0.00024149985983967781,0.00046883299999999999,12288
1024,measured,76,0,generated,0,1.291e-06,5.8299999999999997e-07,4.5900000000000357e-07,1.2500000000000304e-07,3.750016912817955e-05,0.000211583,12288
1024,measured,76,1,handwritten,0,9.9999999999999995e-07,7.0900000000000001e-07,4.5800000000000137e-07,1.6700000000000026e-07,3.2498501241207123e-06,0.00029595799999999997,12288
1024,measured,77,0,handwritten,0,8.3300000000000001e-07,5.8299999999999997e-07,2.0800000000000885e-07,8.3999999999994452e-08,3.166496753692627e-06,0.00024075,12288
1024,measured,77,1,generated,0,8.7499999999999999e-07,1.0410000000000001e-06,2.920000000000033e-07,2.920000000000033e-07,2.6249326765537262e-06,0.000219125,12288
1024,measured,78,0,generated,0,9.9999999999999995e-07,7.0800000000000004e-07,2.5000000000000608e-07,1.6700000000000026e-07,2.6249326765537262e-06,0.0001995,12288
1024,measured,78,1,handwritten,0,8.7499999999999999e-07,7.0800000000000004e-07,2.0800000000000885e-07,1.6599999999999807e-07,2.6253983378410339e-06,0.000174709,12288
1024,measured,79,0,handwritten,0,7.5000000000000002e-07,6.6599999999999996e-07,1.6600000000001162e-07,1.6700000000000026e-07,2.5834888219833374e-06,0.000209333,12288
1024,measured,79,1,generated,0,7.92e-07,7.0800000000000004e-07,2.0800000000000885e-07,1.6700000000000026e-07,2.6249326765537262e-06,0.00021312499999999999,12288
1024,measured,80,0,generated,0,7.92e-07,8.7499999999999999e-07,2.5000000000000608e-07,1.2500000000000304e-07,2.6249326765537262e-06,0.00021933400000000001,12288
1024,measured,80,1,handwritten,0,9.1699999999999997e-07,8.3399999999999998e-07,2.5000000000000608e-07,2.5000000000000608e-07,2.6249326765537262e-06,0.000210917,12288
1024,measured,81,0,handwritten,0,8.7499999999999999e-07,7.5000000000000002e-07,2.0800000000000885e-07,1.2500000000000304e-07,2.5001354515552521e-06,0.00020412499999999999,12288
1024,measured,81,1,generated,0,9.5900000000000005e-07,6.2500000000000005e-07,2.920000000000033e-07,1.2500000000000304e-07,2.6249326765537262e-06,0.00020049999999999999,12288
1024,measured,82,0,generated,0,9.9999999999999995e-07,6.6700000000000003e-07,2.0800000000000885e-07,1.2500000000000304e-07,2.6249326765537262e-06,0.00022062500000000001,12288
1024,measured,82,1,handwritten,0,8.7499999999999999e-07,6.6700000000000003e-07,2.5000000000000608e-07,1.2500000000000304e-07,2.6249326765537262e-06,0.00020841699999999999,12288
1024,measured,83,0,handwritten,0,9.1699999999999997e-07,6.2500000000000005e-07,2.5000000000000608e-07,1.6599999999999807e-07,2.6249326765537262e-06,0.000214417,12288
1024,measured,83,1,generated,0,8.3300000000000001e-07,7.5000000000000002e-07,2.0899999999999749e-07,2.079999999999953e-07,2.666376531124115e-06,0.000219166,12288
1024,measured,84,0,generated,0,8.7499999999999999e-07,7.5000000000000002e-07,2.5000000000000608e-07,2.079999999999953e-07,2.6249326765537262e-06,0.00020225000000000001,12288
1024,measured,84,1,handwritten,0,7.5000000000000002e-07,7.0800000000000004e-07,2.0800000000000885e-07,1.2500000000000304e-07,2.5830231606960297e-06,0.00017966600000000001,12288
1024,measured,85,0,handwritten,0,7.5000000000000002e-07,5.8299999999999997e-07,2.5000000000000608e-07,1.6700000000000026e-07,2.6249326765537262e-06,0.000208958,12288
1024,measured,85,1,generated,0,8.3300000000000001e-07,7.0900000000000001e-07,2.4999999999999252e-07,1.6700000000000026e-07,2.6668421924114227e-06,0.00015516600000000001,12288
1024,measured,86,0,generated,0,7.5000000000000002e-07,6.6700000000000003e-07,1.679999999999889e-07,1.6700000000000026e-07,2.5420449674129486e-06,0.000220917,12288
1024,measured,86,1,handwritten,0,9.1699999999999997e-07,6.6700000000000003e-07,2.0800000000000885e-07,1.2500000000000304e-07,2.5834888219833374e-06,0.00021695800000000001,12288
1024,measured,87,0,handwritten,0,9.16e-07,6.6700000000000003e-07,2.0800000000000885e-07,1.2500000000000304e-07,2.5415793061256409e-06,0.00020450000000000001,12288
1024,measured,87,1,generated,0,9.1699999999999997e-07,6.2500000000000005e-07,2.0899999999999749e-07,1.6700000000000026e-07,2.7082860469818115e-06,0.00022166699999999999,12288
1024,measured,88,0,generated,0,7.5000000000000002e-07,6.2500000000000005e-07,2.0899999999999749e-07,1.2500000000000304e-07,2.6249326765537262e-06,0.00019841699999999999,12288
1024,measured,88,1,handwritten,0,8.3399999999999998e-07,6.2500000000000005e-07,2.5099999999999472e-07,1.2500000000000304e-07,2.8749927878379822e-06,0.00027799999999999998,12288
1024,measured,89,0,handwritten,0,7.5000000000000002e-07,8.3300000000000001e-07,1.6600000000001162e-07,2.5000000000000608e-07,9.3499664217233658e-05,0.000247125,12288
1024,measured,89,1,generated,0,9.1699999999999997e-07,7.5000000000000002e-07,2.5000000000000608e-07,1.6700000000000026e-07,0.00016275001689791679,0.00028754200000000001,12288
1024,measured,90,0,generated,0,9.16e-07,7.5000000000000002e-07,2.5000000000000608e-07,1.6700000000000026e-07,4.916684702038765e-05,0.0001705,12288
1024,measured,90,1,handwritten,0,9.1699999999999997e-07,7.0900000000000001e-07,2.920000000000033e-07,1.6700000000000026e-07,0.00013200007379055023,0.00023679199999999999,12288
1024,measured,91,0,handwritten,0,7.5000000000000002e-07,7.5000000000000002e-07,2.5000000000000608e-07,1.2500000000000304e-07,7.2541646659374237e-05,0.00017204199999999999,12288
1024,measured,91,1,generated,0,9.16e-07,5.4099999999999999e-07,2.0800000000000885e-07,1.6700000000000026e-07,6.1875209212303162e-05,0.000177916,12288
1024,measured,92,0,generated,0,7.5000000000000002e-07,5.4199999999999996e-07,1.6600000000001162e-07,1.6599999999999807e-07,5.3083058446645737e-05,0.000178083,12288
1024,measured,92,1,handwritten,0,7.9100000000000003e-07,6.6700000000000003e-07,1.6600000000001162e-07,1.6599999999999807e-07,5.029141902923584e-05,0.00015029099999999999,12288
1024,measured,93,0,handwritten,0,8.7499999999999999e-07,6.2500000000000005e-07,1.6700000000000026e-07,1.2500000000000304e-07,4.8375222831964493e-05,0.000151416,12288
1024,measured,93,1,generated,0,7.92e-07,8.3399999999999998e-07,1.679999999999889e-07,2.079999999999953e-07,5.6541524827480316e-05,0.00018408399999999999,12288
1024,measured,94,0,generated,0,9.5900000000000005e-07,7.0900000000000001e-07,2.5000000000000608e-07,1.6599999999999807e-07,3.166496753692627e-06,0.00012420899999999999,12288
1024,measured,94,1,handwritten,0,9.5799999999999998e-07,6.6700000000000003e-07,2.5000000000000608e-07,1.6599999999999807e-07,6.1499886214733124e-05,0.000168667,12288
1024,measured,95,0,handwritten,0,9.5799999999999998e-07,6.6599999999999996e-07,2.5000000000000608e-07,1.6700000000000026e-07,0.00038074981421232224,0.00052383300000000002,12288
1024,measured,95,1,generated,0,8.7499999999999999e-07,6.6700000000000003e-07,2.5000000000000608e-07,1.6700000000000026e-07,5.0291884690523148e-05,0.00020824999999999999,12288
1024,measured,96,0,generated,0,9.5799999999999998e-07,6.6700000000000003e-07,2.5000000000000608e-07,1.6700000000000026e-07,7.8166835010051727e-05,0.000198875,12288
1024,measured,96,1,handwritten,0,9.1699999999999997e-07,7.0900000000000001e-07,2.0800000000000885e-07,1.6599999999999807e-07,9.5375347882509232e-05,0.00020108300000000001,12288
1024,measured,97,0,handwritten,0,9.1699999999999997e-07,6.6700000000000003e-07,2.0800000000000885e-07,1.6599999999999807e-07,0.00011458341032266617,0.00024129199999999999,12288
1024,measured,97,1,generated,0,9.16e-07,6.2500000000000005e-07,1.6700000000000026e-07,8.3000000000005812e-08,6.0250051319599152e-05,0.000183666,12288
1024,measured,98,0,generated,0,7.5000000000000002e-07,5.8299999999999997e-07,1.6600000000001162e-07,1.2500000000000304e-07,5.5833254009485245e-05,0.00017954099999999999,12288
1024,measured,98,1,handwritten,0,7.92e-07,6.2500000000000005e-07,2.0800000000000885e-07,1.2500000000000304e-07,4.9499794840812683e-05,0.00014879199999999999,12288
1024,measured,99,0,handwritten,0,9.1699999999999997e-07,6.2500000000000005e-07,2.0800000000000885e-07,1.6700000000000026e-07,0.00010175025090575218,0.000232458,12288
1024,measured,99,1,generated,0,9.1699999999999997e-07,6.2500000000000005e-07,2.0800000000000885e-07,1.6700000000000026e-07,3.9499718695878983e-05,0.00015791700000000001,12288
65536,warmup,0,0,generated,0,3.4749999999999998e-05,5.6670000000000001e-06,3.3707999999999996e-05,5.083999999999994e-06,7.7375210821628571e-05,0.00026754200000000001,786432
65536,warmup,0,1,handwritten,0,7.542e-06,5.2499999999999997e-06,6.8749999999999909e-06,4.665999999999999e-06,0.00011825002729892731,0.000252458,786432
65536,warmup,1,0,handwritten,0,7.6669999999999996e-06,4.2919999999999997e-06,7.0000000000000075e-06,3.8749999999999993e-06,0.0001027081161737442,0.00021104199999999999,786432
65536,warmup,1,1,generated,0,7.5000000000000002e-06,5.0420000000000002e-06,6.8320000000000186e-06,4.500000000000001e-06,5.7207886129617691e-05,0.00018537499999999999,786432
65536,warmup,2,0,generated,0,7.4580000000000004e-06,4.1670000000000001e-06,6.7909999999999965e-06,3.667000000000004e-06,5.5250246077775955e-05,0.00020045800000000001,786432
65536,warmup,2,1,handwritten,0,7.875e-06,4.583e-06,7.0829999999999862e-06,4.0419999999999996e-06,5.1208306103944778e-05,0.00016120800000000001,786432
65536,warmup,3,0,handwritten,0,8.2500000000000006e-06,5.3329999999999996e-06,7.2500000000000136e-06,4.7499999999999935e-06,4.8291869461536407e-05,0.00015741600000000001,786432
65536,warmup,3,1,generated,0,7.6249999999999998e-06,4.8330000000000001e-06,6.9170000000000017e-06,4.2499999999999949e-06,8.3749182522296906e-06,0.00017704099999999999,786432
65536,warmup,4,0,generated,0,8.4160000000000004e-06,4.916e-06,7.7079999999999879e-06,4.3750000000000115e-06,0.00015170825645327568,0.00028979100000000002,786432
65536,warmup,4,1,handwritten,0,7.9580000000000007e-06,4.6659999999999999e-06,7.2079999999999757e-06,3.9170000000000101e-06,5.7085417211055756e-06,0.000299833,786432
65536,warmup,5,0,handwritten,0,9.1249999999999999e-06,4.8749999999999999e-06,8.2500000000000108e-06,4.3750000000000115e-06,5.6251883506774902e-06,0.00017425000000000001,786432
65536,warmup,5,1,generated,0,7.25e-06,5.0000000000000004e-06,6.625000000000012e-06,4.4160000000000065e-06,5.8752484619617462e-06,0.00019079200000000001,786432
65536,warmup,6,0,generated,0,8.9579999999999996e-06,4.7910000000000004e-06,8.1249999999999942e-06,4.2499999999999949e-06,5.6251883506774902e-06,0.00017683299999999999,786432
65536,warmup,6,1,handwritten,0,7.3329999999999999e-06,4.8749999999999999e-06,6.7080000000000178e-06,4.3330000000000007e-06,5.7085417211055756e-06,0.000152041,786432
65536,warmup,7,0,handwritten,0,7.4170000000000003e-06,4.8330000000000001e-06,6.707000000000002e-06,4.2920000000000057e-06,5.5832788348197937e-06,0.000153833,786432
65536,warmup,7,1,generated,0,7.1670000000000002e-06,5.1250000000000001e-06,6.5830000000000012e-06,4.5420000000000117e-06,5.5418349802494049e-06,0.00018758300000000001,786432
65536,warmup,8,0,generated,0,7.7500000000000003e-06,5.0420000000000002e-06,7.0419999999999641e-06,4.4579999999999902e-06,5.5832788348197937e-06,0.00018325000000000001,786432
65536,warmup,8,1,handwritten,0,7.25e-06,4.792e-06,6.625000000000012e-06,4.2909999999999899e-06,5.666632205247879e-06,0.000193041,786432
65536,warmup,9,0,handwritten,0,7.1659999999999997e-06,4.8330000000000001e-06,6.4999999999999954e-06,4.2920000000000057e-06,5.6247226893901825e-06,0.000168083,786432
65536,warmup,9,1,generated,0,7.4170000000000003e-06,4.25e-06,6.7080000000000178e-06,3.7919999999999935e-06,6.7083165049552917e-06,0.00021458299999999999,786432
65536,measured,0,0,generated,0,8.1249999999999993e-06,5.0000000000000004e-06,7.2909999999999815e-06,4.3750000000000115e-06,7.0831738412380219e-06,0.00023425,786432
65536,measured,0,1,handwritten,0,1.2e-05,4.4159999999999997e-06,1.1167000000000024e-05,3.7079999999999991e-06,8.4582716226577759e-06,0.000146625,786432
65536,measured,1,0,handwritten,0,8.4169999999999992e-06,4.8749999999999999e-06,7.7079999999999337e-06,4.3330000000000007e-06,2.0499806851148605e-05,0.00013637499999999999,786432
65536,measured,1,1,generated,0,7.875e-06,4.8330000000000001e-06,7.1659999999999649e-06,4.3330000000000007e-06,0.00010774983093142509,0.00023920899999999999,786432
65536,measured,2,0,generated,0,7.25e-06,5.3329999999999996e-06,6.5420000000000061e-06,4.750000000000007e-06,7.2166789323091507e-05,0.000202041,786432
65536,measured,2,1,handwritten,0,7.9170000000000006e-06,4.7910000000000004e-06,7.2080000000000841e-06,4.2499999999999949e-06,0.00033395830541849136,0.00044820800000000002,786432
65536,measured,3,0,handwritten,0,7.2089999999999999e-06,4.9169999999999997e-06,6.4999999999999954e-06,4.3750000000000115e-06,0.00015204166993498802,0.00026733399999999999,786432
65536,measured,3,1,generated,0,7.9999999999999996e-06,4.9579999999999998e-06,7.2909999999999815e-06,4.4590000000000059e-06,7.1874819695949554e-05,0.00020041699999999999,786432
65536,measured,4,0,generated,0,7.4590000000000001e-06,4.8749999999999999e-06,6.7910000000000236e-06,4.3339999999999893e-06,6.337510421872139e-05,0.000191084,786432
65536,measured,4,1,handwritten,0,7.6249999999999998e-06,4.8339999999999998e-06,7.0000000000000617e-06,4.3330000000000007e-06,6.2291976064443588e-05,0.000174041,786432
65536,measured,5,0,handwritten,0,7.25e-06,4.916e-06,6.5409999999999904e-06,4.3330000000000007e-06,7.4208248406648636e-05,0.00018675000000000001,786432
65536,measured,5,1,generated,0,7.2089999999999999e-06,4.792e-06,6.5420000000000061e-06,4.2499999999999949e-06,6.354181095957756e-05,0.00019062500000000001,786432
65536,measured,6,0,generated,0,7.2080000000000003e-06,4.6249999999999998e-06,6.5010000000000111e-06,4.0840000000000104e-06,0.00013345852494239807,0.00026070800000000001,786432
65536,measured,6,1,handwritten,0,8.1249999999999993e-06,4.916e-06,7.4169999999999054e-06,4.4169999999999951e-06,6.7250337451696396e-05,0.00017920800000000001,786432
65536,measured,7,0,handwritten,0,7.3329999999999999e-06,5.0409999999999997e-06,6.6670000000000227e-06,4.4579999999999902e-06,7.8666955232620239e-05,0.00019045800000000001,786432
65536,measured,7,1,generated,0,7.25e-06,4.8330000000000001e-06,6.5840000000000169e-06,4.3339999999999893e-06,9.687524288892746e-05,0.00023087499999999999,786432
65536,measured,8,0,generated,0,7.6249999999999998e-06,4.9590000000000003e-06,6.9580000000000509e-06,4.3750000000000115e-06,8.1792008131742477e-05,0.00021704100000000001,786432
65536,measured,8,1,handwritten,0,7.5000000000000002e-06,4.8749999999999999e-06,6.7920000000000393e-06,4.3329999999999736e-06,5.3499825298786163e-05,0.000160042,786432
65536,measured,9,0,handwritten,0,7.3339999999999996e-06,5.2499999999999997e-06,6.6670000000000227e-06,4.7080000000000234e-06,7.9874880611896515e-05,0.00019574999999999999,786432
65536,measured,9,1,generated,0,8.3750000000000003e-06,4.583e-06,7.7080000000000421e-06,3.9999999999999888e-06,7.7250413596630096e-05,0.000207042,786432
65536,measured,10,0,generated,0,8.3340000000000002e-06,4.25e-06,7.6659999999999229e-06,3.7910000000000049e-06,8.3541497588157654e-05,0.00021095900000000001,786432
65536,measured,10,1,handwritten,0,7.7500000000000003e-06,4.3329999999999998e-06,7.1660000000000734e-06,3.8750000000000264e-06,5.8374833315610886e-05,0.000198958,786432
65536,measured,11,0,handwritten,0,1.7334e-05,1.0875e-05,1.633400000000001e-05,3.7500000000000098e-06,0.0001054997555911541,0.00024149999999999999,786432
65536,measured,11,1,generated,0,8.3329999999999997e-06,5.0409999999999997e-06,7.6249999999999278e-06,4.5420000000000117e-06,5.4624862968921661e-05,0.00018741600000000001,786432
65536,measured,12,0,generated,0,7.25e-06,4.7500000000000003e-06,6.5830000000000012e-06,4.2080000000000112e-06,5.5750366300344467e-05,0.000185083,786432
65536,measured,12,1,handwritten,0,7.3339999999999996e-06,5.1669999999999998e-06,6.666000000000007e-06,4.5830000000000068e-06,5.0249975174665451e-05,0.00016120899999999999,786432
65536,measured,13,0,handwritten,0,7.5839999999999997e-06,5.0420000000000002e-06,6.8740000000000294e-06,4.4590000000000059e-06,8.5624866187572479e-05,0.000199292,786432
65536,measured,13,1,generated,0,9.5000000000000005e-06,5.0000000000000004e-06,8.7080000000000664e-06,4.4579999999999902e-06,3.6125071346759796e-05,0.00016908299999999999,786432
65536,measured,14,0,generated,0,9.2909999999999996e-06,4.9579999999999998e-06,8.500000000000044e-06,4.4169999999999951e-06,0.00017149979248642921,0.00031683299999999998,786432
65536,measured,14,1,handwritten,0,1.0417e-05,4.7910000000000004e-06,9.6249999999999765e-06,4.250000000000022e-06,5.6247226893901825e-06,0.000219667,786432
65536,measured,15,0,handwritten,0,7.4580000000000004e-06,4.8749999999999999e-06,6.7510000000000443e-06,4.3329999999999736e-06,5.6247226893901825e-06,0.00015291600000000001,786432
65536,measured,15,1,generated,0,7.5000000000000002e-06,4.9579999999999998e-06,6.8749999999999367e-06,4.4169999999999951e-06,5.7499855756759644e-06,0.00017729200000000001,786432
65536,measured,16,0,generated,0,7.6249999999999998e-06,5.417e-06,6.9169999999999475e-06,4.790999999999975e-06,5.5832788348197937e-06,0.00018445899999999999,786432
65536,measured,16,1,handwritten,0,8.8750000000000006e-06,5.3750000000000002e-06,8.0830000000000918e-06,4.8329999999999857e-06,5.8333389461040497e-06,0.00016375,786432
65536,measured,17,0,handwritten,0,7.6669999999999996e-06,5.0830000000000003e-06,7.0409999999999483e-06,4.500000000000001e-06,6.3749030232429504e-06,0.000208042,786432
65536,measured,17,1,generated,0,7.9170000000000006e-06,4.792e-06,7.2510000000000022e-06,4.250000000000022e-06,6.3749030232429504e-06,0.000162709,786432
65536,measured,18,0,generated,0,9.1249999999999999e-06,4.7910000000000004e-06,8.2920000000000216e-06,4.3339999999999893e-06,6.4997002482414246e-06,0.00019000000000000001,786432
65536,measured,18,1,handwritten,0,7.25e-06,4.9169999999999997e-06,6.6249999999999035e-06,4.2919999999999786e-06,6.6249631345272064e-06,0.0001805,786432
65536,measured,19,0,handwritten,0,7.5000000000000002e-06,4.9579999999999998e-06,6.8339999999998333e-06,4.4169999999999951e-06,6.3749030232429504e-06,0.00020187499999999999,786432
65536,measured,19,1,generated,0,7.6249999999999998e-06,5.0830000000000003e-06,6.9160000000000402e-06,4.5840000000000225e-06,6.3749030232429504e-06,0.00018270800000000001,786432
65536,measured,20,0,generated,0,7.542e-06,4.916e-06,6.8339999999998333e-06,4.3329999999999736e-06,6.6249631345272064e-06,0.00021066699999999999,786432
65536,measured,20,1,handwritten,0,7.2089999999999999e-06,5.2079999999999999e-06,6.540999999999882e-06,4.7089999999999849e-06,6.4582563936710358e-06,0.000240917,786432
65536,measured,21,0,handwritten,0,7.25e-06,4.2919999999999997e-06,6.5829999999998928e-06,3.8330000000000156e-06,6.3749030232429504e-06,0.000189834,786432
65536,measured,21,1,generated,0,8.5830000000000007e-06,4.25e-06,7.8750000000000694e-06,3.7920000000000206e-06,6.6254287958145142e-06,0.000184208,786432
65536,measured,22,0,generated,0,9.2920000000000001e-06,4.583e-06,8.5829999999999414e-06,4.0419999999999996e-06,6.5001659095287323e-06,0.000212375,786432
65536,measured,22,1,handwritten,0,7.8329999999999994e-06,4.9590000000000003e-06,7.1249999999999699e-06,4.4579999999999902e-06,6.3753686845302582e-06,0.00017720799999999999,786432
65536,measured,23,0,handwritten,0,7.25e-06,9.4579999999999999e-06,6.5829999999998928e-06,8.7089999999999737e-06,5.5832788348197937e-06,0.000166708,786432
65536,measured,23,1,generated,0,7.8329999999999994e-06,4.2080000000000002e-06,7.1260000000000941e-06,3.7079999999999991e-06,5.5837444961071014e-06,0.000207791,786432
65536,measured,24,0,generated,0,4.4709000000000002e-05,4.1670000000000001e-06,3.6708000000000096e-05,3.667000000000004e-06,5.5832788348197937e-06,0.00022762499999999999,786432
65536,measured,24,1,handwritten,0,1.4e-05,5.1250000000000001e-06,1.3124999999999899e-05,4.5830000000000068e-06,5.5832788348197937e-06,0.000179583,786432
65536,measured,25,0,handwritten,0,7.2089999999999999e-06,4.9590000000000003e-06,6.540999999999882e-06,4.4159999999999794e-06,5.5832788348197937e-06,0.000168584,786432
65536,measured,25,1,generated,0,7.1670000000000002e-06,4.8330000000000001e-06,6.5839999999998001e-06,4.3339999999999893e-06,5.4999254643917084e-06,0.00018941699999999999,786432
65536,measured,26,0,generated,0,7.2919999999999998e-06,4.9590000000000003e-06,6.6260000000000277e-06,4.4159999999999794e-06,5.5832788348197937e-06,0.00019183399999999999,786432
65536,measured,26,1,handwritten,0,7.2080000000000003e-06,4.9590000000000003e-06,6.5419999999997893e-06,4.4159999999999794e-06,5.6247226893901825e-06,0.0001615,786432
65536,measured,27,0,handwritten,0,7.1250000000000004e-06,4.8749999999999999e-06,6.4999999999999954e-06,4.3329999999999736e-06,5.6247226893901825e-06,0.0001485,786432
65536,measured,27,1,generated,0,7.2910000000000002e-06,4.9169999999999997e-06,6.7080000000000178e-06,4.3749999999999844e-06,5.6251883506774902e-06,0.00017441599999999999,786432
65536,measured,28,0,generated,0,8.8750000000000006e-06,4.5419999999999999e-06,8.0830000000000918e-06,3.9999999999999888e-06,5.6247226893901825e-06,0.00017100000000000001,786432
65536,measured,28,1,handwritten,0,8.0420000000000003e-06,4.3329999999999998e-06,7.2909999999999815e-06,3.8750000000000264e-06,5.6251883506774902e-06,0.00018087499999999999,786432
65536,measured,29,0,handwritten,0,8.0420000000000003e-06,8.4999999999999999e-06,7.3329999999999923e-06,7.8750000000000152e-06,5.5832788348197937e-06,0.000175625,786432
65536,measured,29,1,generated,0,7.7500000000000003e-06,4.2080000000000002e-06,6.9999999999998449e-06,3.7090000000000148e-06,5.666632205247879e-06,0.00020783299999999999,786432
65536,measured,30,0,generated,0,8.7080000000000003e-06,5.0830000000000003e-06,7.667000000000047e-06,4.4590000000000059e-06,5.8752484619617462e-06,0.000241375,786432
65536,measured,30,1,handwritten,0,7.5410000000000003e-06,5.1669999999999998e-06,6.8749999999999367e-06,4.540999999999996e-06,5.7499855756759644e-06,0.0002265,786432
65536,measured,31,0,handwritten,0,7.3749999999999997e-06,5.0000000000000004e-06,6.7499999999998117e-06,4.4590000000000059e-06,5.6251883506774902e-06,0.00015945900000000001,786432
65536,measured,31,1,generated,0,7.5000000000000002e-06,5.0409999999999997e-06,6.8339999999998333e-06,4.5420000000000117e-06,5.6247226893901825e-06,0.00017470800000000001,786432
65536,measured,32,0,generated,0,7.4159999999999998e-06,5.0000000000000004e-06,6.7509999999999359e-06,4.500000000000001e-06,5.8333389461040497e-06,0.000192583,786432
65536,measured,32,1,handwritten,0,7.5000000000000002e-06,5.0420000000000002e-06,6.8749999999999367e-06,4.500000000000001e-06,5.6247226893901825e-06,0.000172292,786432
65536,measured,33,0,handwritten,0,7.4170000000000003e-06,5.0830000000000003e-06,6.8329999999999259e-06,4.5420000000000117e-06,5.5418349802494049e-06,0.00016320899999999999,786432
65536,measured,33,1,generated,0,8.9590000000000001e-06,5.0830000000000003e-06,8.1250000000001026e-06,4.5420000000000117e-06,5.6247226893901825e-06,0.00017249999999999999,786432
65536,measured,34,0,generated,0,7.4159999999999998e-06,5.0409999999999997e-06,6.7929999999999467e-06,4.500000000000001e-06,5.6247226893901825e-06,0.000172666,786432
65536,measured,34,1,handwritten,0,7.4580000000000004e-06,5.1669999999999998e-06,6.8329999999999259e-06,4.5840000000000225e-06,5.6247226893901825e-06,0.00017404200000000001,786432
65536,measured,35,0,handwritten,0,7.5000000000000002e-06,5.1669999999999998e-06,6.8749999999999367e-06,4.5419999999999575e-06,5.5418349802494049e-06,0.000183375,786432
65536,measured,35,1,generated,0,7.4590000000000001e-06,4.8749999999999999e-06,6.8329999999999259e-06,4.3750000000000386e-06,5.5832788348197937e-06,0.000189125,786432
65536,measured,36,0,generated,0,7.3329999999999999e-06,4.7910000000000004e-06,6.7080000000000178e-06,4.2920000000000328e-06,6.416812539100647e-06,0.000172416,786432
65536,measured,36,1,handwritten,0,7.1670000000000002e-06,4.792e-06,6.540999999999882e-06,4.3330000000000278e-06,6.3749030232429504e-06,0.000188333,786432
65536,measured,37,0,handwritten,0,7.4170000000000003e-06,4.9590000000000003e-06,6.7499999999998117e-06,4.4580000000000444e-06,6.5001659095287323e-06,0.000161333,786432
65536,measured,37,1,generated,0,7.542e-06,5.0830000000000003e-06,6.8740000000000294e-06,4.5419999999999575e-06,6.3749030232429504e-06,0.000164375,786432
65536,measured,38,0,generated,0,7.4590000000000001e-06,5.1250000000000001e-06,6.8329999999999259e-06,4.5839999999999683e-06,6.5001659095287323e-06,0.00016466699999999999,786432
65536,measured,38,1,handwritten,0,7.542e-06,4.459e-06,6.8749999999999367e-06,3.957999999999978e-06,6.5416097640991211e-06,0.000188834,786432
65536,measured,39,0,handwritten,0,7.4170000000000003e-06,5.0409999999999997e-06,6.8329999999999259e-06,4.4999999999999468e-06,6.3749030232429504e-06,0.0002875,786432
65536,measured,39,1,generated,0,7.5410000000000003e-06,5.0830000000000003e-06,6.9169999999999475e-06,4.5829999999999526e-06,6.4582563936710358e-06,0.000179125,786432
65536,measured,40,0,generated,0,7.4159999999999998e-06,4.8339999999999998e-06,6.7929999999999467e-06,4.291000000000017e-06,6.416812539100647e-06,0.00017962499999999999,786432
65536,measured,40,1,handwritten,0,7.2910000000000002e-06,4.8330000000000001e-06,6.5420000000000061e-06,4.2920000000000328e-06,6.3334591686725616e-06,0.00019625,786432
65536,measured,41,0,handwritten,0,9.0000000000000002e-06,4.8749999999999999e-06,8.1670000000001134e-06,4.2920000000000328e-06,6.5835192799568176e-06,0.00020454199999999999,786432
65536,measured,41,1,generated,0,7.25e-06,5.1250000000000001e-06,6.5839999999998001e-06,4.5419999999999575e-06,6.4582563936710358e-06,0.000181375,786432
65536,measured,42,0,generated,0,9.0420000000000008e-06,5.0420000000000002e-06,8.2090000000001242e-06,4.4999999999999468e-06,6.3753686845302582e-06,0.000165,786432
65536,measured,42,1,handwritten,0,7.5000000000000002e-06,5.0839999999999999e-06,6.8329999999999259e-06,4.5410000000000502e-06,5.6247226893901825e-06,0.000175,786432
65536,measured,43,0,handwritten,0,7.4590000000000001e-06,5.0839999999999999e-06,6.7909999999999152e-06,4.5410000000000502e-06,5.4999254643917084e-06,0.00018095900000000001,786432
65536,measured,43,1,generated,0,7.4580000000000004e-06,4.8749999999999999e-06,6.7920000000000393e-06,4.2920000000000328e-06,5.5832788348197937e-06,0.000166083,786432
65536,measured,44,0,generated,0,7.25e-06,4.583e-06,6.5829999999998928e-06,3.9999999999999888e-06,5.666632205247879e-06,0.00018525,786432
65536,measured,44,1,handwritten,0,7.7910000000000005e-06,4.5419999999999999e-06,7.1249999999999699e-06,4.0419999999999996e-06,5.6251883506774902e-06,0.00016433299999999999,786432
65536,measured,45,0,handwritten,0,8.2500000000000006e-06,4.2910000000000001e-06,7.5000000000001281e-06,3.5830000000000367e-06,6.9998204708099365e-06,0.00014604099999999999,786432
65536,measured,45,1,generated,0,7.542e-06,4.9590000000000003e-06,6.8749999999999367e-06,4.4160000000000336e-06,4.2624771595001221e-05,0.00017366699999999999,786432
65536,measured,46,0,generated,0,7.1670000000000002e-06,4.792e-06,6.5009999999999027e-06,4.2920000000000328e-06,6.1874743551015854e-05,0.00018854200000000001,786432
65536,measured,46,1,handwritten,0,8.9169999999999995e-06,5.6670000000000001e-06,8.0839999999997823e-06,5.0000000000000131e-06,6.0374848544597626e-05,0.000178875,786432
65536,measured,47,0,handwritten,0,7.9170000000000006e-06,5.2089999999999996e-06,7.2079999999998673e-06,4.5410000000000502e-06,5.7499855756759644e-05,0.00017450000000000001,786432
65536,measured,47,1,generated,0,7.7500000000000003e-06,4.6249999999999998e-06,7.0840000000000833e-06,4.0829999999999946e-06,9.7416341304779053e-05,0.00027270899999999999,786432
65536,measured,48,0,generated,0,8.1249999999999993e-06,4.583e-06,7.3329999999999923e-06,4.0419999999999996e-06,0.00013187481090426445,0.00027608299999999999,786432
65536,measured,48,1,handwritten,0,8.0839999999999992e-06,5.1250000000000001e-06,7.4170000000000139e-06,4.4170000000000494e-06,8.2625076174736023e-05,0.00021266699999999999,786432
65536,measured,49,0,handwritten,0,8.4999999999999999e-06,5.3329999999999996e-06,7.8330000000000587e-06,4.7919999999999907e-06,5.3416937589645386e-05,0.00017066600000000001,786432
65536,measured,49,1,generated,0,9.5000000000000005e-06,5.1250000000000001e-06,8.7500000000000772e-06,4.5829999999999526e-06,5.2375253289937973e-05,0.00018525,786432
65536,measured,50,0,generated,0,7.2080000000000003e-06,4.8330000000000001e-06,6.5830000000001096e-06,4.250000000000022e-06,5.5000185966491699e-05,0.00018195799999999999,786432
65536,measured,50,1,handwritten,0,7.25e-06,4.8749999999999999e-06,6.5830000000001096e-06,4.3750000000000386e-06,8.0917030572891235e-05,0.000190292,786432
65536,measured,51,0,handwritten,0,7.1250000000000004e-06,4.792e-06,6.4999999999999954e-06,4.250000000000022e-06,3.950018435716629e-05,0.00014833399999999999,786432
65536,measured,51,1,generated,0,7.25e-06,4.8749999999999999e-06,6.5830000000001096e-06,4.3330000000000278e-06,7.2916503995656967e-05,0.00019595800000000001,786432
65536,measured,52,0,generated,0,7.1659999999999997e-06,4.8330000000000001e-06,6.4999999999999954e-06,4.2920000000000328e-06,8.2249753177165985e-05,0.00020404099999999999,786432
65536,measured,52,1,handwritten,0,7.1659999999999997e-06,4.8339999999999998e-06,6.499000000000088e-06,4.3330000000000278e-06,9.9541619420051575e-05,0.00020791599999999999,786432
65536,measured,53,0,handwritten,0,7.1670000000000002e-06,4.7910000000000004e-06,6.5009999999999027e-06,4.250000000000022e-06,9.2375092208385468e-05,0.00020037500000000001,786432
65536,measured,53,1,generated,0,7.25e-06,4.8330000000000001e-06,6.6240000000002131e-06,4.250000000000022e-06,5.6708231568336487e-05,0.000182583,786432
65536,measured,54,0,generated,0,7.1670000000000002e-06,5.1250000000000001e-06,6.5429999999999135e-06,4.3750000000000386e-06,5.7124998420476913e-05,0.000182292,786432
65536,measured,54,1,handwritten,0,7.2089999999999999e-06,4.8749999999999999e-06,6.5420000000000061e-06,4.2920000000000328e-06,7.4499752372503281e-05,0.00018737499999999999,786432
65536,measured,55,0,handwritten,0,7.25e-06,4.8330000000000001e-06,6.5840000000000169e-06,4.2920000000000328e-06,7.4042007327079773e-05,0.00018487500000000001,786432
65536,measured,55,1,generated,0,7.25e-06,4.5000000000000001e-06,6.6250000000001204e-06,3.9999999999999888e-06,7.4999872595071793e-05,0.00020629200000000001,786432
65536,measured,56,0,generated,0,7.3339999999999996e-06,4.7500000000000003e-06,6.6660000000002238e-06,4.1660000000000004e-06,6.1875209212303162e-05,0.00021033400000000001,786432
65536,measured,56,1,handwritten,0,7.2080000000000003e-06,4.8330000000000001e-06,6.5410000000000988e-06,4.2920000000000328e-06,6.4666382968425751e-05,0.00017441700000000001,786432
65536,measured,57,0,handwritten,0,7.0829999999999998e-06,4.7500000000000003e-06,6.5009999999999027e-06,4.291000000000017e-06,0.00015120813623070717,0.000263792,786432
65536,measured,57,1,generated,0,7.3339999999999996e-06,4.9579999999999998e-06,6.6659999999997901e-06,4.4580000000000444e-06,6.2666833400726318e-05,0.00019249999999999999,786432
65536,measured,58,0,generated,0,7.25e-06,5.0000000000000004e-06,6.5830000000001096e-06,4.4580000000000444e-06,0.00010116631165146828,0.000228958,786432
65536,measured,58,1,handwritten,0,7.25e-06,4.8749999999999999e-06,6.5830000000001096e-06,4.291000000000017e-06,0.00021350011229515076,0.00035608299999999999,786432
65536,measured,59,0,handwritten,0,7.25e-06,4.792e-06,6.5830000000001096e-06,4.250000000000022e-06,3.624986857175827e-05,0.00026899999999999998,786432
65536,measured,59,1,generated,0,8.6670000000000002e-06,4.9169999999999997e-06,7.7499999999999444e-06,4.4580000000000444e-06,6.6249631345272064e-06,0.00022358299999999999,786432
65536,measured,60,0,generated,0,7.3749999999999997e-06,5.2089999999999996e-06,6.6669999999996975e-06,4.6659999999999584e-06,5.6251883506774902e-06,0.000218292,786432
65536,measured,60,1,handwritten,0,7.6249999999999998e-06,4.5000000000000001e-06,6.9169999999999475e-06,3.957999999999978e-06,5.666632205247879e-06,0.000199791,786432
65536,measured,61,0,handwritten,0,7.1670000000000002e-06,5.0000000000000004e-06,6.5830000000001096e-06,4.4580000000000444e-06,5.7918950915336609e-06,0.00017450000000000001,786432
65536,measured,61,1,generated,0,7.542e-06,5.0000000000000004e-06,6.8749999999999367e-06,4.4589999999999517e-06,5.5418349802494049e-06,0.0001685,786432
65536,measured,62,0,generated,0,7.5000000000000002e-06,5.0420000000000002e-06,6.8339999999998333e-06,4.4999999999999468e-06,5.6251883506774902e-06,0.000172917,786432
65536,measured,62,1,handwritten,0,7.3749999999999997e-06,5.0000000000000004e-06,6.7489999999999044e-06,4.4999999999999468e-06,5.7499855756759644e-06,0.00015658299999999999,786432
65536,measured,63,0,handwritten,0,7.4590000000000001e-06,5.0000000000000004e-06,6.7909999999999152e-06,4.4999999999999468e-06,5.5832788348197937e-06,0.00016224999999999999,786432
65536,measured,63,1,generated,0,7.4170000000000003e-06,4.9579999999999998e-06,6.7489999999999044e-06,4.4589999999999517e-06,5.6251883506774902e-06,0.000183,786432
65536,measured,64,0,generated,0,7.5000000000000002e-06,5.0420000000000002e-06,6.8329999999999259e-06,4.5410000000000502e-06,5.666632205247879e-06,0.0001875,786432
65536,measured,64,1,handwritten,0,7.4170000000000003e-06,5.0420000000000002e-06,6.8329999999999259e-06,4.5419999999999575e-06,5.666632205247879e-06,0.00015137500000000001,786432
65536,measured,65,0,handwritten,0,7.4159999999999998e-06,4.0419999999999996e-06,6.7499999999998117e-06,3.5830000000000367e-06,5.6251883506774902e-06,0.00015799999999999999,786432
65536,measured,65,1,generated,0,7.3749999999999997e-06,4.583e-06,6.7080000000002346e-06,4.0840000000000104e-06,5.6247226893901825e-06,0.000180125,786432
65536,measured,66,0,generated,0,5.3417e-05,4.0829999999999997e-06,4.8208000000000105e-05,3.5000000000000309e-06,5.7499855756759644e-06,0.00026650000000000003,786432
65536,measured,66,1,handwritten,0,7.875e-06,5.0839999999999999e-06,7.0840000000000833e-06,4.5410000000000502e-06,5.7499855756759644e-06,0.0002265,786432
65536,measured,67,0,handwritten,0,7.5839999999999997e-06,4.9169999999999997e-06,6.8329999999999259e-06,4.4170000000000494e-06,5.5413693189620972e-06,0.00023662499999999999,786432
65536,measured,67,1,generated,0,7.5000000000000002e-06,4.9579999999999998e-06,6.8749999999999367e-06,4.4580000000000444e-06,5.6251883506774902e-06,0.00018391600000000001,786432
65536,measured,68,0,generated,0,7.4580000000000004e-06,5.0000000000000004e-06,6.7919999999998225e-06,4.4580000000000444e-06,5.5418349802494049e-06,0.00017737499999999999,786432
65536,measured,68,1,handwritten,0,7.4580000000000004e-06,5.0830000000000003e-06,6.7909999999999152e-06,4.5419999999999575e-06,5.4999254643917084e-06,0.00015570800000000001,786432
65536,measured,69,0,handwritten,0,9.2499999999999995e-06,5.0830000000000003e-06,8.4170000000001466e-06,4.5419999999999575e-06,5.6251883506774902e-06,0.00017466700000000001,786432
65536,measured,69,1,generated,0,7.3749999999999997e-06,4.9169999999999997e-06,6.7079999999998009e-06,4.4170000000000494e-06,5.6247226893901825e-06,0.0001685,786432
65536,measured,70,0,generated,0,7.542e-06,4.8749999999999999e-06,6.8749999999999367e-06,4.3750000000000386e-06,5.5003911256790161e-06,0.00019070799999999999,786432
65536,measured,70,1,handwritten,0,7.4580000000000004e-06,4.9169999999999997e-06,6.7489999999999044e-06,4.4580000000000444e-06,5.6251883506774902e-06,0.00016716699999999999,786432
65536,measured,71,0,handwritten,0,7.4590000000000001e-06,5.0839999999999999e-06,6.8329999999999259e-06,4.5410000000000502e-06,5.5418349802494049e-06,0.000166584,786432
65536,measured,71,1,generated,0,9.2499999999999995e-06,5.0000000000000004e-06,8.4169999999997129e-06,4.4999999999999468e-06,5.5832788348197937e-06,0.00018762499999999999,786432
65536,measured,72,0,generated,0,7.6249999999999998e-06,5.0420000000000002e-06,6.9160000000000402e-06,4.5410000000000502e-06,5.4999254643917084e-06,0.00017374999999999999,786432
65536,measured,72,1,handwritten,0,7.4159999999999998e-06,5.0000000000000004e-06,6.7909999999999152e-06,4.4999999999999468e-06,6.416812539100647e-06,0.00026283300000000002,786432
65536,measured,73,0,handwritten,0,7.4170000000000003e-06,4.9169999999999997e-06,6.7909999999999152e-06,4.4170000000000494e-06,6.6249631345272064e-06,0.00020037500000000001,786432
65536,measured,73,1,generated,0,7.4580000000000004e-06,5.0830000000000003e-06,6.7929999999997298e-06,4.5419999999999575e-06,6.3749030232429504e-06,0.00021866600000000001,786432
65536,measured,74,0,generated,0,7.5000000000000002e-06,5.1669999999999998e-06,6.8749999999999367e-06,4.5839999999999683e-06,6.7083165049552917e-06,0.000186792,786432
65536,measured,74,1,handwritten,0,7.5000000000000002e-06,5.0420000000000002e-06,6.8329999999999259e-06,4.5829999999999526e-06,6.2920153141021729e-06,0.00021833399999999999,786432
65536,measured,75,0,handwritten,0,7.4580000000000004e-06,4.8749999999999999e-06,6.8329999999999259e-06,4.4170000000000494e-06,3.8125086575746536e-05,0.00024983299999999998,786432
65536,measured,75,1,generated,0,7.5830000000000001e-06,5.0000000000000004e-06,6.9179999999998548e-06,4.4589999999999517e-06,6.5001659095287323e-06,0.00023425,786432
65536,measured,76,0,generated,0,7.9580000000000007e-06,5.0000000000000004e-06,7.3339999999998996e-06,4.4580000000000444e-06,6.5416097640991211e-06,0.000197042,786432
65536,measured,76,1,handwritten,0,7.5000000000000002e-06,4.9579999999999998e-06,6.8749999999999367e-06,4.4589999999999517e-06,6.416812539100647e-06,0.000186083,786432
65536,measured,77,0,handwritten,0,7.4580000000000004e-06,5.0409999999999997e-06,6.7929999999997298e-06,4.4999999999999468e-06,6.416812539100647e-06,0.00020504099999999999,786432
65536,measured,77,1,generated,0,7.5410000000000003e-06,5.0420000000000002e-06,6.8339999999998333e-06,4.5410000000000502e-06,6.3753686845302582e-06,0.00017924999999999999,786432
65536,measured,78,0,generated,0,7.4580000000000004e-06,4.9579999999999998e-06,6.7919999999998225e-06,4.4589999999999517e-06,6.4582563936710358e-06,0.00018133299999999999,786432
65536,measured,78,1,handwritten,0,7.5000000000000002e-06,5.0000000000000004e-06,6.7909999999999152e-06,4.4580000000000444e-06,5.5832788348197937e-06,0.00018599999999999999,786432
65536,measured,79,0,handwritten,0,7.3749999999999997e-06,4.9579999999999998e-06,6.7909999999999152e-06,4.4999999999999468e-06,5.6251883506774902e-06,0.00016595800000000001,786432
65536,measured,79,1,generated,0,7.4170000000000003e-06,5.0839999999999999e-06,6.8329999999999259e-06,4.6249999999999633e-06,5.5832788348197937e-06,0.00017550000000000001,786432
65536,measured,80,0,generated,0,7.4580000000000004e-06,5.0000000000000004e-06,6.7499999999998117e-06,4.4999999999999468e-06,5.6247226893901825e-06,0.00018329199999999999,786432
65536,measured,80,1,handwritten,0,7.4580000000000004e-06,5.0409999999999997e-06,6.7919999999998225e-06,4.5419999999999575e-06,5.6251883506774902e-06,0.000170125,786432
65536,measured,81,0,handwritten,0,7.6249999999999998e-06,5.0000000000000004e-06,6.9589999999999583e-06,4.4580000000000444e-06,5.5418349802494049e-06,0.000156875,786432
65536,measured,81,1,generated,0,7.4580000000000004e-06,5.0000000000000004e-06,6.8339999999998333e-06,4.5419999999999575e-06,5.7499855756759644e-06,0.00017829099999999999,786432
65536,measured,82,0,generated,0,7.3749999999999997e-06,5.0000000000000004e-06,6.7489999999999044e-06,4.5419999999999575e-06,5.6247226893901825e-06,0.00016183300000000001,786432
65536,measured,82,1,handwritten,0,7.4580000000000004e-06,4.9169999999999997e-06,6.7929999999997298e-06,4.4589999999999517e-06,5.6251883506774902e-06,0.00015845799999999999,786432
65536,measured,83,0,handwritten,0,7.5000000000000002e-06,5.0420000000000002e-06,6.8339999999998333e-06,4.4999999999999468e-06,5.666632205247879e-06,0.000160958,786432
65536,measured,83,1,generated,0,7.4170000000000003e-06,1.2500000000000001e-05,6.7069999999998936e-06,1.1833000000000047e-05,5.6247226893901825e-06,0.00019216700000000001,786432
65536,measured,84,0,generated,0,7.3749999999999997e-06,4.7079999999999996e-06,6.6659999999997901e-06,3.9999999999999888e-06,5.5418349802494049e-06,0.00018962499999999999,786432
65536,measured,84,1,handwritten,0,7.875e-06,4.8749999999999999e-06,7.1250000000001867e-06,4.3330000000000278e-06,5.7080760598182678e-06,0.000167541,786432
65536,measured,85,0,handwritten,0,7.7090000000000002e-06,4.8749999999999999e-06,7.0000000000000617e-06,4.3330000000000278e-06,5.6251883506774902e-06,0.00019262500000000001,786432
65536,measured,85,1,generated,0,9.6250000000000002e-06,4.8749999999999999e-06,8.7920000000000879e-06,4.3750000000000386e-06,5.6251883506774902e-06,0.000241334,786432
65536,measured,86,0,generated,0,7.3749999999999997e-06,4.9579999999999998e-06,6.5429999999999135e-06,4.3750000000000386e-06,5.7085417211055756e-06,0.00017116599999999999,786432
65536,measured,86,1,handwritten,0,7.25e-06,4.8749999999999999e-06,6.5830000000001096e-06,4.3330000000000278e-06,5.6251883506774902e-06,0.00016262500000000001,786432
65536,measured,87,0,handwritten,0,7.2089999999999999e-06,4.8330000000000001e-06,6.5420000000000061e-06,4.2920000000000328e-06,5.5832788348197937e-06,0.00015612499999999999,786432
65536,measured,87,1,generated,0,7.25e-06,4.7910000000000004e-06,6.5410000000000988e-06,4.2920000000000328e-06,5.5413693189620972e-06,0.000176,786432
65536,measured,88,0,generated,0,7.2089999999999999e-06,4.4580000000000003e-06,6.5840000000000169e-06,3.7499999999999556e-06,5.7499855756759644e-06,0.00017283399999999999,786432
65536,measured,88,1,handwritten,0,7.542e-06,4.9590000000000003e-06,6.8320000000000186e-06,4.4160000000000336e-06,5.7499855756759644e-06,0.000161292,786432
65536,measured,89,0,handwritten,0,7.9170000000000006e-06,4.6670000000000004e-06,7.1250000000001867e-06,4.250000000000022e-06,5.6251883506774902e-06,0.00029308300000000003,786432
65536,measured,89,1,generated,0,8.6249999999999996e-06,4.8330000000000001e-06,7.9580000000001837e-06,4.2920000000000328e-06,5.7999975979328156e-05,0.00019799999999999999,786432
65536,measured,90,0,generated,0,7.2089999999999999e-06,4.792e-06,6.4999999999999954e-06,4.250000000000022e-06,0.00021220836788415909,0.00033641699999999999,786432
65536,measured,90,1,handwritten,0,7.1670000000000002e-06,4.8749999999999999e-06,6.5009999999999027e-06,4.3330000000000278e-06,6.0125254094600677e-05,0.00017325000000000001,786432
65536,measured,91,0,handwritten,0,7.2910000000000002e-06,4.8330000000000001e-06,6.5420000000000061e-06,4.3339999999999351e-06,7.2083435952663422e-05,0.00018333299999999999,786432
65536,measured,91,1,generated,0,7.2910000000000002e-06,5.1250000000000001e-06,6.5840000000000169e-06,4.5419999999999575e-06,7.0333480834960938e-05,0.000194666,786432
65536,measured,92,0,generated,0,7.542e-06,5.1250000000000001e-06,6.8320000000000186e-06,4.5419999999999575e-06,0.00012095831334590912,0.00025387499999999998,786432
65536,measured,92,1,handwritten,0,7.6669999999999996e-06,5.0000000000000004e-06,6.9990000000001544e-06,4.4999999999999468e-06,0.00015391688793897629,0.00026766700000000002,786432
65536,measured,93,0,handwritten,0,7.542e-06,5.0420000000000002e-06,6.8320000000000186e-06,4.4999999999999468e-06,7.8999903053045273e-05,0.00019170799999999999,786432
65536,measured,93,1,generated,0,7.3749999999999997e-06,5.0420000000000002e-06,6.750999999999719e-06,4.4999999999999468e-06,0.00030837533995509148,0.000438584,786432
65536,measured,94,0,generated,0,7.3749999999999997e-06,5.0420000000000002e-06,6.7089999999997083e-06,4.4999999999999468e-06,7.0624984800815582e-05,0.00019775000000000001,786432
65536,measured,94,1,handwritten,0,7.4580000000000004e-06,5.0420000000000002e-06,6.8749999999999367e-06,4.4999999999999468e-06,9.7166746854782104e-05,0.00024399999999999999,786432
65536,measured,95,0,handwritten,0,7.4170000000000003e-06,5.0420000000000002e-06,6.7909999999999152e-06,4.4999999999999468e-06,6.6166277974843979e-05,0.00017825,786432
65536,measured,95,1,generated,0,7.4159999999999998e-06,5.0000000000000004e-06,6.750999999999719e-06,4.4170000000000494e-06,0.0001288331113755703,0.000255791,786432
65536,measured,96,0,generated,0,7.542e-06,5.0000000000000004e-06,6.8740000000000294e-06,4.4999999999999468e-06,0.00012795813381671906,0.00025270799999999998,786432
65536,measured,96,1,handwritten,0,7.4159999999999998e-06,4.8339999999999998e-06,6.7499999999998117e-06,4.3330000000000278e-06,0.00010424992069602013,0.00021404099999999999,786432
65536,measured,97,0,handwritten,0,7.3749999999999997e-06,5.0420000000000002e-06,6.7079999999998009e-06,4.4999999999999468e-06,5.2750110626220703e-05,0.00016325000000000001,786432
65536,measured,97,1,generated,0,7.3749999999999997e-06,4.9579999999999998e-06,6.750999999999719e-06,4.4170000000000494e-06,5.4124742746353149e-05,0.000180209,786432
65536,measured,98,0,generated,0,7.5410000000000003e-06,5.1669999999999998e-06,6.8749999999999367e-06,4.583000000000061e-06,7.6541677117347717e-05,0.000200583,786432
65536,measured,98,1,handwritten,0,9.2089999999999994e-06,4.9579999999999998e-06,8.4159999999998056e-06,4.4170000000000494e-06,9.4000250101089478e-05,0.000205792,786432
65536,measured,99,0,handwritten,0,9.0000000000000002e-06,4.916e-06,8.2089999999999073e-06,4.3339999999999351e-06,9.6666626632213593e-05,0.00020900000000000001,786432
65536,measured,99,1,generated,0,7.2080000000000003e-06,5.0420000000000002e-06,6.5009999999999027e-06,4.4999999999999468e-06,5.6541524827480316e-05,0.00018533300000000001,786432
1048576,warmup,0,0,generated,0,0.00075687499999999995,0.00034491600000000002,0.00075433399999999973,0.000343875,0.00020208349451422691,0.0019867079999999998,12582912
1048576,warmup,0,1,handwritten,0,0.00065070799999999995,6.4666999999999996e-05,0.0006496259999999995,6.4000000000000038e-05,0.00021125003695487976,0.0010547079999999999,12582912
1048576,warmup,1,0,handwritten,0,0.00015358400000000001,5.8332999999999999e-05,0.00015283400000000013,5.7458000000000032e-05,0.00017354171723127365,0.00050012500000000003,12582912
1048576,warmup,1,1,generated,0,0.00015554100000000001,6.1707999999999999e-05,0.00015487499999999963,6.104099999999996e-05,0.00017562462016940117,0.00052970800000000005,12582912
1048576,warmup,2,0,generated,0,0.00016612500000000001,6.0333e-05,0.00016500000000000022,5.9624999999999999e-05,0.00017875013872981071,0.00053079099999999997,12582912
1048576,warmup,2,1,handwritten,0,0.00019962499999999999,6.9292e-05,0.00019724999999999951,6.862500000000011e-05,0.00014487514272332191,0.000588208,12582912
1048576,warmup,3,0,handwritten,0,0.00017362500000000001,6.1291000000000007e-05,0.00017291600000000039,6.0582999999999904e-05,0.0001238752156496048,0.00053850000000000002,12582912
1048576,warmup,3,1,generated,0,0.000152709,6.1833000000000002e-05,0.00015187400000000063,6.1290999999999993e-05,8.1916805356740952e-05,0.00049208399999999995,12582912
1048576,warmup,4,0,generated,0,0.00015791700000000001,5.8625000000000002e-05,0.00015716699999999972,5.8000000000000109e-05,0.00011737504974007607,0.00053420799999999999,12582912
1048576,warmup,4,1,handwritten,0,0.000153084,6.0708000000000002e-05,0.00015237399999999939,6.0124999999999849e-05,9.9249649792909622e-05,0.00048974999999999995,12582912
1048576,warmup,5,0,handwritten,0,0.00015108299999999999,6.3791e-05,0.00015008299999999964,6.3166999999999824e-05,9.7000040113925934e-05,0.000474666,12582912
1048576,warmup,5,1,generated,0,0.00015433299999999999,6.1042000000000003e-05,0.00015366699999999969,6.045900000000012e-05,7.6124910265207291e-05,0.00047920800000000001,12582912
1048576,warmup,6,0,generated,0,0.000152125,6.1291000000000007e-05,0.00015145800000000015,6.0708000000000029e-05,9.2166941612958908e-05,0.00048912499999999998,12582912
1048576,warmup,6,1,handwritten,0,0.00015325000000000001,5.5958999999999997e-05,0.00015254099999999909,5.5457999999999983e-05,9.3541573733091354e-05,0.00048837499999999999,12582912
1048576,warmup,7,0,handwritten,0,0.00015387500000000001,6.4750000000000002e-05,0.00015295799999999991,6.3999999999999821e-05,0.00011020852252840996,0.00047379200000000001,12582912
1048576,warmup,7,1,generated,0,0.00015725,5.9750000000000002e-05,0.00015650000000000039,5.912500000000015e-05,0.00010537495836615562,0.000515417,12582912
1048576,warmup,8,0,generated,0,0.000152125,5.7457999999999998e-05,0.00015137599999999994,5.7000000000000193e-05,8.3500053733587265e-05,0.00047312500000000002,12582912
1048576,warmup,8,1,handwritten,0,0.000156083,6.0708999999999998e-05,0.00015537399999999979,6.0166999999999859e-05,8.8666565716266632e-05,0.00047283299999999998,12582912
1048576,warmup,9,0,handwritten,0,0.000158417,6.1167000000000006e-05,0.00015766600000000075,6.0624999999999915e-05,0.0001066252589225769,0.000501459,12582912
1048576,warmup,9,1,generated,0,0.000162125,5.8e-05,0.00016137500000000006,5.7333000000000123e-05,0.00010349974036216736,0.00050474999999999999,12582912
1048576,measured,0,0,generated,0,0.00015145800000000001,6.1542000000000001e-05,0.00015074999999999984,6.0999999999999856e-05,8.2083512097597122e-05,0.000481125,12582912
1048576,measured,0,1,handwritten,0,0.00015325000000000001,6.1500000000000004e-05,0.00015249999999999986,6.0875000000000165e-05,8.8916625827550888e-05,0.00048879200000000005,12582912
1048576,measured,1,0,handwritten,0,0.000173375,5.9666000000000001e-05,0.0001726250000000009,5.9042000000000035e-05,0.00017441669479012489,0.000522041,12582912
1048576,measured,1,1,generated,0,0.000156083,9.3416000000000001e-05,0.0001550830000000003,9.2624999999999826e-05,0.00018850015476346016,0.00057724999999999996,12582912
1048576,measured,2,0,generated,0,0.000156625,5.9542e-05,0.00015587499999999976,5.88749999999999e-05,0.00014816690236330032,0.00049204200000000004,12582912
1048576,measured,2,1,handwritten,0,0.00015420899999999999,5.9917000000000002e-05,0.00015349999999999912,5.9249999999999841e-05,0.00017475010827183723,0.00049595900000000003,12582912
1048576,measured,3,0,handwritten,0,0.00015929200000000001,5.9249999999999997e-05,0.000158456999999999,5.8709000000000105e-05,0.00022137491032481194,0.00055112499999999997,12582912
1048576,measured,3,1,generated,0,0.00016141699999999999,6.5749999999999999e-05,0.00016066699999999975,6.5125000000000079e-05,0.00018229149281978607,0.00052841699999999999,12582912
1048576,measured,4,0,generated,0,0.00019837500000000001,6.1915999999999995e-05,0.00019762400000000041,6.1208000000000096e-05,0.00025850022211670876,0.00064516599999999997,12582912
1048576,measured,4,1,handwritten,0,0.00017254099999999999,5.9791999999999999e-05,0.00017187599999999963,5.9165999999999819e-05,0.00010604178532958031,0.00056649999999999995,12582912
1048576,measured,5,0,handwritten,0,0.00015470800000000001,5.7791000000000003e-05,0.00015399999999999962,5.7250000000000009e-05,8.5333362221717834e-05,0.000481958,12582912
1048576,measured,5,1,generated,0,0.00015100000000000001,6.3541999999999996e-05,0.00015025099999999882,6.3000000000000122e-05,8.541671559214592e-05,0.00048366700000000002,12582912
1048576,measured,6,0,generated,0,0.00014383399999999999,0.000102792,0.00014262400000000092,0.00010179199999999985,9.8749995231628418e-05,0.000513792,12582912
1048576,measured,6,1,handwritten,0,0.000162583,6.2374999999999998e-05,0.0001619159999999998,6.1666000000000151e-05,0.00011499971151351929,0.00053025000000000001,12582912
1048576,measured,7,0,handwritten,0,0.000154375,5.9624999999999999e-05,0.00015366599999999848,5.9000000000000025e-05,8.5500068962574005e-05,0.00047808300000000002,12582912
1048576,measured,7,1,generated,0,0.000156291,5.8709000000000003e-05,0.00015558400000000028,5.8125000000000017e-05,0.00010791700333356857,0.00051887500000000002,12582912
1048576,measured,8,0,generated,0,0.000159417,5.9750000000000002e-05,0.00015866600000000002,5.920799999999983e-05,0.00013845833018422127,0.000543167,12582912
1048576,measured,8,1,handwritten,0,0.00015558299999999999,5.9457999999999999e-05,0.00015483300000000005,5.891699999999991e-05,8.4499828517436981e-05,0.00048520799999999999,12582912
1048576,measured,9,0,handwritten,0,0.00016975000000000001,6.3125000000000003e-05,0.00016891700000000107,6.258300000000017e-05,9.8125077784061432e-05,0.00050366699999999996,12582912
1048576,measured,9,1,generated,0,0.00015412499999999999,6.1333000000000004e-05,0.00015333399999999976,6.0792000000000051e-05,0.00010708300396800041,0.00051975000000000003,12582912
1048576,measured,10,0,generated,0,0.00015837499999999999,6.6542000000000001e-05,0.00015766700000000022,6.5791999999999847e-05,0.00010649999603629112,0.00051795900000000002,12582912
1048576,measured,10,1,handwritten,0,0.000155792,6.7166e-05,0.00015474999999999864,6.6415999999999698e-05,0.00011479202657938004,0.00047524999999999998,12582912
1048576,measured,11,0,handwritten,0,0.00015820799999999999,0.000130958,0.00015745900000000042,0.00012904200000000022,0.00010254187509417534,0.00057350000000000001,12582912
1048576,measured,11,1,generated,0,0.00015875000000000001,6.2792000000000005e-05,0.00015775000000000164,6.212499999999968e-05,0.00015224982053041458,0.00051154200000000003,12582912
1048576,measured,12,0,generated,0,0.00018304199999999999,6.6749999999999996e-05,0.00018170799999999918,6.6082999999999767e-05,0.00014212494716048241,0.00053029200000000002,12582912
1048576,measured,12,1,handwritten,0,0.00016775000000000001,6.3040999999999995e-05,0.00016687500000000036,6.2374999999999931e-05,0.00028616702184081078,0.00064099999999999997,12582912
1048576,measured,13,0,handwritten,0,0.00015183300000000001,6.2042e-05,0.00015116700000000066,6.1417000000000242e-05,0.00014079175889492035,0.00046433299999999999,12582912
1048576,measured,13,1,generated,0,0.00015295799999999999,6.3165999999999998e-05,0.00015224999999999961,6.2500000000000056e-05,0.00013737473636865616,0.00048058299999999998,12582912
1048576,measured,14,0,generated,0,0.00017075,6.4499999999999996e-05,0.00017004099999999925,6.3792000000000015e-05,0.0002660001628100872,0.00068445799999999998,12582912
1048576,measured,14,1,handwritten,0,0.000158333,8.2792000000000003e-05,0.00015758400000000228,8.1999999999999608e-05,9.8125077784061432e-05,0.00053983299999999998,12582912
1048576,measured,15,0,handwritten,0,0.00016187499999999999,6.4542000000000006e-05,0.00016108299999999937,6.3999999999999821e-05,0.00011012516915798187,0.00050391699999999999,12582912
1048576,measured,15,1,generated,0,0.00015425000000000001,6.3832999999999997e-05,0.00015350000000000086,6.3208999999999835e-05,8.0624595284461975e-05,0.00048295800000000002,12582912
1048576,measured,16,0,generated,0,0.000156083,6.4417000000000003e-05,0.00015533300000000055,6.3874999999999696e-05,8.7499618530273438e-05,0.00048974999999999995,12582912
1048576,measured,16,1,handwritten,0,0.000365917,6.6458000000000006e-05,0.000364459000000001,6.5874999999999961e-05,0.0001354999840259552,0.00069162499999999997,12582912
1048576,measured,17,0,handwritten,0,0.00016795800000000001,6.5667000000000007e-05,0.00016729199999999944,6.5125000000000079e-05,0.00013729184865951538,0.00047145800000000001,12582912
1048576,measured,17,1,generated,0,0.00014879100000000001,6.2459000000000006e-05,0.00014808399999999972,6.1916000000000401e-05,0.00010974984616041183,0.00044337499999999998,12582912
1048576,measured,18,0,generated,0,0.000150333,6.8125000000000003e-05,0.00014962500000000045,6.7542000000000296e-05,0.00013349996879696846,0.00047237499999999998,12582912
1048576,measured,18,1,handwritten,0,0.00014687500000000001,6.2416999999999995e-05,0.00014612499999999695,6.1834000000000194e-05,0.00012600002810359001,0.00043879200000000002,12582912
1048576,measured,19,0,handwritten,0,0.000192917,6.4125e-05,0.00019154200000000288,6.358400000000021e-05,0.00013766670599579811,0.00056945900000000002,12582912
1048576,measured,19,1,generated,0,0.00020404200000000001,6.2459000000000006e-05,0.00020316599999999768,6.1625000000000048e-05,0.00010016700252890587,0.00054895900000000001,12582912
1048576,measured,20,0,generated,0,0.000155792,6.1291999999999995e-05,0.00015504100000000159,6.075000000000004e-05,8.3208084106445312e-05,0.00049470799999999995,12582912
1048576,measured,20,1,handwritten,0,0.00015458400000000001,6.2292000000000006e-05,0.00015375000000000111,6.1499999999999923e-05,0.00010099960491061211,0.00049829200000000001,12582912
1048576,measured,21,0,handwritten,0,0.00017633300000000001,6.3541999999999996e-05,0.00017537500000000192,6.2874999999999563e-05,0.00011024996638298035,0.00052166699999999996,12582912
1048576,measured,21,1,generated,0,0.00015737499999999999,6.5500000000000006e-05,0.00015666699999999922,6.4917000000000273e-05,0.00012570852413773537,0.00053824999999999999,12582912
1048576,measured,22,0,generated,0,0.00016191600000000001,6.0124999999999998e-05,0.00016120899999999896,5.9542000000000102e-05,8.9916866272687912e-05,0.00050391599999999998,12582912
1048576,measured,22,1,handwritten,0,0.000154334,6.1042000000000003e-05,0.00015370900000000187,6.0458999999999687e-05,9.9208671599626541e-05,0.00049116700000000004,12582912
1048576,measured,23,0,handwritten,0,0.00015449999999999999,6.1209000000000003e-05,0.00015370799999999893,6.0540999999999894e-05,9.962497279047966e-05,0.00048320900000000001,12582912
1048576,measured,23,1,generated,0,0.00016799999999999999,9.3457999999999999e-05,0.000166709000000001,8.5542000000000083e-05,0.00010087480768561363,0.000626583,12582912
1048576,measured,24,0,generated,0,0.000160583,6.1582999999999996e-05,0.00015983299999999812,6.0959000000000187e-05,0.00010987510904669762,0.000513833,12582912
1048576,measured,24,1,handwritten,0,0.00015262500000000001,6.4875000000000005e-05,0.00015187499999999923,6.4291000000000174e-05,8.2333572208881378e-05,0.00048345899999999999,12582912
1048576,measured,25,0,handwritten,0,0.000154208,6.2374999999999998e-05,0.00015345799999999868,6.1834000000000194e-05,9.0041663497686386e-05,0.00048549999999999998,12582912
1048576,measured,25,1,generated,0,0.000163,6.2209e-05,0.0001622499999999992,6.1666999999999625e-05,0.00011262483894824982,0.00053770800000000002,12582912
1048576,measured,26,0,generated,0,0.000182292,5.8708000000000001e-05,0.00018091599999999972,5.816600000000012e-05,0.00015245843678712845,0.00057379200000000005,12582912
1048576,measured,26,1,handwritten,0,0.000160292,6.3416000000000004e-05,0.00015958400000000081,6.2917000000000008e-05,9.9333003163337708e-05,0.00052174999999999997,12582912
1048576,measured,27,0,handwritten,0,0.00016520799999999999,6.0124999999999998e-05,0.00016445800000000274,5.9624999999999782e-05,0.00012075016275048256,0.00052916699999999998,12582912
1048576,measured,27,1,generated,0,0.00024612499999999998,6.0334000000000002e-05,0.00024508300000000011,5.9583000000000205e-05,0.00016187503933906555,0.00060349999999999998,12582912
1048576,measured,28,0,generated,0,0.00015454100000000001,8.0500000000000005e-05,0.00015345800000000215,7.974999999999996e-05,0.00017750030383467674,0.0005465,12582912
1048576,measured,28,1,handwritten,0,0.000161125,6.2000000000000003e-05,0.00016037499999999733,6.1374999999999798e-05,0.00017262483015656471,0.00050716599999999998,12582912
1048576,measured,29,0,handwritten,0,0.000156,6.3167e-05,0.00015533300000000055,6.2625000000000181e-05,0.00019125035032629967,0.00051612499999999998,12582912
1048576,measured,29,1,generated,0,0.000159958,5.9583999999999997e-05,0.00015925000000000314,5.9041000000000128e-05,0.00020295847207307816,0.00054979099999999999,12582912
1048576,measured,30,0,generated,0,0.000156167,6.2749999999999994e-05,0.00015545700000000121,6.2208000000000228e-05,0.00026087509468197823,0.000596333,12582912
1048576,measured,30,1,handwritten,0,0.000162208,6.1334000000000006e-05,0.00016150099999999792,6.0791000000000144e-05,0.00012174993753433228,0.00045891699999999998,12582912
1048576,measured,31,0,handwritten,0,0.000195875,6.7082999999999995e-05,0.00019520899999999827,6.6499999999999719e-05,0.00013483315706253052,0.00056924999999999999,12582912
1048576,measured,31,1,generated,0,0.00016366699999999999,6.1457999999999993e-05,0.00016295799999999777,6.0875000000000165e-05,0.00011116638779640198,0.00052274999999999999,12582912
1048576,measured,32,0,generated,0,0.000158834,6.0749999999999999e-05,0.00015804099999999766,6.0207999999999963e-05,0.00010750023648142815,0.00051812500000000003,12582912
1048576,measured,32,1,handwritten,0,0.00020683400000000001,6.8499999999999998e-05,0.00020566699999999966,6.7832999999999782e-05,0.00012683356180787086,0.00057937500000000003,12582912
1048576,measured,33,0,handwritten,0,0.000152583,5.8916000000000003e-05,0.00015191700000000141,5.8332999999999822e-05,0.00010295817628502846,0.000489333,12582912
1048576,measured,33,1,generated,0,0.000154084,6.2583999999999996e-05,0.00015333399999999803,6.2000000000000423e-05,0.00011287536472082138,0.00053033400000000004,12582912
1048576,measured,34,0,generated,0,0.00015695800000000001,6.0791000000000001e-05,0.00015624900000000067,6.0166999999999859e-05,0.00010541686788201332,0.00050691600000000005,12582912
1048576,measured,34,1,handwritten,0,0.00015395799999999999,6.0958000000000001e-05,0.00015324999999999714,6.041700000000011e-05,0.00011670822277665138,0.00053108300000000001,12582912
1048576,measured,35,0,handwritten,0,0.00017029100000000001,5.8666999999999999e-05,0.00016966700000000182,5.8042000000000336e-05,0.00011337501928210258,0.00051433299999999996,12582912
1048576,measured,35,1,generated,0,0.000156167,6.0915999999999997e-05,0.00015554200000000157,6.0291999999999984e-05,0.00010700011625885963,0.00052550000000000003,12582912
1048576,measured,36,0,generated,0,0.00015275,6.0541999999999997e-05,0.00015204199999999807,5.9957999999999713e-05,0.00010466668754816055,0.00051312500000000002,12582912
1048576,measured,36,1,handwritten,0,0.00015379200000000001,6.0041999999999999e-05,0.00015304099999999959,5.9250000000000275e-05,0.00011475011706352234,0.00051779199999999999,12582912
1048576,measured,37,0,handwritten,0,0.000159541,6.6458000000000006e-05,0.00015879200000000135,6.5874999999999961e-05,0.0001116250641644001,0.00056354099999999998,12582912
1048576,measured,37,1,generated,0,0.00044445900000000002,0.00032537499999999998,0.00044220799999999949,0.00032454199999999971,0.00017087487503886223,0.0011759170000000001,12582912
1048576,measured,38,0,generated,0,0.000183833,6.7832999999999999e-05,0.00018312499999999926,6.6959000000000116e-05,0.00019287504255771637,0.00061537500000000004,12582912
1048576,measured,38,1,handwritten,0,0.00016124999999999999,6.0291000000000003e-05,0.00016045799999999874,5.9583000000000205e-05,0.00021350011229515076,0.00056441599999999998,12582912
1048576,measured,39,0,handwritten,0,0.00016525000000000001,5.8542000000000003e-05,0.00016450000000000145,5.7958000000000315e-05,0.00021891668438911438,0.00055887500000000002,12582912
1048576,measured,39,1,generated,0,0.000163542,6.0667e-05,0.00016283400000000059,6.0084000000000179e-05,0.00018199998885393143,0.00053841700000000002,12582912
1048576,measured,40,0,generated,0,0.00015862499999999999,5.9917000000000002e-05,0.00015791700000000047,5.93750000000004e-05,0.00016608322039246559,0.00051070900000000003,12582912
1048576,measured,40,1,handwritten,0,0.000203458,6.2665999999999999e-05,0.00020279200000000025,6.2082999999999236e-05,0.00026037497445940971,0.00066845800000000003,12582912
1048576,measured,41,0,handwritten,0,0.00015933399999999999,6.8374999999999995e-05,0.00015829100000000138,6.7582999999999532e-05,0.00011325022205710411,0.00057866700000000005,12582912
1048576,measured,41,1,generated,0,0.00016458299999999999,6.1416999999999998e-05,0.00016391600000000006,6.0832999999999721e-05,0.00011974992230534554,0.00055099999999999995,12582912
1048576,measured,42,0,generated,0,0.00016249999999999999,6.7207999999999998e-05,0.00016179200000000088,6.6625000000000711e-05,0.00011750031262636185,0.00054870799999999996,12582912
1048576,measured,42,1,handwritten,0,0.00029741700000000002,0.00010691700000000001,0.00028937499999999797,0.00010604200000000064,0.00011816667392849922,0.00068104199999999998,12582912
1048576,measured,43,0,handwritten,0,0.00017754199999999999,6.3292000000000003e-05,0.000176792000000002,6.2665999999999417e-05,0.00046170828863978386,0.000841375,12582912
1048576,measured,43,1,generated,0,0.00015837499999999999,6.4083000000000003e-05,0.00015762500000000151,6.3458000000000611e-05,0.00018800003454089165,0.00054587500000000003,12582912
1048576,measured,44,0,generated,0,0.00015829200000000001,6.0374999999999997e-05,0.00015766600000000075,5.9833999999999929e-05,0.00016087479889392853,0.00050787499999999997,12582912
1048576,measured,44,1,handwritten,0,0.000165083,6.7707999999999996e-05,0.0001642089999999985,6.6791999999999546e-05,0.00019229156896471977,0.00054008300000000001,12582912
1048576,measured,45,0,handwritten,0,0.00019229100000000001,7.0083e-05,0.0001915410000000034,6.9417000000000437e-05,0.00017579179257154465,0.00056791600000000002,12582912
1048576,measured,45,1,generated,0,0.00016349999999999999,6.1542000000000001e-05,0.00016279200000000188,6.0832999999999721e-05,0.00015462469309568405,0.00053175,12582912
1048576,measured,46,0,generated,0,0.000191208,6.0374999999999997e-05,0.00019049899999999675,5.9750000000000775e-05,0.00012808339670300484,0.00057479199999999997,12582912
1048576,measured,46,1,handwritten,0,0.00015937500000000001,5.8458000000000002e-05,0.00015866700000000122,5.783300000000019e-05,0.00010641664266586304,0.00052266599999999997,12582912
1048576,measured,47,0,handwritten,0,0.000163833,6.7291000000000003e-05,0.00016312599999999955,6.6750000000000836e-05,0.00011924980208277702,0.00053300000000000005,12582912
1048576,measured,47,1,generated,0,0.000211917,6.2374999999999998e-05,0.00021099999999999591,6.1749999999999305e-05,0.00011125020682811737,0.00056995899999999998,12582912
1048576,measured,48,0,generated,0,0.000162709,6.6041e-05,0.00016195799999999677,6.5416999999999906e-05,0.00010291673243045807,0.00053787500000000005,12582912
1048576,measured,48,1,handwritten,0,0.000162375,6.5042000000000005e-05,0.00016166699999999729,6.445899999999935e-05,0.0001105000264942646,0.00052254199999999997,12582912
1048576,measured,49,0,handwritten,0,0.000179042,6.2040999999999998e-05,0.00017829099999999709,6.1458999999999819e-05,0.00014124996960163116,0.00057116700000000003,12582912
1048576,measured,49,1,generated,0,0.000185959,6.2625000000000004e-05,0.00018512500000000126,6.1999999999999555e-05,0.00012300023809075356,0.00052695900000000002,12582912
1048576,measured,50,0,generated,0,0.00015837499999999999,6.5500000000000006e-05,0.00015770899999999893,6.4833000000000252e-05,0.00010583316907286644,0.00053108300000000001,12582912
1048576,measured,50,1,handwritten,0,0.000168584,6.4665999999999994e-05,0.00016779100000000047,6.4082999999999501e-05,0.00011816667392849922,0.00053066699999999997,12582912
1048576,measured,51,0,handwritten,0,0.00016208300000000001,5.9957999999999998e-05,0.00016137499999999833,5.9458999999999554e-05,0.00012195808812975883,0.000527791,12582912
1048576,measured,51,1,generated,0,0.00016745900000000001,6.2500000000000001e-05,0.00016675000000000023,6.1833000000000721e-05,0.00012350035831332207,0.00054695899999999997,12582912
1048576,measured,52,0,generated,0,0.000163542,6.05e-05,0.00016283300000000112,5.9874999999999165e-05,0.00011533312499523163,0.00053137499999999995,12582912
1048576,measured,52,1,handwritten,0,0.000166916,6.7000000000000002e-05,0.0001660839999999969,6.6416999999999171e-05,0.00011950032785534859,0.00054604100000000004,12582912
1048576,measured,53,0,handwritten,0,0.00017795800000000001,0.00010475,0.00017716699999999891,0.0001041670000000005,0.00011891685426235199,0.000573458,12582912
1048576,measured,53,1,generated,0,0.00017200000000000001,6.4459000000000001e-05,0.00017108200000000295,6.3916000000000667e-05,0.00017204135656356812,0.00055579200000000005,12582912
1048576,measured,54,0,generated,0,0.00015812500000000001,6.0207999999999997e-05,0.00015704099999999666,5.9583000000000205e-05,0.00017337501049041748,0.00052400000000000005,12582912
1048576,measured,54,1,handwritten,0,0.00015750000000000001,6.6042000000000002e-05,0.00015675000000000411,6.5416999999999906e-05,0.00016533350571990013,0.00049816699999999999,12582912
1048576,measured,55,0,handwritten,0,0.00015458299999999999,6.2082999999999995e-05,0.00015387499999999776,6.1458999999999819e-05,0.00018283352255821228,0.00050295799999999996,12582912
1048576,measured,55,1,generated,0,0.00015916699999999999,6.1291999999999995e-05,0.00015845899999999968,6.075000000000004e-05,0.0001921248622238636,0.000539834,12582912
1048576,measured,56,0,generated,0,0.00015533300000000001,6.2292000000000006e-05,0.0001545829999999998,6.162499999999918e-05,0.0001627081073820591,0.000499125,12582912
1048576,measured,56,1,handwritten,0,0.000240917,6.4166999999999997e-05,0.00024016599999999999,6.3541000000000292e-05,0.00013637496158480644,0.00062866699999999996,12582912
1048576,measured,57,0,handwritten,0,0.00016904100000000001,6.2167000000000003e-05,0.00016829200000000044,6.1333000000000221e-05,0.00013841642066836357,0.00051749999999999995,12582912
1048576,measured,57,1,generated,0,0.00015995899999999999,6.2209e-05,0.00015920800000000096,6.1583000000000471e-05,0.00010249996557831764,0.00051920899999999997,12582912
1048576,measured,58,0,generated,0,0.00017970799999999999,6.6916999999999996e-05,0.00017887599999999448,6.6125000000000211e-05,0.00012058345600962639,0.00062512500000000003,12582912
1048576,measured,58,1,handwritten,0,0.00017870900000000001,5.9667000000000003e-05,0.000177792000000003,5.8917000000000344e-05,0.00013595819473266602,0.00055191699999999997,12582912
1048576,measured,59,0,handwritten,0,0.00015962499999999999,6.2000000000000003e-05,0.00015895800000000071,6.150000000000079e-05,9.7000040113925934e-05,0.00049799999999999996,12582912
1048576,measured,59,1,generated,0,0.000156625,6.3583000000000004e-05,0.000155915999999999,6.3000000000000556e-05,0.0001010415144264698,0.00051650000000000003,12582912
1048576,measured,60,0,generated,0,0.000183833,6.3874999999999994e-05,0.00018304100000000184,6.3291999999999515e-05,0.00011900020763278008,0.00055333300000000004,12582912
1048576,measured,60,1,handwritten,0,0.000163666,6.7207999999999998e-05,0.00016295899999999724,6.6625000000000711e-05,0.00014733336865901947,0.00056266599999999997,12582912
1048576,measured,61,0,handwritten,0,0.00016024999999999999,5.9707999999999998e-05,0.00015949999999999992,5.9208999999999304e-05,0.00010770838707685471,0.00051316700000000003,12582912
1048576,measured,61,1,generated,0,0.00015683299999999999,6.0041999999999999e-05,0.00015612400000000054,5.9500000000000525e-05,0.00010170834138989449,0.00051699999999999999,12582912
1048576,measured,62,0,generated,0,0.000155792,5.9791999999999999e-05,0.00015512499999999901,5.920799999999983e-05,8.6416956037282944e-05,0.00048454200000000002,12582912
1048576,measured,62,1,handwritten,0,0.00019520799999999999,6.3334e-05,0.00019437500000000357,6.2707999999999861e-05,0.0001127501018345356,0.00055391700000000002,12582912
1048576,measured,63,0,handwritten,0,0.00016691699999999999,6.3791e-05,0.00016604199999999819,6.316699999999939e-05,0.00010999990627169609,0.00050916700000000004,12582912
1048576,measured,63,1,generated,0,0.00016458400000000001,8.7332999999999999e-05,0.00016370799999999852,8.6709000000000785e-05,9.725010022521019e-05,0.00056924999999999999,12582912
1048576,measured,64,0,generated,0,0.00016875000000000001,6.2249999999999995e-05,0.00016795900000000225,6.162499999999918e-05,0.00017408328130841255,0.000536667,12582912
1048576,measured,64,1,handwritten,0,0.000154458,5.9166999999999998e-05,0.00015366600000000369,5.8584000000000414e-05,0.00019250018522143364,0.00052066700000000005,12582912
1048576,measured,65,0,handwritten,0,0.00016275,6.4791999999999999e-05,0.00016208399999999984,6.4209000000000835e-05,0.00019120844081044197,0.00052958300000000003,12582912
1048576,measured,65,1,generated,0,0.00016287499999999999,6.1540999999999999e-05,0.00016212499999999908,6.100000000000029e-05,0.00018679164350032806,0.00053391599999999995,12582912
1048576,measured,66,0,generated,0,0.000162292,6.3208999999999997e-05,0.00016158200000000039,6.2625000000000181e-05,0.00018208334222435951,0.00052920799999999998,12582912
1048576,measured,66,1,handwritten,0,0.00016345899999999999,6.2167000000000003e-05,0.00016274999999999623,6.1208999999999569e-05,0.00018725031986832619,0.00052391700000000005,12582912
1048576,measured,67,0,handwritten,0,0.00019729200000000001,6.7541999999999998e-05,0.00019616699999999709,6.6874999999999227e-05,0.00024729175493121147,0.00065945900000000004,12582912
1048576,measured,67,1,generated,0,0.00016000000000000001,6.3583000000000004e-05,0.00015933300000000455,6.2875000000000431e-05,0.00010841665789484978,0.00054429200000000004,12582912
1048576,measured,68,0,generated,0,0.000157792,6.1458999999999996e-05,0.0001570830000000023,6.0875000000000165e-05,9.5875002443790436e-05,0.00050545899999999999,12582912
1048576,measured,68,1,handwritten,0,0.000155208,6.0791999999999997e-05,0.0001544159999999975,6.024999999999954e-05,0.00010587507858872414,0.00050204199999999996,12582912
1048576,measured,69,0,handwritten,0,0.00033062500000000003,6.4375000000000006e-05,0.0003288330000000006,6.3749999999999571e-05,0.00014849985018372536,0.00065966699999999996,12582912
1048576,measured,69,1,generated,0,0.000170834,6.1833000000000002e-05,0.00017012500000000014,6.1208999999999569e-05,0.00018637487664818764,0.00054462499999999997,12582912
1048576,measured,70,0,generated,0,0.000153041,6.2207999999999998e-05,0.00015237600000000268,6.162499999999918e-05,0.00017058337107300758,0.00051091600000000004,12582912
1048576,measured,70,1,handwritten,0,0.00015379200000000001,6.1166000000000004e-05,0.0001530829999999983,6.0582999999999471e-05,0.00018191663548350334,0.000505625,12582912
1048576,measured,71,0,handwritten,0,0.000155334,6.0791000000000001e-05,0.00015462499999999851,6.0041999999999734e-05,0.00017612474039196968,0.00049562499999999997,12582912
1048576,measured,71,1,generated,0,0.00018129100000000001,6.8957999999999999e-05,0.00017000100000000296,6.8291999999999312e-05,0.0001677083782851696,0.00055875,12582912
1048576,measured,72,0,generated,0,0.000172041,8.5166000000000004e-05,0.00017116600000000037,8.4624999999999631e-05,0.00013808300718665123,0.00056233300000000004,12582912
1048576,measured,72,1,handwritten,0,0.00015991599999999999,5.7500000000000002e-05,0.00015924999999999967,5.6874999999999634e-05,0.00010729162022471428,0.00050712499999999998,12582912
1048576,measured,73,0,handwritten,0,0.0001605,6.5166999999999995e-05,0.00015975000000000017,6.445899999999935e-05,9.6874777227640152e-05,0.00050025000000000004,12582912
1048576,measured,73,1,generated,0,0.000160292,6.0000000000000002e-05,0.00015962499999999658,5.9332999999999955e-05,0.00011291634291410446,0.00053175,12582912
1048576,measured,74,0,generated,0,0.000157417,6.2541999999999999e-05,0.00015666699999999922,6.1916999999999875e-05,0.0001116250641644001,0.00051674999999999996,12582912
1048576,measured,74,1,handwritten,0,0.00020249999999999999,0.00015379099999999999,0.00020162500000000388,0.00015150000000000059,0.00013266690075397491,0.00069462500000000004,12582912
1048576,measured,75,0,handwritten,0,0.00019133400000000001,6.8167e-05,0.00018991599999999831,6.7624999999999977e-05,0.0001116250641644001,0.00057458400000000005,12582912
1048576,measured,75,1,generated,0,0.000191208,7.4375000000000005e-05,0.00019004099999999496,7.3666999999999483e-05,0.00011525023728609085,0.0006845,12582912
1048576,measured,76,0,generated,0,0.00024658299999999998,6.9375000000000006e-05,0.00024562600000000573,6.8624999999999242e-05,0.0001188754104077816,0.00064716600000000002,12582912
1048576,measured,76,1,handwritten,0,0.000152208,6.2500000000000001e-05,0.00015141800000000039,6.1708000000000596e-05,8.9958310127258301e-05,0.000488541,12582912
1048576,measured,77,0,handwritten,0,0.0001515,6.4875000000000005e-05,0.00015066799999999964,6.4250000000000071e-05,9.2125032097101212e-05,0.000484,12582912
1048576,measured,77,1,generated,0,0.00015837499999999999,6.4165999999999995e-05,0.00015754199999999663,6.3459000000000085e-05,0.00010574981570243835,0.00051804200000000003,12582912
1048576,measured,78,0,generated,0,0.000171208,6.0291999999999998e-05,0.00016983399999999371,5.9666999999999359e-05,0.0001110415905714035,0.00053974999999999997,12582912
1048576,measured,78,1,handwritten,0,0.00015629199999999999,6.1582999999999996e-05,0.00015545699999999774,6.100000000000029e-05,9.1666821390390396e-05,0.000484833,12582912
1048576,measured,79,0,handwritten,0,0.00015395900000000001,5.8499999999999999e-05,0.00015291700000000241,5.783300000000019e-05,9.5708295702934265e-05,0.00048287500000000001,12582912
1048576,measured,79,1,generated,0,0.00033358299999999998,6.6707999999999999e-05,0.00033262499999999612,6.6042000000000531e-05,9.1833528131246567e-05,0.00062783299999999995,12582912
1048576,measured,80,0,generated,0,0.00015858300000000001,6.1833000000000002e-05,0.00015774900000000563,6.125000000000054e-05,0.00017366651445627213,0.00052062500000000004,12582912
1048576,measured,80,1,handwritten,0,0.00015287499999999999,6.0749999999999999e-05,0.00015212499999999601,6.0166999999999859e-05,0.00021249987185001373,0.00053895899999999999,12582912
1048576,measured,81,0,handwritten,0,0.00015325000000000001,5.7874999999999997e-05,0.00015249999999999986,5.7290999999999245e-05,0.00012666638940572739,0.000448417,12582912
1048576,measured,81,1,generated,0,0.00014916699999999999,6.0541999999999997e-05,0.00014845799999999715,5.9874999999999165e-05,0.00017233332619071007,0.00050433300000000004,12582912
1048576,measured,82,0,generated,0,0.0001615,6.0625000000000003e-05,0.00016083299999999912,5.999999999999929e-05,0.00017887493595480919,0.00052441599999999999,12582912
1048576,measured,82,1,handwritten,0,0.000152208,6.2541999999999999e-05,0.00015145800000000015,6.1959000000000319e-05,0.00014212494716048241,0.00047825,12582912
1048576,measured,83,0,handwritten,0,0.00017587500000000001,0.000136167,0.00017516600000000437,0.00013558299999999988,0.00013125035911798477,0.00061995799999999999,12582912
1048576,measured,83,1,generated,0,0.00016287499999999999,6.0374999999999997e-05,0.00016179200000000088,5.9791999999999484e-05,0.00010837521404027939,0.00052012499999999997,12582912
1048576,measured,84,0,generated,0,0.00016145800000000001,6.1749999999999997e-05,0.00016062499999999758,6.100000000000029e-05,0.00011004181578755379,0.00053187500000000001,12582912
1048576,measured,84,1,handwritten,0,0.00024675000000000001,5.9292000000000001e-05,0.00022708399999999546,5.8667000000000094e-05,0.00010833330452442169,0.00060249999999999995,12582912
1048576,measured,85,0,handwritten,0,0.00016100000000000001,5.9416999999999997e-05,0.00016025000000000067,5.8458000000000815e-05,0.00011408329010009766,0.00051524999999999997,12582912
1048576,measured,85,1,generated,0,0.000152416,6.0749999999999999e-05,0.00015170799999999346,6.0124999999999415e-05,9.9166762083768845e-05,0.000513041,12582912
1048576,measured,86,0,generated,0,0.00016079199999999999,6.0999999999999999e-05,0.00016008299999999837,6.0374999999999665e-05,0.00011100014671683311,0.00053008299999999999,12582912
1048576,measured,86,1,handwritten,0,0.000155833,6.2082999999999995e-05,0.00015512499999999901,6.1458000000000346e-05,0.00011379178613424301,0.00050808299999999999,12582912
1048576,measured,87,0,handwritten,0,0.00016079199999999999,6.6000000000000005e-05,0.0001600830000000053,6.5334000000000225e-05,0.00011970847845077515,0.00054079200000000001,12582912
1048576,measured,87,1,generated,0,0.00016316599999999999,6.1167000000000006e-05,0.00016245900000000368,6.0582999999999471e-05,0.0001093749888241291,0.00052174999999999997,12582912
1048576,measured,88,0,generated,0,0.00015725,6.2292000000000006e-05,0.00015650000000000386,6.1708000000000596e-05,0.0001127501018345356,0.00052099999999999998,12582912
1048576,measured,88,1,handwritten,0,0.00015841600000000001,6.2333000000000001e-05,0.00015770899999999893,6.1666000000000151e-05,0.00011816667392849922,0.00052087499999999996,12582912
1048576,measured,89,0,handwritten,0,0.000186417,6.3e-05,0.00018558399999999559,6.2332999999999486e-05,0.00012112502008676529,0.00055883300000000001,12582912
1048576,measured,89,1,generated,0,0.00016641599999999999,6.4459000000000001e-05,0.00016566700000000129,6.3874999999999696e-05,0.0001116250641644001,0.000548166,12582912
1048576,measured,90,0,generated,0,0.00017304199999999999,8.9208000000000004e-05,0.0001722090000000065,8.8625000000000162e-05,0.00013149995356798172,0.00062662500000000001,12582912
1048576,measured,90,1,handwritten,0,0.000181542,6.2000000000000003e-05,0.000180792000000006,6.1290999999999776e-05,0.00016520824283361435,0.00053704200000000005,12582912
1048576,measured,91,0,handwritten,0,0.00015704200000000001,6.4417000000000003e-05,0.00015629099999999591,6.3749999999999571e-05,0.00017724977806210518,0.00052716700000000004,12582912
1048576,measured,91,1,generated,0,0.000159667,6.1667000000000004e-05,0.00015895900000000018,6.1125000000000415e-05,0.00016058329492807388,0.00051833399999999996,12582912
1048576,measured,92,0,generated,0,0.000159333,6.2207999999999998e-05,0.00015862500000000251,6.15419999999995e-05,0.00018845871090888977,0.00053516600000000001,12582912
1048576,measured,92,1,handwritten,0,0.00015812500000000001,6.1500000000000004e-05,0.00015737500000000126,6.0707999999999596e-05,0.0001905001699924469,0.00052312500000000004,12582912
1048576,measured,93,0,handwritten,0,0.00015995899999999999,6.0541999999999997e-05,0.00015929099999999891,5.9874999999999165e-05,0.00015695858746767044,0.000489209,12582912
1048576,measured,93,1,generated,0,0.000221208,6.0749999999999999e-05,0.00021995799999999927,6.0124999999999415e-05,0.00012912508100271225,0.00053683300000000002,12582912
1048576,measured,94,0,generated,0,0.00015587500000000001,6.6041e-05,0.00015512499999999901,6.5249999999999336e-05,0.00010125013068318367,0.00057995799999999999,12582912
1048576,measured,94,1,handwritten,0,0.00015545899999999999,6.0582999999999999e-05,0.00015479200000000082,5.9916999999999609e-05,0.00011325022205710411,0.00051791700000000001,12582912
1048576,measured,95,0,handwritten,0,0.000158584,6.0374999999999997e-05,0.00015779099999999741,5.9874999999999165e-05,0.00011224998161196709,0.00051658400000000005,12582912
1048576,measured,95,1,generated,0,0.0003055,6.6500000000000004e-05,0.00029962499999999781,6.5874999999999961e-05,9.1958325356245041e-05,0.00066545899999999997,12582912
1048576,measured,96,0,generated,0,0.00015716699999999999,6.7374999999999998e-05,0.00015649999999999692,6.6791999999999546e-05,0.0001804581843316555,0.00053641699999999997,12582912
1048576,measured,96,1,handwritten,0,0.00016425000000000001,6.4375000000000006e-05,0.00016350000000000392,6.366699999999989e-05,0.00018100021407008171,0.00052274999999999999,12582912
1048576,measured,97,0,handwritten,0,0.00016487500000000001,6.4832999999999994e-05,0.00016416699999999979,6.4292000000000515e-05,0.00013624969869852066,0.000483208,12582912
1048576,measured,97,1,generated,0,0.00018858300000000001,6.7292000000000006e-05,0.000187666000000003,6.6625000000000711e-05,0.00015108333900570869,0.00053425,12582912
1048576,measured,98,0,generated,0,0.00016233299999999999,6.4999999999999994e-05,0.00016158400000000628,6.4375000000000196e-05,0.00018562516197562218,0.00054087500000000001,12582912
1048576,measured,98,1,handwritten,0,0.00015741600000000001,6.1500000000000004e-05,0.00015670899999999793,6.0959000000001054e-05,0.00014674989506602287,0.00047245799999999998,12582912
1048576,measured,99,0,handwritten,0,0.00019341700000000001,5.7500000000000002e-05,0.00019274999999999848,5.6875000000001369e-05,0.00012800004333257675,0.00055212499999999999,12582912
1048576,measured,99,1,generated,0,0.00015608399999999999,5.8708000000000001e-05,0.00015533300000000055,5.812499999999915e-05,0.00010574981570243835,0.00057987499999999999,12582912
16777216,warmup,0,0,generated,0,0.015942042,0.0056286249999999999,0.01593787599999999,0.0056259160000000016,0.0021283747628331184,0.028743542,201326592
16777216,warmup,0,1,handwritten,0,0.0081469160000000006,0.0013823329999999999,0.0081457080000000015,0.0013806249999999999,0.0020767915993928909,0.011779415999999999,201326592
16777216,warmup,1,0,handwritten,0,0.0024854999999999999,0.001436791,0.0024845000000000006,0.0014354170000000013,0.0016210000030696392,0.0059026249999999999,201326592
16777216,warmup,1,1,generated,0,0.002517708,0.0012262919999999999,0.0025162910000000038,0.0012255000000000009,0.0020399163477122784,0.0060001669999999998,201326592
16777216,warmup,2,0,generated,0,0.0026090839999999998,0.0011734169999999999,0.0026081240000000033,0.0011724169999999985,0.0015287497080862522,0.0055140839999999998,201326592
16777216,warmup,2,1,handwritten,0,0.0024196669999999999,0.001239708,0.002418709000000005,0.0012384159999999991,0.002249500248581171,0.0060392919999999999,201326592
16777216,warmup,3,0,handwritten,0,0.0025213330000000002,0.001357792,0.0025195000000000078,0.0013570409999999998,0.0015423335134983063,0.0058041250000000003,201326592
16777216,warmup,3,1,generated,0,0.002672083,0.001286875,0.0026709170000000088,0.0012860420000000011,0.0021606250666081905,0.0065153750000000003,201326592
16777216,warmup,4,0,generated,0,0.0025377080000000001,0.0012658330000000001,0.0025366250000000007,0.0012647080000000033,0.0016570417210459709,0.005835458,201326592
16777216,warmup,4,1,handwritten,0,0.0026847500000000001,0.00145075,0.0026819170000000059,0.0014484170000000005,0.0016905837692320347,0.0060197499999999999,201326592
16777216,warmup,5,0,handwritten,0,0.0027473329999999998,0.0013959580000000001,0.0027443340000000011,0.0013949590000000012,0.0020915833301842213,0.006643833,201326592
16777216,warmup,5,1,generated,0,0.0029650829999999999,0.0013665000000000001,0.002961750000000013,0.0013651250000000018,0.0020467499271035194,0.0065834580000000004,201326592
16777216,warmup,6,0,generated,0,0.0026441659999999999,0.0013071249999999999,0.0026417499999999983,0.001306166999999997,0.0016459999606013298,0.0060292499999999999,201326592
16777216,warmup,6,1,handwritten,0,0.002675167,0.001297917,0.0026725010000000216,0.0012969170000000016,0.0016938336193561554,0.0060707089999999997,201326592
16777216,warmup,7,0,handwritten,0,0.0033536249999999998,0.001368541,0.003348040999999996,0.0013675000000000007,0.0022066249512135983,0.0070887909999999997,201326592
16777216,warmup,7,1,generated,0,0.0025783339999999998,0.0012771670000000001,0.0025767920000000222,0.001276125000000003,0.0021312497556209564,0.006166459,201326592
16777216,warmup,8,0,generated,0,0.0026349170000000001,0.00147,0.0026331659999999923,0.0014688340000000022,0.0016642916016280651,0.0060504579999999999,201326592
16777216,warmup,8,1,handwritten,0,0.0025925409999999999,0.0013032919999999999,0.0025905829999999797,0.0013024999999999981,0.0016313334926962852,0.0059039579999999999,201326592
16777216,warmup,9,0,handwritten,0,0.0025763330000000001,0.001445792,0.0025742079999999945,0.0014442080000000024,0.0019973749294877052,0.0061968329999999997,201326592
16777216,warmup,9,1,generated,0,0.0028365830000000002,0.0014098330000000001,0.0028344589999999836,0.001408582999999998,0.0017102500423789024,0.0061989999999999996,201326592
16777216,measured,0,0,generated,0,0.002567583,0.001237042,0.0025652509999999906,0.001235708000000002,0.0020080413669347763,0.0062095420000000002,201326592
16777216,measured,0,1,handwritten,0,0.0025554169999999999,0.0012968750000000001,0.0025519170000000146,0.0012952499999999978,0.0015721251256763935,0.005796542,201326592
16777216,measured,1,0,handwritten,0,0.002563208,0.001275792,0.0025614579999999887,0.0012745419999999966,0.0016224998980760574,0.005678125,201326592
16777216,measured,1,1,generated,0,0.0028778749999999998,0.001284084,0.002874957999999983,0.0012827080000000005,0.0016822912730276585,0.0060947919999999999,201326592
16777216,measured,2,0,generated,0,0.0028871669999999999,0.0013752079999999999,0.0028845829999999961,0.0013742500000000005,0.0019344165921211243,0.0063811670000000001,201326592
16777216,measured,2,1,handwritten,0,0.0025975,0.0012689590000000001,0.0025963330000000062,0.0012674579999999991,0.0017301249317824841,0.0059890000000000004,201326592
16777216,measured,3,0,handwritten,0,0.0027345410000000001,0.001195125,0.0027319999999999844,0.0011943339999999983,0.0019666249863803387,0.0062716250000000003,201326592
16777216,measured,3,1,generated,0,0.002425792,0.0011947080000000001,0.0024247909999999817,0.001193874999999997,0.0015632500872015953,0.0055772499999999997,201326592
16777216,measured,4,0,generated,0,0.0023909589999999998,0.001327667,0.002389749999999996,0.0013269169999999969,0.0018318751826882362,0.0057035000000000002,201326592
16777216,measured,4,1,handwritten,0,0.002440167,0.001300084,0.0024389589999999906,0.0012988749999999979,0.0016837087459862232,0.0058044170000000001,201326592
16777216,measured,5,0,handwritten,0,0.0028022910000000002,0.0014857500000000001,0.002801416000000001,0.0014842919999999982,0.0017319167964160442,0.0063672080000000001,201326592
16777216,measured,5,1,generated,0,0.002437542,0.0012215419999999999,0.0024367080000000096,0.0012204999999999994,0.0015462501905858517,0.0055724169999999996,201326592
16777216,measured,6,0,generated,0,0.0026779999999999998,0.0012744169999999999,0.0026769580000000071,0.0012734169999999989,0.0019621248356997967,0.006066292,201326592
16777216,measured,6,1,handwritten,0,0.0025560829999999998,0.00130525,0.0025547510000000218,0.0013042500000000068,0.0016148337163031101,0.0056800419999999997,201326592
16777216,measured,7,0,handwritten,0,0.002678209,0.0014869589999999999,0.0026772090000000137,0.0014856250000000043,0.0016255001537501812,0.0061331249999999997,201326592
16777216,measured,7,1,generated,0,0.0026527080000000001,0.001290458,0.0026515830000000129,0.0012891669999999938,0.0016737915575504303,0.0058217499999999997,201326592
16777216,measured,8,0,generated,0,0.0026511249999999998,0.001573,0.0026499580000000078,0.0015716669999999988,0.0020191250368952751,0.0064159170000000001,201326592
16777216,measured,8,1,handwritten,0,0.0026333749999999999,0.001317667,0.0026324590000000037,0.0013166250000000018,0.0016833334229886532,0.0060150830000000001,201326592
16777216,measured,9,0,handwritten,0,0.0026535,0.0014083329999999999,0.0026522089999999887,0.0014070419999999972,0.001774416770786047,0.0062065419999999998,201326592
16777216,measured,9,1,generated,0,0.0024721249999999999,0.0012318330000000001,0.0024712500000000082,0.0012305829999999934,0.0016210833564400673,0.0056970409999999999,201326592
16777216,measured,10,0,generated,0,0.0026820419999999999,0.001362458,0.0026807500000000095,0.0013613330000000062,0.0018276250921189785,0.0060292499999999999,201326592
16777216,measured,10,1,handwritten,0,0.0025027090000000001,0.0013107500000000001,0.0025012500000000104,0.0013100000000000056,0.0016472497954964638,0.0058382920000000001,201326592
16777216,measured,11,0,handwritten,0,0.002539,0.001286875,0.0025380840000000238,0.0012857919999999939,0.0020308750681579113,0.006209333,201326592
16777216,measured,11,1,generated,0,0.0024199579999999998,0.0011876670000000001,0.0024186669999999855,0.0011867079999999947,0.0015535834245383739,0.0055106670000000003,201326592
16777216,measured,12,0,generated,0,0.0024484580000000001,0.0013490830000000001,0.0024473749999999739,0.0013482499999999953,0.0019000000320374966,0.005863208,201326592
16777216,measured,12,1,handwritten,0,0.0025573750000000002,0.0014565419999999999,0.0025564169999999775,0.001455708,0.0016483748331665993,0.0060204589999999997,201326592
16777216,measured,13,0,handwritten,0,0.002483458,0.0011804999999999999,0.0024817920000000382,0.0011796250000000036,0.0019574584439396858,0.005978583,201326592
16777216,measured,13,1,generated,0,0.002409792,0.001250042,0.0024088329999999991,0.0012491250000000037,0.0015916666015982628,0.005616584,201326592
16777216,measured,14,0,generated,0,0.0025132919999999999,0.0011848329999999999,0.0025121249999999762,0.0011840830000000024,0.0019974997267127037,0.00584025,201326592
16777216,measured,14,1,handwritten,0,0.0026384170000000001,0.0012306249999999999,0.0026374590000000087,0.0012295830000000063,0.0015493747778236866,0.005783959,201326592
16777216,measured,15,0,handwritten,0,0.0024494590000000002,0.001487167,0.0024485000000000201,0.0014859579999999956,0.0016862084157764912,0.0059631670000000001,201326592
16777216,measured,15,1,generated,0,0.0026459999999999999,0.0012075,0.0026450839999999642,0.0012060829999999967,0.0015497086569666862,0.0057759999999999999,201326592
16777216,measured,16,0,generated,0,0.0024319160000000001,0.0012409999999999999,0.0024309169999999769,0.0012401249999999947,0.0019244165159761906,0.005738791,201326592
16777216,measured,16,1,handwritten,0,0.0025165830000000002,0.0012179580000000001,0.0025152090000000182,0.0012171249999999995,0.0015523750334978104,0.0054812079999999996,201326592
16777216,measured,17,0,handwritten,0,0.0025466249999999998,0.0014370839999999999,0.0025457079999999799,0.0014357499999999995,0.0016425000503659248,0.0059817500000000001,201326592
16777216,measured,17,1,generated,0,0.002453125,0.0011925,0.002452084000000021,0.0011912079999999992,0.0014922083355486393,0.0053503329999999997,201326592
16777216,measured,18,0,generated,0,0.0026050420000000001,0.001322459,0.0026034590000000302,0.0013216250000000068,0.0018175835721194744,0.0059202079999999997,201326592
16777216,measured,18,1,handwritten,0,0.0024747079999999999,0.0012008329999999999,0.0024737079999999634,0.0012000000000000066,0.0014976249076426029,0.0053319170000000003,201326592
16777216,measured,19,0,handwritten,0,0.002492125,0.0014151249999999999,0.0024912490000000287,0.0014139999999999986,0.0017133746296167374,0.0059645000000000002,201326592
16777216,measured,19,1,generated,0,0.002431917,0.001250417,0.0024309590000000103,0.0012495000000000006,0.0015560416504740715,0.005613542,201326592
16777216,measured,20,0,generated,0,0.0028315829999999999,0.001367208,0.0028306670000000089,0.001366166000000002,0.0018066251650452614,0.0061559579999999996,201326592
16777216,measured,20,1,handwritten,0,0.002424542,0.0012593330000000001,0.0024236250000000403,0.0012580829999999932,0.00154075026512146,0.0055890419999999998,201326592
16777216,measured,21,0,handwritten,0,0.002705542,0.0012286669999999999,0.0027042499999999636,0.0012278750000000033,0.0016626664437353611,0.0057740839999999996,201326592
16777216,measured,21,1,generated,0,0.002500333,0.0011670000000000001,0.0024989569999999683,0.0011660839999999978,0.0014904583804309368,0.0055122080000000002,201326592
16777216,measured,22,0,generated,0,0.0024258330000000001,0.001208916,0.002424750000000031,0.0012080829999999987,0.0018160832114517689,0.0058304580000000002,201326592
16777216,measured,22,1,handwritten,0,0.002446583,0.001218291,0.0024456670000000402,0.0012173750000000066,0.0016493750736117363,0.0056637909999999996,201326592
16777216,measured,23,0,handwritten,0,0.0024794999999999999,0.0013100410000000001,0.0024785000000000501,0.0013092499999999979,0.0019590416923165321,0.0058904580000000003,201326592
16777216,measured,23,1,generated,0,0.0026125829999999999,0.0012947919999999999,0.0026116669999999842,0.001293500000000003,0.0015968335792422295,0.0058752910000000004,201326592
16777216,measured,24,0,generated,0,0.0024612919999999999,0.001202416,0.0024602079999999638,0.0012014999999999942,0.0018338332884013653,0.0058194579999999996,201326592
16777216,measured,24,1,handwritten,0,0.0025083750000000002,0.0012068339999999999,0.0025074170000000118,0.0012059590000000064,0.0016162502579391003,0.0056770839999999998,201326592
16777216,measured,25,0,handwritten,0,0.002760541,0.0013712500000000001,0.002759208000000013,0.0013702909999999957,0.0019554998725652695,0.0062211250000000001,201326592
16777216,measured,25,1,generated,0,0.0026283330000000001,0.001337708,0.0026269999999999905,0.0013369170000000069,0.0017126249149441719,0.0060336249999999999,201326592
16777216,measured,26,0,generated,0,0.0026229579999999999,0.0011904999999999999,0.0026219999999999577,0.0011895829999999941,0.0019063749350607395,0.0060408329999999998,201326592
16777216,measured,26,1,handwritten,0,0.0026528340000000002,0.0013523750000000001,0.0026518339999999641,0.0013512499999999983,0.001684416551142931,0.0060308749999999998,201326592
16777216,measured,27,0,handwritten,0,0.0025559580000000001,0.001333833,0.0025547910000000007,0.0013326250000000039,0.0019845417700707912,0.0060003330000000001,201326592
16777216,measured,27,1,generated,0,0.0026588750000000002,0.00134625,0.0026574590000000287,0.001344999999999999,0.0016595833003520966,0.0058686249999999997,201326592
16777216,measured,28,0,generated,0,0.002814417,0.001192584,0.002812291999999994,0.0011915410000000043,0.0017797918990254402,0.0059560419999999999,201326592
16777216,measured,28,1,handwritten,0,0.0030711660000000002,0.0012770419999999999,0.0030671660000000101,0.0012757080000000004,0.0016896254383027554,0.0062481250000000002,201326592
16777216,measured,29,0,handwritten,0,0.002773125,0.001458834,0.0027697919999999931,0.0014571250000000036,0.0016231248155236244,0.0061030420000000004,201326592
16777216,measured,29,1,generated,0,0.0026920830000000001,0.0012873750000000001,0.0026886669999999779,0.0012860420000000011,0.0017186249606311321,0.0061178329999999996,201326592
16777216,measured,30,0,generated,0,0.003127791,0.001648875,0.00312370900000003,0.0016478329999999874,0.0019421251490712166,0.0069012079999999998,201326592
16777216,measured,30,1,handwritten,0,0.00255025,0.001309167,0.0025489160000000122,0.0013074580000000113,0.0016964166425168514,0.0057662089999999996,201326592
16777216,measured,31,0,handwritten,0,0.0030914169999999999,0.0012547089999999999,0.0030858340000000095,0.0012524999999999897,0.0023516248911619186,0.007040709,201326592
16777216,measured,31,1,generated,0,0.0028115000000000002,0.001657709,0.0028060420000000086,0.0016561250000000083,0.0016588335856795311,0.0063783340000000003,201326592
16777216,measured,32,0,generated,0,0.0029834169999999999,0.0012782500000000001,0.0029788749999999919,0.0012763329999999906,0.0016751666553318501,0.0061789590000000004,201326592
16777216,measured,32,1,handwritten,0,0.0028271669999999998,0.001225666,0.0028235000000000343,0.001224625000000007,0.002427208237349987,0.0066297500000000002,201326592
16777216,measured,33,0,handwritten,0,0.0024695839999999999,0.0013526250000000001,0.0024681669999999656,0.0013513340000000096,0.0020816666074097157,0.006076667,201326592
16777216,measured,33,1,generated,0,0.0024593330000000002,0.0014044999999999999,0.0024574589999999952,0.0014032079999999891,0.0016025835648179054,0.0058480829999999996,201326592
16777216,measured,34,0,generated,0,0.0026429579999999999,0.001261,0.0026408340000000363,0.0012599169999999993,0.001613125205039978,0.005779958,201326592
16777216,measured,34,1,handwritten,0,0.0027599159999999998,0.001317625,0.0027505420000000225,0.0013163330000000029,0.0021664169616997242,0.0064163329999999998,201326592
16777216,measured,35,0,handwritten,0,0.0028870409999999999,0.0013090420000000001,0.0028774169999999932,0.0013080420000000093,0.0016386667266488075,0.0061713749999999998,201326592
16777216,measured,35,1,generated,0,0.0025348749999999998,0.001322459,0.0025324999999999931,0.0013214589999999971,0.0016496251337230206,0.0057252919999999999,201326592
16777216,measured,36,0,generated,0,0.0027209159999999999,0.001363375,0.0027179999999999982,0.0013620000000000021,0.0015965835191309452,0.0059002079999999997,201326592
16777216,measured,36,1,handwritten,0,0.0026949159999999999,0.0012741250000000001,0.002691873999999983,0.0012728340000000005,0.0022229999303817749,0.0063547079999999997,201326592
16777216,measured,37,0,handwritten,0,0.0025365420000000001,0.0011822499999999999,0.0025323329999999977,0.0011814579999999963,0.001651291735470295,0.005719292,201326592
16777216,measured,37,1,generated,0,0.002765291,0.001255541,0.002763415999999963,0.0012547499999999989,0.0019240831024944782,0.0061129160000000004,201326592
16777216,measured,38,0,generated,0,0.0026157089999999999,0.0013409590000000001,0.0026140000000000052,0.0013401249999999976,0.0016951248981058598,0.0060625840000000002,201326592
16777216,measured,38,1,handwritten,0,0.002525125,0.001206875,0.0025238329999999753,0.0012058329999999895,0.001669625286012888,0.0055954589999999997,201326592
16777216,measured,39,0,handwritten,0,0.002555084,0.0012574999999999999,0.0025540419999999786,0.0012567079999999953,0.0016928748227655888,0.0058520000000000004,201326592
16777216,measured,39,1,generated,0,0.0026499169999999999,0.0014520830000000001,0.0026482079999999852,0.0014511660000000037,0.002043125219643116,0.0063028750000000003,201326592
16777216,measured,40,0,generated,0,0.0026037090000000001,0.001302084,0.0026024999999999521,0.0013012500000000038,0.0015921252779662609,0.0058884999999999996,201326592
16777216,measured,40,1,handwritten,0,0.0026217499999999999,0.0012129160000000001,0.0026201670000000066,0.0012122079999999924,0.0015415418893098831,0.0055702080000000001,201326592
16777216,measured,41,0,handwritten,0,0.0026345829999999998,0.0012064580000000001,0.0026332089999999697,0.0012055420000000039,0.0016327500343322754,0.0058128750000000003,201326592
16777216,measured,41,1,generated,0,0.0031245000000000001,0.001360417,0.0031232909999999725,0.0013592920000000119,0.0018414580263197422,0.0064932499999999999,201326592
16777216,measured,42,0,generated,0,0.0025053340000000001,0.0012006250000000001,0.0025040419999999841,0.0011996250000000097,0.001522500067949295,0.0054463749999999998,201326592
16777216,measured,42,1,handwritten,0,0.0024837919999999999,0.0012187910000000001,0.002481625999999959,0.0012179999999999969,0.0015562083572149277,0.0054398750000000003,201326592
16777216,measured,43,0,handwritten,0,0.002495667,0.001158042,0.0024940420000000296,0.0011573340000000099,0.0015165000222623348,0.0053502080000000004,201326592
16777216,measured,43,1,generated,0,0.0026806669999999999,0.0011837919999999999,0.002679082999999971,0.0011829999999999896,0.0018565831705927849,0.0058687499999999998,201326592
16777216,measured,44,0,generated,0,0.0023780839999999999,0.0012127500000000001,0.002376792000000072,0.0012119160000000073,0.0015165833756327629,0.0054884169999999998,201326592
16777216,measured,44,1,handwritten,0,0.00244575,0.001259458,0.0024447089999999339,0.0012581249999999988,0.001614999957382679,0.0054753329999999998,201326592
16777216,measured,45,0,handwritten,0,0.0026152089999999998,0.0012342080000000001,0.0026137500000000813,0.0012331670000000072,0.0016703750006854534,0.0057194999999999998,201326592
16777216,measured,45,1,generated,0,0.0025410419999999999,0.001158084,0.0025399999999999867,0.0011572499999999986,0.0019190418533980846,0.0059470419999999996,201326592
16777216,measured,46,0,generated,0,0.0023885830000000001,0.0012294579999999999,0.0023870830000000121,0.001228707999999995,0.001519541721791029,0.005493291,201326592
16777216,measured,46,1,handwritten,0,0.0023913329999999998,0.001202959,0.0023904170000000891,0.0012019169999999968,0.0019457503221929073,0.0056623749999999999,201326592
16777216,measured,47,0,handwritten,0,0.002604833,0.0012932919999999999,0.0026038749999999222,0.0012924169999999902,0.0015929169021546841,0.0056808750000000002,201326592
16777216,measured,47,1,generated,0,0.0025338750000000001,0.00119775,0.0025329580000000851,0.0011968340000000077,0.001991750206798315,0.0061075419999999997,201326592
16777216,measured,48,0,generated,0,0.0025646250000000001,0.0012303329999999999,0.002563000000000093,0.0012295830000000063,0.0015867501497268677,0.0055973330000000003,201326592
16777216,measured,48,1,handwritten,0,0.0023886250000000001,0.0013196670000000001,0.0023877500000000218,0.0013184579999999946,0.0020052916370332241,0.0058400839999999997,201326592
16777216,measured,49,0,handwritten,0,0.0024295419999999998,0.001196667,0.0024284159999999888,0.0011958750000000129,0.0019739996641874313,0.0057212920000000002,201326592
16777216,measured,49,1,generated,0,0.0024604589999999999,0.001380334,0.0024594169999999638,0.0013797080000000073,0.0015589166432619095,0.0056454590000000002,201326592
16777216,measured,50,0,generated,0,0.0025679169999999999,0.0011911669999999999,0.00256708299999997,0.0011902500000000038,0.0015788334421813488,0.0057120840000000001,201326592
16777216,measured,50,1,handwritten,0,0.0026766250000000002,0.0012740410000000001,0.0026754580000000194,0.0012732079999999979,0.00197629164904356,0.0060512910000000003,201326592
16777216,measured,51,0,handwritten,0,0.0023821250000000001,0.001191292,0.0023810829999999505,0.0011900420000000023,0.001965625211596489,0.0056526670000000001,201326592
16777216,measured,51,1,generated,0,0.0026002500000000001,0.001298542,0.0025991670000000688,0.0012978339999999977,0.0015455419197678566,0.0058305830000000003,201326592
16777216,measured,52,0,generated,0,0.0024031669999999999,0.0012203330000000001,0.0024021669999999551,0.0012195000000000122,0.0015059583820402622,0.0054771250000000002,201326592
16777216,measured,52,1,handwritten,0,0.002836875,0.001212292,0.0028340829999999873,0.0012115839999999878,0.0018604169599711895,0.0060570830000000004,201326592
16777216,measured,53,0,handwritten,0,0.0024538339999999998,0.0012951659999999999,0.0024529159999999717,0.0012939580000000117,0.0019109165295958519,0.0057983749999999997,201326592
16777216,measured,53,1,generated,0,0.0024918340000000001,0.001233084,0.0024905420000000955,0.0012322909999999965,0.0015229582786560059,0.0056351250000000004,201326592
16777216,measured,54,0,generated,0,0.0024863749999999999,0.0012058749999999999,0.0024854589999999677,0.0012050419999999895,0.0015423749573528767,0.0055988339999999996,201326592
16777216,measured,54,1,handwritten,0,0.002577958,0.0011995829999999999,0.0025770830000000355,0.0011984580000000133,0.0020462083630263805,0.005949541,201326592
16777216,measured,55,0,handwritten,0,0.0024371250000000001,0.0012316250000000001,0.0024360410000000554,0.0012301670000000042,0.0019565834663808346,0.0057692500000000001,201326592
16777216,measured,55,1,generated,0,0.0025088329999999998,0.0012046660000000001,0.0025078339999999866,0.0012036669999999916,0.0016397084109485149,0.005540166,201326592
16777216,measured,56,0,generated,0,0.002489083,0.001181833,0.0024879580000000123,0.0011807500000000082,0.0015282919630408287,0.0055578750000000003,201326592
16777216,measured,56,1,handwritten,0,0.002431833,0.0013379589999999999,0.0024304579999999687,0.0013372080000000064,0.0020033749751746655,0.0061297499999999998,201326592
16777216,measured,57,0,handwritten,0,0.0024244169999999999,0.0012620000000000001,0.0024235830000000069,0.0012607079999999993,0.0019498332403600216,0.0057531250000000004,201326592
16777216,measured,57,1,generated,0,0.0025057500000000002,0.001227208,0.0025048759999999337,0.0012262080000000064,0.0016041668131947517,0.0057282499999999998,201326592
16777216,measured,58,0,generated,0,0.0025838329999999998,0.0012383330000000001,0.0025825419999999655,0.0012372920000000009,0.0015558749437332153,0.0055868749999999998,201326592
16777216,measured,58,1,handwritten,0,0.0024840830000000002,0.0011982500000000001,0.0024830409999999636,0.0011974999999999902,0.0020964164286851883,0.0061162919999999997,201326592
16777216,measured,59,0,handwritten,0,0.0027426669999999998,0.0013285840000000001,0.0027413750000000459,0.0013269999999999949,0.0019457084126770496,0.0061689589999999999,201326592
16777216,measured,59,1,generated,0,0.0026004999999999999,0.0012644170000000001,0.0025987080000000606,0.0012635420000000064,0.0016199168749153614,0.0057184169999999999,201326592
16777216,measured,60,0,generated,0,0.0028907080000000001,0.0013119169999999999,0.0028892509999999261,0.0013108749999999891,0.0017349580302834511,0.0063217919999999997,201326592
16777216,measured,60,1,handwritten,0,0.0029612499999999999,0.001265834,0.0029597919999999611,0.0012645830000000136,0.0020007500424981117,0.006385417,201326592
16777216,measured,61,0,handwritten,0,0.002739333,0.001367458,0.0027377920000000167,0.0013655830000000035,0.002107041422277689,0.006373625,201326592
16777216,measured,61,1,generated,0,0.0027498330000000001,0.002581,0.0027467079999999866,0.0025793749999999949,0.001799208577722311,0.0076233330000000004,201326592
16777216,measured,62,0,generated,0,0.0024778339999999999,0.0012077500000000001,0.0024752490000000682,0.0012062079999999864,0.001564874779433012,0.005677667,201326592
16777216,measured,62,1,handwritten,0,0.003024667,0.0014380829999999999,0.003023083000000093,0.0014366670000000026,0.002379958052188158,0.0070385420000000001,201326592
16777216,measured,63,0,handwritten,0,0.0029350840000000001,0.0013006669999999999,0.0029302510000001059,0.0012991250000000121,0.0016921251080930233,0.006155125,201326592
16777216,measured,63,1,generated,0,0.0026186669999999999,0.001504458,0.0026173329999999995,0.0015026250000000074,0.0020445417612791061,0.0063977089999999997,201326592
16777216,measured,64,0,generated,0,0.0027066249999999998,0.0012942920000000001,0.002704625000000016,0.0012923750000000123,0.0017588334158062935,0.0060383340000000002,201326592
16777216,measured,64,1,handwritten,0,0.002466542,0.0013600000000000001,0.0024647919999999379,0.0013591249999999888,0.0015813750214874744,0.0057708330000000004,201326592
16777216,measured,65,0,handwritten,0,0.0024710000000000001,0.0011893330000000001,0.0024698760000000375,0.001188291000000008,0.0015170415863394737,0.0053734999999999998,201326592
16777216,measured,65,1,generated,0,0.0026015000000000001,0.0011997500000000001,0.0026004990000000339,0.0011987089999999923,0.0019167084246873856,0.0058927500000000004,201326592
16777216,measured,66,0,generated,0,0.0026354170000000001,0.001282917,0.0026343749999999666,0.001281499999999991,0.0016504582017660141,0.0059743340000000004,201326592
16777216,measured,66,1,handwritten,0,0.0024654579999999998,0.0014754169999999999,0.0024641660000001009,0.0014741669999999985,0.0015646666288375854,0.0057133330000000001,201326592
16777216,measured,67,0,handwritten,0,0.002384125,0.0011594999999999999,0.0023828750000000065,0.0011585000000000067,0.0015088748186826706,0.005390125,201326592
16777216,measured,67,1,generated,0,0.0026459579999999999,0.0012687499999999999,0.0026450409999999591,0.0012677080000000063,0.0018111662939190865,0.0059003750000000002,201326592
16777216,measured,68,0,generated,0,0.0023731249999999998,0.0011809170000000001,0.0023721669999999806,0.0011799580000000087,0.0015011248178780079,0.0054421249999999999,201326592
16777216,measured,68,1,handwritten,0,0.0025400000000000002,0.001298083,0.0025391249999999754,0.0012968750000000029,0.0016102497465908527,0.0056554999999999999,201326592
16777216,measured,69,0,handwritten,0,0.0024759169999999998,0.001281625,0.0024747080000000476,0.0012807079999999915,0.001655250322073698,0.0057827080000000001,201326592
16777216,measured,69,1,generated,0,0.0027539159999999999,0.0013813339999999999,0.0027530000000000054,0.0013802910000000057,0.0018240418285131454,0.0061216250000000003,201326592
16777216,measured,70,0,generated,0,0.0027933340000000002,0.001390542,0.0027922500000000516,0.0013890000000000013,0.0017433748580515385,0.0063564169999999996,201326592
16777216,measured,70,1,handwritten,0,0.0057661250000000004,0.0028657499999999998,0.0057591249999999761,0.0028601249999999911,0.0020705414935946465,0.01097325,201326592
16777216,measured,71,0,handwritten,0,0.0046293330000000002,0.001688583,0.004612791000000005,0.0016847500000000126,0.0021912502124905586,0.0087741250000000007,201326592
16777216,measured,71,1,generated,0,0.0032435419999999999,0.0014552499999999999,0.0032355839999999025,0.0014531249999999996,0.0022480837069451809,0.0071602499999999999,201326592
16777216,measured,72,0,generated,0,0.0031624169999999998,0.0013829580000000001,0.0031545830000000441,0.0013813749999999902,0.0017312499694526196,0.0065607499999999997,201326592
16777216,measured,72,1,handwritten,0,0.0025192499999999998,0.001341666,0.002512875000000081,0.0013404170000000104,0.0018092081882059574,0.0058427499999999999,201326592
16777216,measured,73,0,handwritten,0,0.0025338330000000001,0.00134775,0.0025323329999999977,0.0013462919999999989,0.0016319169662892818,0.0059346249999999998,201326592
16777216,measured,73,1,generated,0,0.00285775,0.0014172500000000001,0.0028538330000000833,0.0014145839999999965,0.0025755832903087139,0.0071050000000000002,201326592
16777216,measured,74,0,generated,0,0.0024425409999999999,0.001188333,0.0024400820000000101,0.0011868750000000039,0.0015903753228485584,0.0056278750000000001,201326592
16777216,measured,74,1,handwritten,0,0.0024239169999999998,0.001308292,0.0024226240000000399,0.001306166999999997,0.0018505002371966839,0.0057592499999999996,201326592
16777216,measured,75,0,handwritten,0,0.002665625,0.0014794999999999999,0.0026625829999999961,0.0014772500000000133,0.0019420837052166462,0.0064747499999999996,201326592
16777216,measured,75,1,generated,0,0.003018625,0.0019486659999999999,0.0030120409999999653,0.0019463750000000002,0.0019294167868793011,0.0071151249999999999,201326592
16777216,measured,76,0,generated,0,0.0027298330000000001,0.0019205419999999999,0.0027245000000000186,0.0019184170000000056,0.0018866248428821564,0.0070719579999999997,201326592
16777216,measured,76,1,handwritten,0,0.002976083,0.001187167,0.0029653750000000478,0.0011857919999999911,0.0016282503493130207,0.0062296670000000004,201326592
16777216,measured,77,0,handwritten,0,0.0032049169999999998,0.0019848750000000001,0.0032012500000000443,0.0019824590000000197,0.0015578749589622021,0.0071666669999999998,201326592
16777216,measured,77,1,generated,0,0.002884625,0.0016035000000000001,0.0028802079999999952,0.0015987909999999883,0.0015668747946619987,0.0066419169999999998,201326592
16777216,measured,78,0,generated,0,0.0034034579999999998,0.0015414999999999999,0.0033992500000000758,0.0015395839999999827,0.002003875095397234,0.0072754170000000002,201326592
16777216,measured,78,1,handwritten,0,0.0045898340000000001,0.001472084,0.0045847919999999487,0.0014702500000000063,0.002027374692261219,0.0082714590000000001,201326592
16777216,measured,79,0,handwritten,0,0.0027524170000000001,0.001779667,0.0027471249999999614,0.001776999999999973,0.0015969583764672279,0.0065091250000000002,201326592
16777216,measured,79,1,generated,0,0.003249708,0.001271959,0.003244374999999966,0.0012688750000000026,0.0019213752821087837,0.0067286250000000002,201326592
16777216,measured,80,0,generated,0,0.0027366669999999999,0.0012770839999999999,0.0027307090000000533,0.001275375000000023,0.0016238749958574772,0.005901084,201326592
16777216,measured,80,1,handwritten,0,0.0025964579999999998,0.0014560420000000001,0.0025919580000000053,0.0014542499999999903,0.0018990002572536469,0.0063579170000000003,201326592
16777216,measured,81,0,handwritten,0,0.0029112909999999999,0.0012012500000000001,0.0029057499999999292,0.0011997080000000215,0.001601874828338623,0.0059372909999999999,201326592
16777216,measured,81,1,generated,0,0.0024199579999999998,0.001252167,0.0024177930000000014,0.0012511250000000196,0.0020691249519586563,0.0059301249999999996,201326592
16777216,measured,82,0,generated,0,0.0028231250000000001,0.001525125,0.0028198750000000272,0.0015131250000000041,0.0019876668229699135,0.006887916,201326592
16777216,measured,82,1,handwritten,0,0.003522959,0.0014771249999999999,0.0035169159999999255,0.0014752089999999773,0.0019194995984435081,0.0071094169999999998,201326592
16777216,measured,83,0,handwritten,0,0.00257975,0.0015113749999999999,0.0025751250000000114,0.0015075840000000063,0.0017034583725035191,0.0062341669999999997,201326592
16777216,measured,83,1,generated,0,0.0033034169999999999,0.001437792,0.0032956250000000242,0.0014354169999999944,0.0015567499212920666,0.0068105839999999997,201326592
16777216,measured,84,0,generated,0,0.0037827920000000001,0.0061494169999999999,0.0037752079999999744,0.0061394579999999865,0.0020963749848306179,0.012416750000000001,201326592
16777216,measured,84,1,handwritten,0,0.0025795000000000002,0.0012397910000000001,0.0025774169999999152,0.001237708000000004,0.0020303749479353428,0.006369708,201326592
16777216,measured,85,0,handwritten,0,0.0027173750000000002,0.001870666,0.0027149579999999895,0.0018690000000000095,0.0015217917971313,0.0063154580000000004,201326592
16777216,measured,85,1,generated,0,0.0036965829999999998,0.001200542,0.0036906660000000091,0.0011986250000000087,0.0019614999182522297,0.0073070829999999998,201326592
16777216,measured,86,0,generated,0,0.0027785000000000002,0.0012895000000000001,0.002770749999999933,0.0012879160000000001,0.0016057081520557404,0.005935666,201326592
16777216,measured,86,1,handwritten,0,0.002556708,0.0016073750000000001,0.0025531249999999339,0.0016056249999999994,0.0018339999951422215,0.0061947920000000002,201326592
16777216,measured,87,0,handwritten,0,0.0026193330000000002,0.0012747500000000001,0.0026145419999999975,0.0012730000000000241,0.0020226668566465378,0.0063359159999999996,201326592
16777216,measured,87,1,generated,0,0.0040492089999999998,0.0029204999999999999,0.0040418340000000219,0.0029179590000000255,0.0023265001364052296,0.0094978749999999994,201326592
16777216,measured,88,0,generated,0,0.003642625,0.001283083,0.0036360010000000553,0.0012812079999999781,0.002008375246077776,0.0071435830000000002,201326592
16777216,measured,88,1,handwritten,0,0.0031415000000000002,0.0021665830000000001,0.0031385419999999664,0.0021557500000000118,0.0016013332642614841,0.0073174169999999997,201326592
16777216,measured,89,0,handwritten,0,0.0040347919999999997,0.0012773750000000001,0.0040176240000000529,0.0012754580000000071,0.0022325832396745682,0.0077799590000000004,201326592
16777216,measured,89,1,generated,0,0.0029442499999999998,0.001229958,0.0029394580000000614,0.0012281250000000243,0.0018879999406635761,0.0064864579999999996,201326592
16777216,measured,90,0,generated,0,0.0029485409999999998,0.0015190410000000001,0.0029447080000000181,0.0015166659999999998,0.001734541729092598,0.0066219160000000003,201326592
16777216,measured,90,1,handwritten,0,0.002652958,0.0013602499999999999,0.0026494579999999379,0.0013589999999999991,0.0020030834712088108,0.0061901250000000003,201326592
16777216,measured,91,0,handwritten,0,0.002752708,0.0023981660000000002,0.0027485409999999932,0.0023950839999999918,0.0018121665343642235,0.0074094160000000003,201326592
16777216,measured,91,1,generated,0,0.0024169170000000002,0.0013703750000000001,0.0024109590000001013,0.0013684170000000107,0.0019419579766690731,0.0059402919999999998,201326592
16777216,measured,92,0,generated,0,0.0027989170000000002,0.001691,0.0027957920000000192,0.0016892499999999755,0.0016424166969954967,0.0065404579999999999,201326592
16777216,measured,92,1,handwritten,0,0.002977291,0.0017171669999999999,0.0029724999999999335,0.0017155409999999871,0.0019865832291543484,0.0068488330000000004,201326592
16777216,measured,93,0,handwritten,0,0.0024346670000000002,0.001230791,0.0024320420000000231,0.0012292090000000089,0.0016597500070929527,0.0057402499999999997,201326592
16777216,measured,93,1,generated,0,0.0029334579999999999,0.001456541,0.0029302079999999897,0.0014540000000000108,0.0018336251378059387,0.0066462910000000004,201326592
16777216,measured,94,0,generated,0,0.0031604580000000001,0.001260333,0.0031556249999999952,0.0012589159999999988,0.0019050417467951775,0.0065343329999999998,201326592
16777216,measured,94,1,handwritten,0,0.0037815840000000002,0.0013679160000000001,0.0037512090000000331,0.0013654169999999799,0.0017356248572468758,0.0072005000000000003,201326592
16777216,measured,95,0,handwritten,0,0.0033192500000000002,0.0013838329999999999,0.0033119159999999148,0.0013815420000000134,0.001999374944716692,0.0068897910000000001,201326592
16777216,measured,95,1,generated,0,0.0027716249999999998,0.001439042,0.0027687920000000199,0.0014358749999999754,0.0016933334991335869,0.0061741670000000004,201326592
16777216,measured,96,0,generated,0,0.0027897080000000001,0.001325541,0.0027845010000000503,0.0013238329999999965,0.0021634167060256004,0.006712333,201326592
16777216,measured,96,1,handwritten,0,0.0028319170000000002,0.001665333,0.0028273739999999936,0.0016634580000000065,0.001808458473533392,0.0067118339999999999,201326592
16777216,measured,97,0,handwritten,0,0.0029730830000000001,0.0014107499999999999,0.002969208000000001,0.0014084169999999951,0.0018347501754760742,0.0064532080000000002,201326592
16777216,measured,97,1,generated,0,0.0041808330000000001,0.001559791,0.0041746259999999591,0.0015569999999999751,0.0019571664743125439,0.0079236250000000001,201326592
16777216,measured,98,0,generated,0,0.0026949999999999999,0.00192975,0.0026897909999999969,0.0019279170000000012,0.0016284584999084473,0.0065100829999999998,201326592
16777216,measured,98,1,handwritten,0,0.0032915000000000002,0.0013849999999999999,0.0032862499999999351,0.0013832500000000025,0.0018631666898727417,0.006727416,201326592
16777216,measured,99,0,handwritten,0,0.0025449579999999999,0.0012520420000000001,0.0025435000000000318,0.0012509580000000242,0.0015446250326931477,0.0056549169999999998,201326592
16777216,measured,99,1,generated,0,0.0026124999999999998,0.00129425,0.0026107919999999174,0.0012927919999999871,0.0015647918917238712,0.0058595829999999998,201326592
