elements,phase,iteration,order,variant,pipeline_compile_seconds,h2d_api_seconds,d2h_api_seconds,h2d_copy_seconds,d2h_copy_seconds,gpu_seconds,total_seconds,runtime_owned_peak_buffer_bytes
1024,warmup,0,0,generated,0.000807875,1.5829999999999999e-06,3.3749999999999999e-06,7.0799999999999993e-07,1.666e-06,6.3753686845302582e-06,0.002422708,12288
1024,warmup,0,1,handwritten,0.028930708999999999,1.2920000000000001e-06,3.7500000000000001e-06,6.2499999999999995e-07,7.0800000000000004e-07,6.5001659095287323e-06,0.029410249999999999,12288
1024,warmup,1,0,handwritten,0,1.75e-06,2.125e-06,1.0409999999999999e-06,3.3400000000000011e-07,5.4999254643917084e-06,0.000281458,12288
1024,warmup,1,1,generated,0,1.2500000000000001e-06,1.4169999999999999e-06,6.2400000000000029e-07,2.5000000000000015e-07,5.4999254643917084e-06,0.00032041699999999998,12288
1024,warmup,2,0,generated,0,9.5799999999999998e-07,1.1659999999999999e-06,3.3300000000000003e-07,2.0799999999999996e-07,5.5413693189620972e-06,0.00026933300000000002,12288
1024,warmup,2,1,handwritten,0,9.5900000000000005e-07,8.3300000000000001e-07,4.1700000000000041e-07,1.2500000000000007e-07,5.5837444961071014e-06,0.00027995899999999998,12288
1024,warmup,3,0,handwritten,0,1.083e-06,7.92e-07,4.5900000000000018e-07,1.6600000000000019e-07,5.5832788348197937e-06,0.00028054099999999998,12288
1024,warmup,3,1,generated,0,8.7499999999999999e-07,9.16e-07,3.3300000000000003e-07,2.5000000000000015e-07,5.5832788348197937e-06,0.00027933299999999999,12288
1024,warmup,4,0,generated,0,9.16e-07,9.9999999999999995e-07,3.3300000000000003e-07,2.9200000000000034e-07,6.0000456869602203e-06,0.00048641599999999999,12288
1024,warmup,4,1,handwritten,0,8.7499999999999999e-07,1.4160000000000001e-06,3.3300000000000003e-07,2.5000000000000015e-07,6.0419552028179169e-06,0.00052145800000000003,12288
1024,warmup,5,0,handwritten,0,1.0410000000000001e-06,1.125e-06,4.1700000000000041e-07,3.3300000000000003e-07,1.1708121746778488e-05,0.00027391600000000002,12288
1024,warmup,5,1,generated,0,1.083e-06,1.6249999999999999e-06,4.1800000000000006e-07,2.5000000000000015e-07,1.3249926269054413e-05,0.000250041,12288
1024,warmup,6,0,generated,0,9.5799999999999998e-07,7.92e-07,2.499999999999993e-07,1.6700000000000026e-07,5.6251883506774902e-06,0.00016312499999999999,12288
1024,warmup,6,1,handwritten,0,8.7499999999999999e-07,7.0800000000000004e-07,2.0800000000000038e-07,1.6700000000000026e-07,0.00019650021567940712,0.000308833,12288
1024,warmup,7,0,handwritten,0,9.1699999999999997e-07,7.0900000000000001e-07,1.6700000000000026e-07,1.6599999999999977e-07,3.0291732400655746e-05,0.000133917,12288
1024,warmup,7,1,generated,0,9.1699999999999997e-07,6.6700000000000003e-07,2.0899999999999918e-07,1.6700000000000026e-07,1.1125113815069199e-05,0.00013799999999999999,12288
1024,warmup,8,0,generated,0,9.1699999999999997e-07,7.0800000000000004e-07,2.499999999999993e-07,1.6700000000000026e-07,3.2666604965925217e-05,0.00016249999999999999,12288
1024,warmup,8,1,handwritten,0,9.16e-07,6.6599999999999996e-07,2.499999999999993e-07,1.6700000000000026e-07,1.0916963219642639e-05,0.00011783299999999999,12288
1024,warmup,9,0,handwritten,0,9.5799999999999998e-07,6.2500000000000005e-07,2.0899999999999918e-07,2.0900000000000003e-07,5.6251883506774902e-06,0.00032570800000000002,12288
1024,warmup,9,1,generated,0,9.1699999999999997e-07,9.5900000000000005e-07,2.499999999999993e-07,2.0900000000000003e-07,5.4999254643917084e-06,0.00028554200000000001,12288
1024,measured,0,0,generated,0,9.1699999999999997e-07,6.6700000000000003e-07,2.0800000000000038e-07,1.6700000000000026e-07,5.5418349802494049e-06,0.00028337499999999999,12288
1024,measured,0,1,handwritten,0,9.1699999999999997e-07,6.6700000000000003e-07,2.0800000000000038e-07,1.6599999999999977e-07,5.5003911256790161e-06,0.00029466699999999998,12288
1024,measured,1,0,handwritten,0,9.16e-07,7.92e-07,2.499999999999993e-07,1.6700000000000026e-07,5.5413693189620972e-06,0.000309208,12288
1024,measured,1,1,generated,0,8.7499999999999999e-07,7.92e-07,2.0899999999999918e-07,1.6599999999999977e-07,8.4124971181154251e-05,0.00043766699999999998,12288
1024,measured,2,0,generated,0,9.5900000000000005e-07,6.6599999999999996e-07,2.9099999999999942e-07,1.2499999999999965e-07,8.9124776422977448e-05,0.00022916700000000001,12288
1024,measured,2,1,handwritten,0,8.7499999999999999e-07,6.6599999999999996e-07,2.0800000000000038e-07,1.2499999999999965e-07,5.6251883506774902e-06,0.00012324999999999999,12288
1024,measured,3,0,handwritten,0,8.7499999999999999e-07,7.0800000000000004e-07,2.0800000000000038e-07,1.2499999999999965e-07,5.4999254643917084e-06,0.000287125,12288
1024,measured,3,1,generated,0,8.7499999999999999e-07,7.0800000000000004e-07,2.499999999999993e-07,1.6599999999999977e-07,5.9581361711025238e-06,0.00048895799999999995,12288
1024,measured,4,0,generated,0,9.5799999999999998e-07,7.0900000000000001e-07,2.9099999999999942e-07,1.6599999999999977e-07,5.6251883506774902e-06,0.00029029099999999998,12288
1024,measured,4,1,handwritten,0,9.1699999999999997e-07,6.2500000000000005e-07,2.5000000000000099e-07,1.6600000000000061e-07,5.5418349802494049e-06,0.000280167,12288
1024,measured,5,0,handwritten,0,9.16e-07,6.2500000000000005e-07,2.0800000000000038e-07,1.2499999999999965e-07,5.5832788348197937e-06,0.00026629099999999999,12288
1024,measured,5,1,generated,0,9.1699999999999997e-07,7.92e-07,2.0800000000000038e-07,2.499999999999993e-07,5.5418349802494049e-06,0.000274875,12288
1024,measured,6,0,generated,0,9.5799999999999998e-07,7.5000000000000002e-07,2.9199999999999991e-07,1.6700000000000026e-07,5.6251883506774902e-06,0.00030124999999999998,12288
1024,measured,6,1,handwritten,0,9.5799999999999998e-07,7.0900000000000001e-07,1.6800000000000076e-07,1.6599999999999977e-07,5.4999254643917084e-06,0.00028400000000000002,12288
1024,measured,7,0,handwritten,0,9.16e-07,7.0800000000000004e-07,2.0799999999999869e-07,1.6700000000000026e-07,5.5832788348197937e-06,0.00029441599999999998,12288
1024,measured,7,1,generated,0,9.16e-07,7.0800000000000004e-07,1.6800000000000246e-07,1.6700000000000026e-07,5.4999254643917084e-06,0.00028120800000000002,12288
1024,measured,8,0,generated,0,9.5799999999999998e-07,7.0900000000000001e-07,2.499999999999993e-07,1.6599999999999977e-07,5.5418349802494049e-06,0.00028579199999999999,12288
1024,measured,8,1,handwritten,0,8.7499999999999999e-07,6.2500000000000005e-07,2.0799999999999869e-07,1.2499999999999965e-07,5.5003911256790161e-06,0.00026075000000000002,12288
1024,measured,9,0,handwritten,0,9.16e-07,1.0839999999999999e-06,1.6700000000000026e-07,2.0899999999999918e-07,5.4999254643917084e-06,0.00031349999999999998,12288
1024,measured,9,1,generated,0,9.1699999999999997e-07,8.7499999999999999e-07,2.499999999999993e-07,1.2499999999999965e-07,5.5413693189620972e-06,0.00027525,12288
1024,measured,10,0,generated,0,9.1699999999999997e-07,7.5000000000000002e-07,2.0900000000000088e-07,1.2499999999999965e-07,5.5418349802494049e-06,0.00027270899999999999,12288
1024,measured,10,1,handwritten,0,9.1699999999999997e-07,7.9100000000000003e-07,2.499999999999993e-07,1.6700000000000026e-07,6.0000456869602203e-06,0.00048749999999999998,12288
1024,measured,11,0,handwritten,0,9.5799999999999998e-07,7.0900000000000001e-07,2.9199999999999991e-07,1.2499999999999965e-07,5.4999254643917084e-06,0.00028720800000000001,12288
1024,measured,11,1,generated,0,9.16e-07,7.0800000000000004e-07,1.6800000000000246e-07,1.6700000000000026e-07,5.5418349802494049e-06,0.00028133299999999998,12288
1024,measured,12,0,generated,0,8.7499999999999999e-07,7.0900000000000001e-07,2.499999999999993e-07,2.0800000000000038e-07,5.4999254643917084e-06,0.00029120799999999999,12288
1024,measured,12,1,handwritten,0,9.1699999999999997e-07,6.6599999999999996e-07,2.9199999999999991e-07,1.6700000000000026e-07,5.4999254643917084e-06,0.00029074999999999999,12288
1024,measured,13,0,handwritten,0,9.9999999999999995e-07,6.6599999999999996e-07,1.6700000000000026e-07,1.6700000000000026e-07,5.5832788348197937e-06,0.00028766700000000002,12288
1024,measured,13,1,generated,0,9.1699999999999997e-07,6.6599999999999996e-07,2.0799999999999869e-07,1.2499999999999965e-07,5.4999254643917084e-06,0.00027479199999999999,12288
1024,measured,14,0,generated,0,9.1699999999999997e-07,7.0900000000000001e-07,2.499999999999993e-07,2.0800000000000038e-07,5.5413693189620972e-06,0.00028983399999999999,12288
1024,measured,14,1,handwritten,0,7.5000000000000002e-07,6.6599999999999996e-07,1.6599999999999807e-07,1.6700000000000026e-07,5.6251883506774902e-06,0.00030041600000000002,12288
1024,measured,15,0,handwritten,0,9.5900000000000005e-07,7.0800000000000004e-07,2.9099999999999772e-07,2.0800000000000038e-07,5.4999254643917084e-06,0.00029125,12288
1024,measured,15,1,generated,0,9.1699999999999997e-07,7.0800000000000004e-07,2.499999999999993e-07,2.0800000000000038e-07,5.5832788348197937e-06,0.00028370799999999997,12288
1024,measured,16,0,generated,0,9.16e-07,6.6700000000000003e-07,2.0799999999999869e-07,1.6700000000000026e-07,5.5832788348197937e-06,0.00030770800000000002,12288
1024,measured,16,1,handwritten,0,9.1699999999999997e-07,6.2500000000000005e-07,2.0799999999999869e-07,1.6700000000000026e-07,5.4999254643917084e-06,0.00028249999999999998,12288
1024,measured,17,0,handwritten,0,8.7499999999999999e-07,6.6599999999999996e-07,2.0900000000000088e-07,1.6700000000000026e-07,5.4999254643917084e-06,0.00027716600000000002,12288
1024,measured,17,1,generated,0,9.1699999999999997e-07,6.6700000000000003e-07,2.0799999999999869e-07,1.6599999999999977e-07,5.4999254643917084e-06,0.00029283400000000001,12288
1024,measured,18,0,generated,0,8.7499999999999999e-07,6.6700000000000003e-07,2.499999999999993e-07,1.6599999999999977e-07,5.6251883506774902e-06,0.00029995899999999998,12288
1024,measured,18,1,handwritten,0,9.5900000000000005e-07,6.2500000000000005e-07,3.3400000000000053e-07,1.2499999999999965e-07,5.4999254643917084e-06,0.00030604200000000002,12288
1024,measured,19,0,handwritten,0,9.5799999999999998e-07,5.8299999999999997e-07,2.9099999999999772e-07,1.6599999999999977e-07,5.5418349802494049e-06,0.00028899999999999998,12288
1024,measured,19,1,generated,0,7.5000000000000002e-07,7.92e-07,1.6800000000000246e-07,2.499999999999993e-07,5.7085417211055756e-06,0.00028162499999999997,12288
1024,measured,20,0,generated,0,8.7499999999999999e-07,7.5000000000000002e-07,2.499999999999993e-07,1.6700000000000026e-07,5.5418349802494049e-06,0.00027595799999999998,12288
1024,measured,20,1,handwritten,0,9.1699999999999997e-07,6.2500000000000005e-07,3.3299999999999834e-07,1.2499999999999965e-07,5.5003911256790161e-06,0.00029741700000000002,12288
1024,measured,21,0,handwritten,0,7.5000000000000002e-07,8.3300000000000001e-07,2.499999999999993e-07,2.0800000000000038e-07,5.5832788348197937e-06,0.00027224999999999998,12288
1024,measured,21,1,generated,0,7.9100000000000003e-07,5.4199999999999996e-07,2.499999999999993e-07,1.6599999999999977e-07,5.5418349802494049e-06,0.00028512500000000001,12288
1024,measured,22,0,generated,0,8.3300000000000001e-07,7.0900000000000001e-07,2.499999999999993e-07,1.6700000000000026e-07,5.6247226893901825e-06,0.00037558300000000003,12288
1024,measured,22,1,handwritten,0,7.92e-07,7.5000000000000002e-07,2.0900000000000088e-07,1.6599999999999977e-07,1.8291641026735306e-05,0.00035912500000000001,12288
1024,measured,23,0,handwritten,0,9.9999999999999995e-07,6.6599999999999996e-07,3.3200000000000292e-07,1.6700000000000026e-07,5.7918950915336609e-06,0.00018249999999999999,12288
1024,measured,23,1,generated,0,9.1699999999999997e-07,7.0900000000000001e-07,2.0900000000000088e-07,1.2499999999999965e-07,0.00034683337435126305,0.00048662500000000002,12288
1024,measured,24,0,generated,0,9.1699999999999997e-07,6.6700000000000003e-07,2.0799999999999869e-07,1.2499999999999965e-07,1.2250151485204697e-05,0.00016770899999999999,12288
1024,measured,24,1,handwritten,0,8.7499999999999999e-07,6.6700000000000003e-07,2.499999999999993e-07,1.6700000000000026e-07,6.0419552028179169e-06,0.000140042,12288
1024,measured,25,0,handwritten,0,8.7499999999999999e-07,8.7499999999999999e-07,2.0799999999999869e-07,1.6700000000000026e-07,5.6251883506774902e-06,0.00014016699999999999,12288
1024,measured,25,1,generated,0,9.16e-07,6.6700000000000003e-07,2.499999999999993e-07,1.6700000000000026e-07,5.4999254643917084e-06,0.00030795799999999999,12288
1024,measured,26,0,generated,0,9.16e-07,7.92e-07,2.499999999999993e-07,1.6599999999999977e-07,5.5832788348197937e-06,0.00031274999999999999,12288
1024,measured,26,1,handwritten,0,9.1699999999999997e-07,6.6599999999999996e-07,2.9199999999999991e-07,2.0800000000000038e-07,5.4999254643917084e-06,0.00028275000000000002,12288
1024,measured,27,0,handwritten,0,9.1699999999999997e-07,7.9100000000000003e-07,1.6599999999999807e-07,1.6699999999999857e-07,5.4999254643917084e-06,0.00028133299999999998,12288
1024,measured,27,1,generated,0,9.5900000000000005e-07,6.2500000000000005e-07,2.0799999999999869e-07,1.6600000000000146e-07,5.5413693189620972e-06,0.000271959,12288
1024,measured,28,0,generated,0,9.16e-07,6.6700000000000003e-07,2.0900000000000427e-07,1.2499999999999965e-07,5.5832788348197937e-06,0.00027566599999999999,12288
1024,measured,28,1,handwritten,0,9.1699999999999997e-07,6.2500000000000005e-07,2.0900000000000427e-07,1.2499999999999965e-07,5.6251883506774902e-06,0.00027120900000000001,12288
1024,measured,29,0,handwritten,0,7.0900000000000001e-07,7.5000000000000002e-07,1.6700000000000026e-07,1.6700000000000026e-07,5.5832788348197937e-06,0.00027912500000000002,12288
1024,measured,29,1,generated,0,8.7499999999999999e-07,6.6700000000000003e-07,1.6599999999999807e-07,1.6700000000000026e-07,5.5418349802494049e-06,0.00026554200000000001,12288
1024,measured,30,0,generated,0,8.7499999999999999e-07,8.7499999999999999e-07,2.0800000000000207e-07,2.0799999999999869e-07,6.8750232458114624e-05,0.00029704200000000002,12288
1024,measured,30,1,handwritten,0,9.1699999999999997e-07,7.0800000000000004e-07,1.6599999999999807e-07,1.2499999999999965e-07,3.8499943912029266e-05,0.000156458,12288
1024,measured,31,0,handwritten,0,8.7499999999999999e-07,6.6700000000000003e-07,2.5000000000000608e-07,1.6600000000000146e-07,5.6251883506774902e-06,0.00029250000000000001,12288
1024,measured,31,1,generated,0,9.16e-07,8.7499999999999999e-07,2.0800000000000207e-07,2.499999999999993e-07,5.5003911256790161e-06,0.00027895799999999999,12288
1024,measured,32,0,generated,0,9.16e-07,7.0900000000000001e-07,2.5000000000000608e-07,1.2499999999999965e-07,5.4999254643917084e-06,0.00028899999999999998,12288
1024,measured,32,1,handwritten,0,9.5799999999999998e-07,7.5000000000000002e-07,2.499999999999993e-07,1.6600000000000146e-07,5.4999254643917084e-06,0.00028566600000000001,12288
1024,measured,33,0,handwritten,0,9.1699999999999997e-07,7.5000000000000002e-07,1.6700000000000026e-07,2.0799999999999869e-07,5.4999254643917084e-06,0.00028645899999999998,12288
1024,measured,33,1,generated,0,9.1699999999999997e-07,6.6700000000000003e-07,2.5000000000000608e-07,1.6600000000000146e-07,5.4999254643917084e-06,0.00027554199999999999,12288
1024,measured,34,0,generated,0,9.1699999999999997e-07,1.125e-06,1.6599999999999807e-07,1.6700000000000026e-07,5.5832788348197937e-06,0.00030908299999999998,12288
1024,measured,34,1,handwritten,0,7.92e-07,7.92e-07,2.0900000000000427e-07,1.6700000000000026e-07,5.5418349802494049e-06,0.00025858400000000002,12288
1024,measured,35,0,handwritten,0,9.5900000000000005e-07,7.0800000000000004e-07,2.920000000000033e-07,1.6700000000000026e-07,5.4999254643917084e-06,0.00028487500000000003,12288
1024,measured,35,1,generated,0,9.1699999999999997e-07,8.3300000000000001e-07,1.6599999999999807e-07,2.0900000000000088e-07,5.6251883506774902e-06,0.00029024999999999998,12288
1024,measured,36,0,generated,0,9.5900000000000005e-07,7.0800000000000004e-07,2.920000000000033e-07,1.2499999999999965e-07,5.4999254643917084e-06,0.00028862499999999998,12288
1024,measured,36,1,handwritten,0,8.7499999999999999e-07,6.6700000000000003e-07,2.0800000000000207e-07,1.6600000000000146e-07,5.4999254643917084e-06,0.00027679100000000003,12288
1024,measured,37,0,handwritten,0,9.16e-07,6.2500000000000005e-07,1.6700000000000026e-07,1.6700000000000026e-07,5.5413693189620972e-06,0.00026341599999999999,12288
1024,measured,37,1,generated,0,8.7499999999999999e-07,6.6700000000000003e-07,2.0900000000000427e-07,1.6600000000000146e-07,5.5003911256790161e-06,0.0003145,12288
1024,measured,38,0,generated,0,8.7499999999999999e-07,1.1659999999999999e-06,2.5000000000000608e-07,2.0799999999999869e-07,5.6251883506774902e-06,0.000306416,12288
1024,measured,38,1,handwritten,0,9.1699999999999997e-07,7.5000000000000002e-07,2.5000000000000608e-07,1.2499999999999965e-07,5.5418349802494049e-06,0.00029745800000000001,12288
1024,measured,39,0,handwritten,0,9.1699999999999997e-07,6.6599999999999996e-07,2.0900000000000427e-07,1.6700000000000026e-07,5.5418349802494049e-06,0.00029004200000000001,12288
1024,measured,39,1,generated,0,8.7499999999999999e-07,6.6599999999999996e-07,2.5000000000000608e-07,1.6700000000000026e-07,5.5418349802494049e-06,0.00028004100000000002,12288
1024,measured,40,0,generated,0,9.1699999999999997e-07,6.6700000000000003e-07,2.0800000000000207e-07,1.6700000000000026e-07,1.4584511518478394e-06,0.00030683400000000002,12288
1024,measured,40,1,handwritten,0,9.16e-07,9.1699999999999997e-07,2.5000000000000608e-07,2.499999999999993e-07,1.4998950064182281e-06,0.00019433300000000001,12288
1024,measured,41,0,handwritten,0,8.7499999999999999e-07,8.3300000000000001e-07,2.0800000000000207e-07,1.6600000000000146e-07,1.4998950064182281e-06,0.000214,12288
1024,measured,41,1,generated,0,9.1699999999999997e-07,7.5000000000000002e-07,2.5000000000000608e-07,1.6700000000000026e-07,1.4165416359901428e-06,0.00016799999999999999,12288
1024,measured,42,0,generated,0,8.7499999999999999e-07,7.5000000000000002e-07,2.5000000000000608e-07,8.2999999999999036e-08,1.5418045222759247e-06,0.000180958,12288
1024,measured,42,1,handwritten,0,7.92e-07,6.6700000000000003e-07,2.0800000000000207e-07,1.6700000000000026e-07,1.5003606677055359e-06,0.00019304200000000001,12288
1024,measured,43,0,handwritten,0,8.7499999999999999e-07,7.0800000000000004e-07,2.0800000000000207e-07,1.6700000000000026e-07,1.5413388609886169e-06,0.000199583,12288
1024,measured,43,1,generated,0,9.1699999999999997e-07,7.9100000000000003e-07,1.6700000000000026e-07,2.0799999999999869e-07,1.4998950064182281e-06,0.00017024999999999999,12288
1024,measured,44,0,generated,0,9.1699999999999997e-07,7.5000000000000002e-07,2.0800000000000207e-07,8.2999999999999036e-08,1.4998950064182281e-06,0.000172375,12288
1024,measured,44,1,handwritten,0,8.7499999999999999e-07,7.0900000000000001e-07,2.0900000000000427e-07,1.6600000000000146e-07,1.4998950064182281e-06,0.00020149999999999999,12288
1024,measured,45,0,handwritten,0,9.1699999999999997e-07,8.3399999999999998e-07,2.0800000000000207e-07,1.6600000000000146e-07,1.4170072972774506e-06,0.000199042,12288
1024,measured,45,1,generated,0,9.16e-07,7.0900000000000001e-07,1.6700000000000026e-07,1.2499999999999965e-07,1.4170072972774506e-06,0.00016750000000000001,12288
1024,measured,46,0,generated,0,8.7499999999999999e-07,6.2500000000000005e-07,2.5000000000000608e-07,1.2499999999999965e-07,1.4998950064182281e-06,0.000182375,12288
1024,measured,46,1,handwritten,0,9.16e-07,6.2500000000000005e-07,1.6700000000000026e-07,1.2499999999999965e-07,1.4998950064182281e-06,0.000198875,12288
1024,measured,47,0,handwritten,0,8.7499999999999999e-07,6.2500000000000005e-07,2.5000000000000608e-07,1.6700000000000026e-07,1.4579854905605316e-06,0.000197042,12288
1024,measured,47,1,generated,0,9.1699999999999997e-07,7.5000000000000002e-07,2.0800000000000207e-07,1.6700000000000026e-07,1.4165416359901428e-06,0.00017491699999999999,12288
1024,measured,48,0,generated,0,9.5900000000000005e-07,7.0900000000000001e-07,2.920000000000033e-07,1.2499999999999965e-07,1.4998950064182281e-06,0.0001685,12288
1024,measured,48,1,handwritten,0,9.16e-07,6.6700000000000003e-07,2.5000000000000608e-07,1.6700000000000026e-07,1.4998950064182281e-06,0.00019195799999999999,12288
1024,measured,49,0,handwritten,0,9.5799999999999998e-07,8.7499999999999999e-07,2.0900000000000427e-07,1.6700000000000026e-07,1.4998950064182281e-06,0.00018308300000000001,12288
1024,measured,49,1,generated,0,9.1699999999999997e-07,6.6700000000000003e-07,2.5000000000000608e-07,1.6600000000000146e-07,1.4998950064182281e-06,0.00015283399999999999,12288
1024,measured,50,0,generated,0,8.7499999999999999e-07,6.2500000000000005e-07,2.0800000000000207e-07,1.6700000000000026e-07,1.4998950064182281e-06,0.00015349999999999999,12288
1024,measured,50,1,handwritten,0,9.16e-07,6.2500000000000005e-07,2.0900000000000427e-07,1.6700000000000026e-07,1.5003606677055359e-06,0.00018679100000000001,12288
1024,measured,51,0,handwritten,0,9.16e-07,6.6700000000000003e-07,1.6700000000000026e-07,1.6600000000000146e-07,1.4165416359901428e-06,0.00016387500000000001,12288
1024,measured,51,1,generated,0,9.1699999999999997e-07,6.6700000000000003e-07,2.0900000000000427e-07,1.6600000000000146e-07,1.4998950064182281e-06,0.000160667,12288
1024,measured,52,0,generated,0,9.1699999999999997e-07,6.2500000000000005e-07,1.6599999999999807e-07,1.2499999999999965e-07,1.4584511518478394e-06,0.0001495,12288
1024,measured,52,1,handwritten,0,8.7499999999999999e-07,6.2500000000000005e-07,2.0800000000000207e-07,1.2499999999999965e-07,1.5003606677055359e-06,0.00019333299999999999,12288
1024,measured,53,0,handwritten,0,8.7499999999999999e-07,6.2500000000000005e-07,2.0900000000000427e-07,1.2499999999999965e-07,1.4998950064182281e-06,0.00018054200000000001,12288
1024,measured,53,1,generated,0,8.7499999999999999e-07,5.4199999999999996e-07,2.0800000000000207e-07,1.6700000000000026e-07,1.4998950064182281e-06,0.00016470800000000001,12288
1024,measured,54,0,generated,0,7.0800000000000004e-07,4.9999999999999998e-07,1.6700000000000026e-07,1.2499999999999965e-07,1.4998950064182281e-06,0.00021550000000000001,12288
1024,measured,54,1,handwritten,0,7.5000000000000002e-07,6.6700000000000003e-07,1.6599999999999807e-07,1.2499999999999965e-07,1.5832483768463135e-06,0.000197667,12288
1024,measured,55,0,handwritten,0,9.16e-07,6.2500000000000005e-07,1.6599999999999807e-07,1.6600000000000146e-07,1.5003606677055359e-06,0.00019537499999999999,12288
1024,measured,55,1,generated,0,9.16e-07,6.2500000000000005e-07,2.0900000000000427e-07,1.6600000000000146e-07,1.4998950064182281e-06,0.00018275,12288
1024,measured,56,0,generated,0,9.1699999999999997e-07,6.2500000000000005e-07,1.2400000000000085e-07,1.6600000000000146e-07,1.5418045222759247e-06,0.00016104199999999999,12288
1024,measured,56,1,handwritten,0,8.7499999999999999e-07,6.2500000000000005e-07,1.2400000000000085e-07,1.2499999999999965e-07,1.4998950064182281e-06,0.00019083300000000001,12288
1024,measured,57,0,handwritten,0,9.1699999999999997e-07,6.2500000000000005e-07,2.9100000000000111e-07,1.2499999999999965e-07,1.4998950064182281e-06,0.00018108299999999999,12288
1024,measured,57,1,generated,0,8.7499999999999999e-07,7.0800000000000004e-07,2.0800000000000207e-07,1.2499999999999965e-07,1.4998950064182281e-06,0.000167083,12288
1024,measured,58,0,generated,0,7.5000000000000002e-07,6.6700000000000003e-07,2.0800000000000207e-07,1.6700000000000026e-07,1.4998950064182281e-06,0.00015862499999999999,12288
1024,measured,58,1,handwritten,0,9.16e-07,9.5799999999999998e-07,2.5000000000000608e-07,2.9100000000000111e-07,1.4998950064182281e-06,0.000159791,12288
1024,measured,59,0,handwritten,0,7.5000000000000002e-07,6.6599999999999996e-07,1.6700000000000026e-07,2.0900000000000088e-07,1.4584511518478394e-06,0.00019450000000000001,12288
1024,measured,59,1,generated,0,9.1699999999999997e-07,6.6700000000000003e-07,2.920000000000033e-07,1.2499999999999965e-07,1.4170072972774506e-06,0.00018304199999999999,12288
1024,measured,60,0,generated,0,9.1699999999999997e-07,6.6700000000000003e-07,2.5000000000000608e-07,1.2499999999999965e-07,1.4170072972774506e-06,0.000164,12288
1024,measured,60,1,handwritten,0,9.1699999999999997e-07,6.2500000000000005e-07,2.0800000000000207e-07,1.6700000000000026e-07,1.4165416359901428e-06,0.00019275,12288
1024,measured,61,0,handwritten,0,8.7499999999999999e-07,6.6599999999999996e-07,2.0800000000000207e-07,1.6700000000000026e-07,1.4165416359901428e-06,0.00020100000000000001,12288
1024,measured,61,1,generated,0,9.9999999999999995e-07,6.2500000000000005e-07,2.5000000000000608e-07,1.6600000000000146e-07,1.4998950064182281e-06,0.00016420900000000001,12288
1024,measured,62,0,generated,0,9.5799999999999998e-07,6.2500000000000005e-07,2.0800000000000207e-07,1.6600000000000146e-07,1.4998950064182281e-06,0.00015875000000000001,12288
1024,measured,62,1,handwritten,0,9.5799999999999998e-07,7.5000000000000002e-07,2.5000000000000608e-07,1.2499999999999965e-07,1.4998950064182281e-06,0.00019029100000000001,12288
1024,measured,63,0,handwritten,0,8.7499999999999999e-07,7.9580000000000007e-06,2.0800000000000207e-07,1.6600000000000146e-07,1.4998950064182281e-06,0.000184625,12288
1024,measured,63,1,generated,0,9.1699999999999997e-07,7.0800000000000004e-07,2.0900000000000427e-07,2.0900000000000088e-07,1.4998950064182281e-06,0.000160834,12288
1024,measured,64,0,generated,0,8.7499999999999999e-07,6.6700000000000003e-07,2.0800000000000207e-07,1.6700000000000026e-07,1.4165416359901428e-06,0.00017241700000000001,12288
1024,measured,64,1,handwritten,0,9.16e-07,7.0800000000000004e-07,2.0800000000000207e-07,1.6700000000000026e-07,1.4584511518478394e-06,0.000178333,12288
1024,measured,65,0,handwritten,0,9.1699999999999997e-07,6.6599999999999996e-07,2.5000000000000608e-07,2.499999999999993e-07,1.4998950064182281e-06,0.00017725,12288
1024,measured,65,1,generated,0,9.1699999999999997e-07,6.6700000000000003e-07,2.5000000000000608e-07,1.6700000000000026e-07,1.4998950064182281e-06,0.000172292,12288
1024,measured,66,0,generated,0,9.1699999999999997e-07,6.2500000000000005e-07,2.0800000000000207e-07,1.2499999999999965e-07,1.4584511518478394e-06,0.00015858300000000001,12288
1024,measured,66,1,handwritten,0,9.1699999999999997e-07,6.6700000000000003e-07,2.0800000000000207e-07,8.4000000000001229e-08,1.4998950064182281e-06,0.000183542,12288
1024,measured,67,0,handwritten,0,9.1699999999999997e-07,7.0800000000000004e-07,2.5000000000000608e-07,1.6700000000000026e-07,1.4579854905605316e-06,0.0001795,12288
1024,measured,67,1,generated,0,9.16e-07,6.2500000000000005e-07,2.5000000000000608e-07,1.6700000000000026e-07,1.5003606677055359e-06,0.00017454100000000001,12288
1024,measured,68,0,generated,0,9.1699999999999997e-07,6.2500000000000005e-07,1.6600000000000485e-07,1.6600000000000146e-07,1.4998950064182281e-06,0.00015808400000000001,12288
1024,measured,68,1,handwritten,0,9.1699999999999997e-07,6.2500000000000005e-07,2.0800000000000207e-07,1.6700000000000026e-07,1.5003606677055359e-06,0.00018370800000000001,12288
1024,measured,69,0,handwritten,0,8.7499999999999999e-07,6.6700000000000003e-07,2.0800000000000207e-07,1.2499999999999965e-07,1.5003606677055359e-06,0.00018120899999999999,12288
1024,measured,69,1,generated,0,8.7499999999999999e-07,6.2500000000000005e-07,2.0800000000000207e-07,1.6600000000000146e-07,1.4998950064182281e-06,0.00016262500000000001,12288
1024,measured,70,0,generated,0,8.7499999999999999e-07,6.2500000000000005e-07,2.5000000000000608e-07,1.6700000000000026e-07,1.4170072972774506e-06,0.00017341599999999999,12288
1024,measured,70,1,handwritten,0,9.5900000000000005e-07,6.2500000000000005e-07,2.5000000000000608e-07,1.6700000000000026e-07,1.5003606677055359e-06,0.00017504200000000001,12288
1024,measured,71,0,handwritten,0,9.1699999999999997e-07,6.6599999999999996e-07,2.499999999999993e-07,1.2499999999999965e-07,1.4165416359901428e-06,0.00019370800000000001,12288
1024,measured,71,1,generated,0,8.7499999999999999e-07,6.6599999999999996e-07,2.0800000000000207e-07,1.2499999999999965e-07,1.4584511518478394e-06,0.000190125,12288
1024,measured,72,0,generated,0,9.5900000000000005e-07,6.2500000000000005e-07,2.5000000000000608e-07,1.6700000000000026e-07,1.4998950064182281e-06,0.000173917,12288
1024,measured,72,1,handwritten,0,8.7499999999999999e-07,6.2500000000000005e-07,2.5000000000000608e-07,1.2499999999999965e-07,1.4998950064182281e-06,0.00018058399999999999,12288
1024,measured,73,0,handwritten,0,8.7499999999999999e-07,5.8400000000000004e-07,2.0800000000000885e-07,1.6600000000000146e-07,1.4998950064182281e-06,0.00019608399999999999,12288
1024,measured,73,1,generated,0,6.6700000000000003e-07,7.0900000000000001e-07,1.6600000000001162e-07,1.6600000000000146e-07,1.5003606677055359e-06,0.00018970900000000001,12288
1024,measured,74,0,generated,0,8.7499999999999999e-07,6.6700000000000003e-07,2.5000000000000608e-07,1.2499999999999965e-07,1.5003606677055359e-06,0.00016129100000000001,12288
1024,measured,74,1,handwritten,0,8.7499999999999999e-07,9.5799999999999998e-07,1.6600000000001162e-07,2.9100000000000111e-07,1.4584511518478394e-06,0.000201709,12288
1024,measured,75,0,handwritten,0,9.16e-07,9.5799999999999998e-07,2.0800000000000885e-07,2.0899999999999749e-07,1.4998950064182281e-06,0.000186708,12288
1024,measured,75,1,generated,0,9.5799999999999998e-07,6.6700000000000003e-07,2.0800000000000885e-07,1.6700000000000026e-07,1.4998950064182281e-06,0.000158541,12288
1024,measured,76,0,generated,0,9.5799999999999998e-07,6.6700000000000003e-07,1.6700000000000026e-07,1.6700000000000026e-07,1.4998950064182281e-06,0.00016574999999999999,12288
1024,measured,76,1,handwritten,0,9.16e-07,3.2499999999999998e-06,1.6700000000000026e-07,1.6700000000000026e-07,1.4998950064182281e-06,0.00019783299999999999,12288
1024,measured,77,0,handwritten,0,2.3416000000000001e-05,6.2500000000000005e-07,2.920000000000033e-07,1.6700000000000026e-07,1.6246922314167023e-06,0.00018799999999999999,12288
1024,measured,77,1,generated,0,7.92e-07,5.4099999999999999e-07,1.2400000000000085e-07,1.6700000000000026e-07,1.5837140381336212e-06,0.00015958300000000001,12288
1024,measured,78,0,generated,0,8.3300000000000001e-07,7.0900000000000001e-07,2.4900000000000388e-07,1.6599999999999807e-07,1.4998950064182281e-06,0.00017766599999999999,12288
1024,measured,78,1,handwritten,0,8.7499999999999999e-07,5.4199999999999996e-07,2.0800000000000885e-07,1.2500000000000304e-07,1.4170072972774506e-06,0.00020862499999999999,12288
1024,measured,79,0,handwritten,0,7.5000000000000002e-07,7.5000000000000002e-07,2.0899999999999749e-07,1.6599999999999807e-07,1.4998950064182281e-06,0.000197209,12288
1024,measured,79,1,generated,0,9.9999999999999995e-07,8.7499999999999999e-07,2.0800000000000885e-07,1.6700000000000026e-07,1.4998950064182281e-06,0.00017637499999999999,12288
1024,measured,80,0,generated,0,9.1699999999999997e-07,7.0800000000000004e-07,2.920000000000033e-07,1.6700000000000026e-07,1.5832483768463135e-06,0.00016449999999999999,12288
1024,measured,80,1,handwritten,0,9.1699999999999997e-07,6.6599999999999996e-07,2.5000000000000608e-07,1.2500000000000304e-07,1.4998950064182281e-06,0.00019149999999999999,12288
1024,measured,81,0,handwritten,0,8.7499999999999999e-07,7.0800000000000004e-07,1.6700000000000026e-07,1.6700000000000026e-07,1.4584511518478394e-06,0.00018129100000000001,12288
1024,measured,81,1,generated,0,9.1699999999999997e-07,6.6700000000000003e-07,2.0899999999999749e-07,1.6700000000000026e-07,1.4998950064182281e-06,0.00016458400000000001,12288
1024,measured,82,0,generated,0,9.1699999999999997e-07,6.6700000000000003e-07,2.0800000000000885e-07,1.6599999999999807e-07,1.4998950064182281e-06,0.00016916699999999999,12288
1024,measured,82,1,handwritten,0,8.7499999999999999e-07,8.7499999999999999e-07,2.5000000000000608e-07,8.4000000000001229e-08,1.4579854905605316e-06,0.000200583,12288
1024,measured,83,0,handwritten,0,1.0410000000000001e-06,8.3300000000000001e-07,2.0800000000000885e-07,1.6700000000000026e-07,1.4998950064182281e-06,0.00019233299999999999,12288
1024,measured,83,1,generated,0,9.16e-07,6.6700000000000003e-07,2.5000000000000608e-07,1.6700000000000026e-07,1.4998950064182281e-06,0.00017045799999999999,12288
1024,measured,84,0,generated,0,9.1699999999999997e-07,6.6599999999999996e-07,1.2500000000000304e-07,1.6700000000000026e-07,1.4998950064182281e-06,0.00017170799999999999,12288
1024,measured,84,1,handwritten,0,9.1699999999999997e-07,7.0800000000000004e-07,2.0800000000000885e-07,1.6700000000000026e-07,1.5003606677055359e-06,0.00019212499999999999,12288
1024,measured,85,0,handwritten,0,9.5900000000000005e-07,6.6700000000000003e-07,2.0800000000000885e-07,1.2500000000000304e-07,1.4998950064182281e-06,0.00018895899999999999,12288
1024,measured,85,1,generated,0,9.1699999999999997e-07,6.6700000000000003e-07,2.0800000000000885e-07,1.6700000000000026e-07,1.4170072972774506e-06,0.00016474999999999999,12288
1024,measured,86,0,generated,0,9.1699999999999997e-07,6.6700000000000003e-07,2.0800000000000885e-07,1.6700000000000026e-07,1.4170072972774506e-06,0.00019429199999999999,12288
1024,measured,86,1,handwritten,0,9.1699999999999997e-07,7.0800000000000004e-07,2.9100000000000111e-07,1.6700000000000026e-07,1.4584511518478394e-06,0.00018145800000000001,12288
1024,measured,87,0,handwritten,0,9.16e-07,6.6599999999999996e-07,2.0899999999999749e-07,1.6700000000000026e-07,1.4998950064182281e-06,0.00017991599999999999,12288
1024,measured,87,1,generated,0,8.7499999999999999e-07,6.6700000000000003e-07,2.5000000000000608e-07,1.6599999999999807e-07,1.4998950064182281e-06,0.00018166600000000001,12288
1024,measured,88,0,generated,0,9.5799999999999998e-07,7.0900000000000001e-07,1.6700000000000026e-07,1.6599999999999807e-07,1.4584511518478394e-06,0.000164,12288
1024,measured,88,1,handwritten,0,8.7499999999999999e-07,6.6599999999999996e-07,2.0899999999999749e-07,1.2500000000000304e-07,1.5003606677055359e-06,0.000194666,12288
1024,measured,89,0,handwritten,0,9.1699999999999997e-07,6.6700000000000003e-07,2.0800000000000885e-07,1.6700000000000026e-07,1.5832483768463135e-06,0.000202167,12288
1024,measured,89,1,generated,0,9.1699999999999997e-07,6.6700000000000003e-07,2.5000000000000608e-07,1.6700000000000026e-07,1.4165416359901428e-06,0.00014750000000000001,12288
1024,measured,90,0,generated,0,8.7499999999999999e-07,6.6700000000000003e-07,2.5000000000000608e-07,1.6599999999999807e-07,1.4998950064182281e-06,0.00018550000000000001,12288
1024,measured,90,1,handwritten,0,9.16e-07,6.6599999999999996e-07,2.0800000000000885e-07,1.6700000000000026e-07,1.4165416359901428e-06,0.00017391600000000001,12288
1024,measured,91,0,handwritten,0,9.1699999999999997e-07,6.6599999999999996e-07,2.0800000000000885e-07,1.2500000000000304e-07,1.4170072972774506e-06,0.000192833,12288
1024,measured,91,1,generated,0,9.1699999999999997e-07,6.6700000000000003e-07,2.5000000000000608e-07,1.6700000000000026e-07,1.4998950064182281e-06,0.000160292,12288
1024,measured,92,0,generated,0,9.5799999999999998e-07,6.6700000000000003e-07,2.920000000000033e-07,1.6700000000000026e-07,1.4165416359901428e-06,0.00016725,12288
1024,measured,92,1,handwritten,0,8.7499999999999999e-07,6.2500000000000005e-07,2.0800000000000885e-07,1.6700000000000026e-07,1.5003606677055359e-06,0.00017275,12288
1024,measured,93,0,handwritten,0,9.1699999999999997e-07,6.2500000000000005e-07,2.5000000000000608e-07,1.6700000000000026e-07,1.4998950064182281e-06,0.00019858300000000001,12288
1024,measured,93,1,generated,0,9.16e-07,6.6700000000000003e-07,2.0800000000000885e-07,1.6599999999999807e-07,1.4584511518478394e-06,0.00017937500000000001,12288
1024,measured,94,0,generated,0,9.5799999999999998e-07,7.0800000000000004e-07,2.0800000000000885e-07,2.0899999999999749e-07,1.4998950064182281e-06,0.00016470800000000001,12288
1024,measured,94,1,handwritten,0,9.1699999999999997e-07,6.2500000000000005e-07,1.6700000000000026e-07,1.6700000000000026e-07,1.4998950064182281e-06,0.00019374999999999999,12288
1024,measured,95,0,handwritten,0,9.5799999999999998e-07,6.6599999999999996e-07,2.9100000000000111e-07,1.6700000000000026e-07,1.4170072972774506e-06,0.000199416,12288
1024,measured,95,1,generated,0,9.5799999999999998e-07,6.2500000000000005e-07,2.0899999999999749e-07,1.2500000000000304e-07,1.4579854905605316e-06,0.000191375,12288
1024,measured,96,0,generated,0,8.7499999999999999e-07,7.0800000000000004e-07,1.6700000000000026e-07,1.6700000000000026e-07,1.4165416359901428e-06,0.000157541,12288
1024,measured,96,1,handwritten,0,8.7499999999999999e-07,6.6700000000000003e-07,2.5000000000000608e-07,1.6599999999999807e-07,1.4165416359901428e-06,0.00020245899999999999,12288
1024,measured,97,0,handwritten,0,8.7499999999999999e-07,6.6599999999999996e-07,2.0899999999999749e-07,1.2500000000000304e-07,1.4165416359901428e-06,0.000195458,12288
1024,measured,97,1,generated,0,9.1699999999999997e-07,6.6700000000000003e-07,1.6700000000000026e-07,1.6700000000000026e-07,1.4998950064182281e-06,0.00018979199999999999,12288
1024,measured,98,0,generated,0,9.16e-07,6.6700000000000003e-07,2.0899999999999749e-07,1.6599999999999807e-07,1.4170072972774506e-06,0.00016812500000000001,12288
1024,measured,98,1,handwritten,0,9.16e-07,6.6700000000000003e-07,2.0800000000000885e-07,1.6700000000000026e-07,1.4998950064182281e-06,0.00019858300000000001,12288
1024,measured,99,0,handwritten,0,9.5799999999999998e-07,7.0800000000000004e-07,2.5000000000000608e-07,1.6700000000000026e-07,1.4998950064182281e-06,0.000191666,12288
1024,measured,99,1,generated,0,9.16e-07,1.083e-06,2.5000000000000608e-07,2.0800000000000207e-07,1.5418045222759247e-06,0.00017720799999999999,12288
65536,warmup,0,0,generated,0,3.3958999999999998e-05,7.2080000000000003e-06,3.3043000000000002e-05,6.2500000000000028e-06,4.3748877942562103e-06,0.000215792,786432
65536,warmup,0,1,handwritten,0,8.1249999999999993e-06,5.417e-06,7.3740000000000144e-06,4.7910000000000021e-06,4.3753534555435181e-06,0.000162125,786432
65536,warmup,1,0,handwritten,0,7.9160000000000001e-06,5.3340000000000001e-06,7.1239999999999813e-06,4.8329999999999993e-06,4.3748877942562103e-06,0.00016991599999999999,786432
65536,warmup,1,1,generated,0,7.7910000000000005e-06,5.1250000000000001e-06,7.1669999999999807e-06,4.6249999999999972e-06,4.291534423828125e-06,0.00016408300000000001,786432
65536,warmup,2,0,generated,0,7.7500000000000003e-06,5.2499999999999997e-06,7.0839999999999749e-06,4.6249999999999972e-06,4.5001506805419922e-06,0.00016691699999999999,786432
65536,warmup,2,1,handwritten,0,7.5830000000000001e-06,5.0420000000000002e-06,6.8329999999999801e-06,4.5419999999999982e-06,4.3753534555435181e-06,0.000164833,786432
65536,warmup,3,0,handwritten,0,7.5000000000000002e-06,5.1250000000000001e-06,6.8339999999999959e-06,4.5830000000000068e-06,4.3334439396858215e-06,0.00016604200000000001,786432
65536,warmup,3,1,generated,0,7.5000000000000002e-06,5.0409999999999997e-06,6.8330000000000073e-06,4.500000000000001e-06,4.3748877942562103e-06,0.00017070799999999999,786432
65536,warmup,4,0,generated,0,7.5000000000000002e-06,5.1250000000000001e-06,6.8330000000000344e-06,4.5839999999999954e-06,4.3748877942562103e-06,0.00016491699999999999,786432
65536,warmup,4,1,handwritten,0,7.9160000000000001e-06,5.417e-06,7.0420000000000183e-06,4.7910000000000021e-06,4.3748877942562103e-06,0.00016837500000000001,786432
65536,warmup,5,0,handwritten,0,7.6249999999999998e-06,4.5000000000000001e-06,6.8749999999999909e-06,4.0000000000000024e-06,4.3748877942562103e-06,0.00017183300000000001,786432
65536,warmup,5,1,generated,0,7.4590000000000001e-06,4.7079999999999996e-06,6.7500000000000285e-06,4.1670000000000026e-06,4.291534423828125e-06,0.00016962499999999999,786432
65536,warmup,6,0,generated,0,7.5830000000000001e-06,5.0409999999999997e-06,6.8760000000000067e-06,4.500000000000001e-06,4.3748877942562103e-06,0.000186541,786432
65536,warmup,6,1,handwritten,0,7.5830000000000001e-06,5.5829999999999997e-06,6.9179999999999632e-06,4.8329999999999993e-06,4.3753534555435181e-06,0.00016145800000000001,786432
65536,warmup,7,0,handwritten,0,8.208e-06,5.0000000000000004e-06,7.4990000000000039e-06,4.4169999999999951e-06,4.3748877942562103e-06,0.0001595,786432
65536,warmup,7,1,generated,0,7.5839999999999997e-06,4.25e-06,6.9160000000000402e-06,3.6660000000000018e-06,4.3753534555435181e-06,0.00018570899999999999,786432
65536,warmup,8,0,generated,0,7.2080000000000003e-06,4.916e-06,6.4590000000000003e-06,4.4169999999999951e-06,4.4582411646842957e-06,0.00016458299999999999,786432
65536,warmup,8,1,handwritten,0,8.6249999999999996e-06,4.8749999999999999e-06,7.8330000000000045e-06,4.3749999999999979e-06,4.3748877942562103e-06,0.000148708,786432
65536,warmup,9,0,handwritten,0,7.4170000000000003e-06,4.8749999999999999e-06,6.5830000000000012e-06,4.3749999999999979e-06,4.3753534555435181e-06,0.00016962499999999999,786432
65536,warmup,9,1,generated,0,7.25e-06,4.8330000000000001e-06,6.4999999999999954e-06,4.3330000000000007e-06,4.4582411646842957e-06,0.00016379200000000001,786432
65536,measured,0,0,generated,0,7.3749999999999997e-06,5.3329999999999996e-06,6.5420000000000061e-06,4.7919999999999907e-06,4.4163316488265991e-06,0.00016729099999999999,786432
65536,measured,0,1,handwritten,0,7.5000000000000002e-06,5.4589999999999997e-06,6.7089999999999793e-06,4.750000000000007e-06,4.3748877942562103e-06,0.00017374999999999999,786432
65536,measured,1,0,handwritten,0,7.7919999999999993e-06,5.4160000000000003e-06,7.1259999999999856e-06,4.8330000000000128e-06,4.3748877942562103e-06,0.00017879199999999999,786432
65536,measured,1,1,generated,0,7.5410000000000003e-06,5.1250000000000001e-06,6.8750000000000451e-06,4.5420000000000117e-06,4.4167973101139069e-06,0.00018166600000000001,786432
65536,measured,2,0,generated,0,7.4170000000000003e-06,5.1250000000000001e-06,6.7500000000000285e-06,4.5830000000000068e-06,4.3748877942562103e-06,0.00018208300000000001,786432
65536,measured,2,1,handwritten,0,7.3339999999999996e-06,5.0420000000000002e-06,6.7080000000000178e-06,4.5830000000000068e-06,4.3748877942562103e-06,0.00016258399999999999,786432
65536,measured,3,0,handwritten,0,7.4159999999999998e-06,5.0409999999999997e-06,6.8330000000000344e-06,4.5420000000000117e-06,4.3753534555435181e-06,0.000168708,786432
65536,measured,3,1,generated,0,7.5830000000000001e-06,5.1669999999999998e-06,6.9160000000000402e-06,4.6249999999999904e-06,4.3329782783985138e-06,0.000167042,786432
65536,measured,4,0,generated,0,7.6249999999999998e-06,5.0830000000000003e-06,7.0410000000000568e-06,4.5420000000000117e-06,4.2920000851154327e-06,0.00017008299999999999,786432
65536,measured,4,1,handwritten,0,7.7500000000000003e-06,5.0830000000000003e-06,7.0830000000000675e-06,4.500000000000001e-06,4.3748877942562103e-06,0.00016625,786432
65536,measured,5,0,handwritten,0,7.6249999999999998e-06,5.417e-06,6.9580000000000509e-06,4.9170000000000073e-06,4.3753534555435181e-06,0.000180125,786432
65536,measured,5,1,generated,0,9.0410000000000003e-06,5.0830000000000003e-06,8.3340000000000324e-06,4.5420000000000117e-06,4.3748877942562103e-06,0.00016004100000000001,786432
65536,measured,6,0,generated,0,7.6249999999999998e-06,5.0420000000000002e-06,6.8750000000000451e-06,4.540999999999996e-06,4.3329782783985138e-06,0.000162375,786432
65536,measured,6,1,handwritten,0,7.3749999999999997e-06,5.6250000000000004e-06,6.7500000000000285e-06,5.0829999999999918e-06,4.4167973101139069e-06,0.00016737499999999999,786432
65536,measured,7,0,handwritten,0,7.6669999999999996e-06,5.0830000000000003e-06,6.8750000000000451e-06,4.5420000000000117e-06,4.3753534555435181e-06,0.00016812500000000001,786432
65536,measured,7,1,generated,0,7.9999999999999996e-06,5.1250000000000001e-06,7.2510000000000022e-06,4.6249999999999904e-06,4.3329782783985138e-06,0.00016179200000000001,786432
65536,measured,8,0,generated,0,7.4580000000000004e-06,5.1660000000000002e-06,6.7500000000000285e-06,4.5830000000000068e-06,4.3748877942562103e-06,0.00017520799999999999,786432
65536,measured,8,1,handwritten,0,7.6249999999999998e-06,5.0830000000000003e-06,6.9590000000000667e-06,4.5420000000000117e-06,4.3748877942562103e-06,0.000162542,786432
65536,measured,9,0,handwritten,0,7.542e-06,5.1250000000000001e-06,6.8750000000000451e-06,4.6249999999999904e-06,4.3748877942562103e-06,0.00016708399999999999,786432
65536,measured,9,1,generated,0,7.4170000000000003e-06,5.0839999999999999e-06,6.7500000000000285e-06,4.500000000000001e-06,4.3753534555435181e-06,0.00016508399999999999,786432
65536,measured,10,0,generated,0,7.542e-06,4.3749999999999996e-06,6.8740000000000294e-06,3.8329999999999885e-06,4.3748877942562103e-06,0.00018441700000000001,786432
65536,measured,10,1,handwritten,0,8.3329999999999997e-06,4.4170000000000002e-06,7.5840000000000412e-06,3.7910000000000049e-06,4.3753534555435181e-06,0.00015037500000000001,786432
65536,measured,11,0,handwritten,0,7.7500000000000003e-06,4.6670000000000004e-06,6.9580000000000509e-06,4.2080000000000112e-06,4.3748877942562103e-06,0.000170917,786432
65536,measured,11,1,generated,0,8.1249999999999993e-06,4.583e-06,7.4590000000000246e-06,4.0840000000000104e-06,4.3748877942562103e-06,0.00018625,786432
65536,measured,12,0,generated,0,8.6249999999999996e-06,4.7500000000000003e-06,7.7910000000000479e-06,4.2089999999999999e-06,4.3753534555435181e-06,0.00016799999999999999,786432
65536,measured,12,1,handwritten,0,8.1659999999999994e-06,4.8749999999999999e-06,7.2919999999999973e-06,4.3750000000000115e-06,4.291534423828125e-06,0.00015354100000000001,786432
65536,measured,13,0,handwritten,0,9.2080000000000006e-06,1.2374999999999999e-05,8.3750000000000274e-06,9.1669999999999751e-06,4.4167973101139069e-06,0.00024250000000000001,786432
65536,measured,13,1,generated,0,1.1749999999999999e-05,6.083e-06,1.0291999999999962e-05,5.5829999999999769e-06,4.4582411646842957e-06,0.00027887499999999999,786432
65536,measured,14,0,generated,0,1.0834e-05,5.3340000000000001e-06,1.0125000000000043e-05,4.6250000000000176e-06,1.658312976360321e-05,0.00032108400000000002,786432
65536,measured,14,1,handwritten,0,8.0830000000000004e-06,5.0420000000000002e-06,7.293000000000013e-06,4.4159999999999794e-06,4.4167973101139069e-06,0.00012445800000000001,786432
65536,measured,15,0,handwritten,0,7.4170000000000003e-06,5.1250000000000001e-06,6.7920000000000393e-06,4.5420000000000117e-06,4.3748877942562103e-06,0.00018987499999999999,786432
65536,measured,15,1,generated,0,7.542e-06,5.0409999999999997e-06,6.9170000000000559e-06,4.5840000000000225e-06,4.3748877942562103e-06,0.00016349999999999999,786432
65536,measured,16,0,generated,0,7.4590000000000001e-06,5.1250000000000001e-06,6.8329999999999259e-06,4.5830000000000068e-06,4.3748877942562103e-06,0.00017737499999999999,786432
65536,measured,16,1,handwritten,0,7.4580000000000004e-06,5.0000000000000004e-06,6.8339999999998333e-06,4.5420000000000117e-06,4.291534423828125e-06,0.00017145800000000001,786432
65536,measured,17,0,handwritten,0,7.4580000000000004e-06,5.1669999999999998e-06,6.8339999999998333e-06,4.6660000000000126e-06,4.3748877942562103e-06,0.00016116700000000001,786432
65536,measured,17,1,generated,0,7.4159999999999998e-06,5.0409999999999997e-06,6.7089999999999251e-06,4.4579999999999902e-06,4.3753534555435181e-06,0.000165291,786432
65536,measured,18,0,generated,0,7.542e-06,5.0830000000000003e-06,6.9169999999999475e-06,4.5420000000000117e-06,4.3748877942562103e-06,0.00016775000000000001,786432
65536,measured,18,1,handwritten,0,7.6249999999999998e-06,5.2920000000000003e-06,7.0000000000000617e-06,4.7080000000000234e-06,4.4582411646842957e-06,0.00017124999999999999,786432
65536,measured,19,0,handwritten,0,7.3329999999999999e-06,5.0830000000000003e-06,6.7079999999998009e-06,4.500000000000001e-06,4.291534423828125e-06,0.000198333,786432
65536,measured,19,1,generated,0,7.3749999999999997e-06,5.1669999999999998e-06,6.7080000000000178e-06,4.6250000000000176e-06,4.3748877942562103e-06,0.00018545899999999999,786432
65536,measured,20,0,generated,0,7.7919999999999993e-06,5.1660000000000002e-06,7.1249999999999699e-06,4.540999999999996e-06,4.3748877942562103e-06,0.00016725,786432
65536,measured,20,1,handwritten,0,7.542e-06,5.0409999999999997e-06,6.9169999999999475e-06,4.4579999999999902e-06,4.3748877942562103e-06,0.00016674999999999999,786432
65536,measured,21,0,handwritten,0,9.1670000000000005e-06,5.2499999999999997e-06,8.374999999999919e-06,4.6669999999999741e-06,4.291534423828125e-06,0.000162292,786432
65536,measured,21,1,generated,0,7.25e-06,5.0409999999999997e-06,6.5420000000000061e-06,4.500000000000001e-06,4.3748877942562103e-06,0.00016333299999999999,786432
65536,measured,22,0,generated,0,7.542e-06,5.1660000000000002e-06,6.8749999999999367e-06,4.7089999999999849e-06,4.3748877942562103e-06,0.000169875,786432
65536,measured,22,1,handwritten,0,7.6660000000000008e-06,5.0420000000000002e-06,6.9589999999999583e-06,4.500000000000001e-06,4.4587068259716034e-06,0.000166291,786432
65536,measured,23,0,handwritten,0,9.7499999999999998e-06,5.1669999999999998e-06,8.8749999999999853e-06,4.5830000000000068e-06,4.3748877942562103e-06,0.000168042,786432
65536,measured,23,1,generated,0,8.7499999999999992e-06,4.9579999999999998e-06,8.0419999999999884e-06,4.3749999999999844e-06,4.3753534555435181e-06,0.00019225000000000001,786432
65536,measured,24,0,generated,0,8.833e-06,4.9169999999999997e-06,8.0419999999999884e-06,4.3749999999999844e-06,4.3753534555435181e-06,0.00018945799999999999,786432
65536,measured,24,1,handwritten,0,8.9169999999999995e-06,4.8749999999999999e-06,8.0830000000000918e-06,4.3749999999999844e-06,4.291534423828125e-06,0.000169125,786432
65536,measured,25,0,handwritten,0,7.2089999999999999e-06,5.0830000000000003e-06,6.499000000000088e-06,4.5420000000000117e-06,4.3748877942562103e-06,0.00017187499999999999,786432
65536,measured,25,1,generated,0,7.5000000000000002e-06,5.1669999999999998e-06,6.9169999999999475e-06,4.4579999999999902e-06,4.4163316488265991e-06,0.00027641599999999998,786432
65536,measured,26,0,generated,0,7.542e-06,5.1250000000000001e-06,6.8740000000000294e-06,4.6250000000000176e-06,4.4582411646842957e-06,0.00020537499999999999,786432
65536,measured,26,1,handwritten,0,7.5000000000000002e-06,5.2079999999999999e-06,6.7909999999999152e-06,4.7080000000000234e-06,4.291534423828125e-06,0.00016525000000000001,786432
65536,measured,27,0,handwritten,0,7.3749999999999997e-06,5.0839999999999999e-06,6.7499999999998117e-06,4.540999999999996e-06,4.3753534555435181e-06,0.00016508399999999999,786432
65536,measured,27,1,generated,0,7.5410000000000003e-06,4.9590000000000003e-06,6.8749999999999367e-06,4.4579999999999902e-06,4.3753534555435181e-06,0.000163666,786432
65536,measured,28,0,generated,0,7.3749999999999997e-06,5.0420000000000002e-06,6.7079999999998009e-06,4.5420000000000117e-06,4.3748877942562103e-06,0.00016533300000000001,786432
65536,measured,28,1,handwritten,0,9.2499999999999995e-06,5.1250000000000001e-06,8.4580000000000332e-06,4.5840000000000225e-06,4.3753534555435181e-06,0.00017075,786432
65536,measured,29,0,handwritten,0,7.5839999999999997e-06,3.9580000000000001e-06,6.8749999999999367e-06,3.4999999999999767e-06,4.3334439396858215e-06,0.00016566700000000001,786432
65536,measured,29,1,generated,0,1.3917000000000001e-05,4.9579999999999998e-06,1.241600000000012e-05,4.291000000000017e-06,4.3748877942562103e-06,0.000202334,786432
65536,measured,30,0,generated,0,8.541e-06,5.1250000000000001e-06,7.7090000000000578e-06,4.5830000000000068e-06,4.3748877942562103e-06,0.00019625,786432
65536,measured,30,1,handwritten,0,7.6249999999999998e-06,5.1669999999999998e-06,6.9160000000000402e-06,4.5830000000000068e-06,4.3748877942562103e-06,0.00015429199999999999,786432
65536,measured,31,0,handwritten,0,7.4580000000000004e-06,5.0000000000000004e-06,6.7919999999998225e-06,4.4169999999999951e-06,4.3334439396858215e-06,0.00016733300000000001,786432
65536,measured,31,1,generated,0,7.7919999999999993e-06,4.8749999999999999e-06,7.0420000000000725e-06,4.3749999999999844e-06,4.3748877942562103e-06,0.000166792,786432
65536,measured,32,0,generated,0,7.2080000000000003e-06,5.2079999999999999e-06,6.5420000000000061e-06,4.7089999999999849e-06,4.4167973101139069e-06,0.00018533300000000001,786432
65536,measured,32,1,handwritten,0,9.0420000000000008e-06,5.0000000000000004e-06,8.2910000000001143e-06,4.4590000000000059e-06,4.3753534555435181e-06,0.00015912500000000001,786432
65536,measured,33,0,handwritten,0,9.0000000000000002e-06,5.1250000000000001e-06,8.1670000000001134e-06,4.5420000000000117e-06,4.4582411646842957e-06,0.00014270799999999999,786432
65536,measured,33,1,generated,0,7.4159999999999998e-06,5.0830000000000003e-06,6.8329999999999259e-06,4.500000000000001e-06,4.3753534555435181e-06,0.000180416,786432
65536,measured,34,0,generated,0,7.3749999999999997e-06,5.0830000000000003e-06,6.7909999999999152e-06,4.5420000000000117e-06,4.3748877942562103e-06,0.00017000000000000001,786432
65536,measured,34,1,handwritten,0,9.2080000000000006e-06,5.0839999999999999e-06,8.5009999999999513e-06,4.540999999999996e-06,4.3753534555435181e-06,0.00016716699999999999,786432
65536,measured,35,0,handwritten,0,7.3329999999999999e-06,5.1250000000000001e-06,6.6260000000000277e-06,4.5830000000000068e-06,4.3753534555435181e-06,0.00016704099999999999,786432
65536,measured,35,1,generated,0,7.3329999999999999e-06,5.0830000000000003e-06,6.7079999999998009e-06,4.5420000000000117e-06,4.291534423828125e-06,0.00016408300000000001,786432
65536,measured,36,0,generated,0,7.3749999999999997e-06,5.0830000000000003e-06,6.7499999999998117e-06,4.5420000000000117e-06,4.3753534555435181e-06,0.00017262500000000001,786432
65536,measured,36,1,handwritten,0,7.3749999999999997e-06,5.1669999999999998e-06,6.7079999999998009e-06,4.5420000000000117e-06,4.3753534555435181e-06,0.00016899999999999999,786432
65536,measured,37,0,handwritten,0,7.542e-06,5.0000000000000004e-06,6.8740000000000294e-06,4.500000000000001e-06,4.3748877942562103e-06,0.000160667,786432
65536,measured,37,1,generated,0,7.5000000000000002e-06,5.1250000000000001e-06,6.7909999999999152e-06,4.6250000000000176e-06,4.3748877942562103e-06,0.00017899999999999999,786432
65536,measured,38,0,generated,0,7.3329999999999999e-06,5.0000000000000004e-06,6.6669999999999143e-06,4.500000000000001e-06,4.3748877942562103e-06,0.000161958,786432
65536,measured,38,1,handwritten,0,7.4170000000000003e-06,5.0830000000000003e-06,6.8339999999998333e-06,4.5420000000000117e-06,4.3748877942562103e-06,0.00014024999999999999,786432
65536,measured,39,0,handwritten,0,7.3749999999999997e-06,5.0830000000000003e-06,6.6669999999999143e-06,4.5420000000000117e-06,4.3748877942562103e-06,0.000146625,786432
65536,measured,39,1,generated,0,7.3749999999999997e-06,5.1250000000000001e-06,6.7909999999999152e-06,4.5419999999999575e-06,4.3748877942562103e-06,0.00017279099999999999,786432
65536,measured,40,0,generated,0,7.4170000000000003e-06,5.1250000000000001e-06,6.7489999999999044e-06,4.5419999999999575e-06,4.3748877942562103e-06,0.00017000000000000001,786432
65536,measured,40,1,handwritten,0,9.8749999999999995e-06,5.1250000000000001e-06,8.9999999999998935e-06,4.5829999999999526e-06,4.3748877942562103e-06,0.00014725,786432
65536,measured,41,0,handwritten,0,7.4159999999999998e-06,5.0830000000000003e-06,6.7929999999999467e-06,4.5419999999999575e-06,4.3748877942562103e-06,0.00016216599999999999,786432
65536,measured,41,1,generated,0,7.4580000000000004e-06,5.1250000000000001e-06,6.8329999999999259e-06,4.5829999999999526e-06,4.3748877942562103e-06,0.00016416600000000001,786432
65536,measured,42,0,generated,0,7.3329999999999999e-06,5.0830000000000003e-06,6.7079999999998009e-06,4.5419999999999575e-06,4.4167973101139069e-06,0.00016287499999999999,786432
65536,measured,42,1,handwritten,0,9.0829999999999993e-06,5.1669999999999998e-06,8.374999999999919e-06,4.6249999999999633e-06,4.291534423828125e-06,0.000168333,786432
65536,measured,43,0,handwritten,0,7.3749999999999997e-06,5.0000000000000004e-06,6.6669999999999143e-06,4.5419999999999575e-06,4.4582411646842957e-06,0.000166458,786432
65536,measured,43,1,generated,0,7.4159999999999998e-06,5.0420000000000002e-06,6.7089999999999251e-06,4.4999999999999468e-06,4.291534423828125e-06,0.000164375,786432
65536,measured,44,0,generated,0,7.3749999999999997e-06,4.8339999999999998e-06,6.6659999999997901e-06,4.291000000000017e-06,4.3748877942562103e-06,0.00017708399999999999,786432
65536,measured,44,1,handwritten,0,7.1250000000000004e-06,4.4170000000000002e-06,6.4589999999998919e-06,3.8339999999999772e-06,4.3748877942562103e-06,0.000174458,786432
65536,measured,45,0,handwritten,0,7.5830000000000001e-06,5.0000000000000004e-06,7.0000000000000617e-06,4.4999999999999468e-06,4.3329782783985138e-06,0.00016000000000000001,786432
65536,measured,45,1,generated,0,7.4580000000000004e-06,5.0830000000000003e-06,6.8329999999999259e-06,4.5419999999999575e-06,4.3334439396858215e-06,0.00016441599999999999,786432
65536,measured,46,0,generated,0,8.9579999999999996e-06,5.0420000000000002e-06,8.1249999999998858e-06,4.4999999999999468e-06,4.3748877942562103e-06,0.000157625,786432
65536,measured,46,1,handwritten,0,7.4590000000000001e-06,5.0830000000000003e-06,6.7499999999998117e-06,4.4999999999999468e-06,4.3748877942562103e-06,0.00016770899999999999,786432
65536,measured,47,0,handwritten,0,7.3749999999999997e-06,4.916e-06,6.7499999999998117e-06,4.4170000000000494e-06,4.3334439396858215e-06,0.000167625,786432
65536,measured,47,1,generated,0,7.4159999999999998e-06,5.1250000000000001e-06,6.8329999999999259e-06,4.6249999999999633e-06,4.3748877942562103e-06,0.00016837500000000001,786432
65536,measured,48,0,generated,0,7.5000000000000002e-06,5.0830000000000003e-06,6.7909999999999152e-06,4.5419999999999575e-06,4.4167973101139069e-06,0.00016295799999999999,786432
65536,measured,48,1,handwritten,0,7.5410000000000003e-06,5.0839999999999999e-06,6.9160000000000402e-06,4.5410000000000502e-06,4.3334439396858215e-06,0.00016829099999999999,786432
65536,measured,49,0,handwritten,0,7.3749999999999997e-06,5.0420000000000002e-06,6.7079999999998009e-06,4.4999999999999468e-06,4.3748877942562103e-06,0.00016825,786432
65536,measured,49,1,generated,0,7.4590000000000001e-06,5.0420000000000002e-06,6.8329999999999259e-06,4.5829999999999526e-06,4.3748877942562103e-06,0.00016162500000000001,786432
65536,measured,50,0,generated,0,7.3749999999999997e-06,4.6249999999999998e-06,6.7499999999998117e-06,3.9999999999999888e-06,4.4167973101139069e-06,0.00017295799999999999,786432
65536,measured,50,1,handwritten,0,7.9170000000000006e-06,4.5000000000000001e-06,7.0420000000000725e-06,3.916999999999983e-06,4.3748877942562103e-06,0.000171375,786432
65536,measured,51,0,handwritten,0,8.3750000000000003e-06,4.8749999999999999e-06,7.5829999999998086e-06,4.3330000000000278e-06,4.3753534555435181e-06,0.000161084,786432
65536,measured,51,1,generated,0,7.2919999999999998e-06,4.8330000000000001e-06,6.6249999999996867e-06,4.2920000000000328e-06,4.3748877942562103e-06,0.00016587500000000001,786432
65536,measured,52,0,generated,0,7.3749999999999997e-06,4.9169999999999997e-06,6.7079999999998009e-06,4.3340000000000435e-06,4.3748877942562103e-06,0.00015712500000000001,786432
65536,measured,52,1,handwritten,0,7.25e-06,4.25e-06,6.5410000000000988e-06,3.7909999999999507e-06,4.2920000851154327e-06,0.000167625,786432
65536,measured,53,0,handwritten,0,7.5839999999999997e-06,5.1250000000000001e-06,6.8749999999999367e-06,4.5419999999999575e-06,4.3753534555435181e-06,0.00016312499999999999,786432
65536,measured,53,1,generated,0,7.5000000000000002e-06,5.1250000000000001e-06,6.8749999999999367e-06,4.5410000000000502e-06,4.3329782783985138e-06,0.000164959,786432
65536,measured,54,0,generated,0,7.6249999999999998e-06,5.0420000000000002e-06,6.9160000000000402e-06,4.4999999999999468e-06,4.4163316488265991e-06,0.00015837499999999999,786432
65536,measured,54,1,handwritten,0,7.542e-06,5.0839999999999999e-06,6.7909999999999152e-06,4.5410000000000502e-06,4.3748877942562103e-06,0.00016345800000000001,786432
65536,measured,55,0,handwritten,0,7.542e-06,5.0830000000000003e-06,6.8329999999999259e-06,4.4999999999999468e-06,4.291534423828125e-06,0.0001515,786432
65536,measured,55,1,generated,0,7.3749999999999997e-06,5.1250000000000001e-06,6.7499999999998117e-06,4.6249999999999633e-06,4.3748877942562103e-06,0.000167083,786432
65536,measured,56,0,generated,0,7.3329999999999999e-06,4.916e-06,6.6669999999996975e-06,4.3750000000000386e-06,4.3748877942562103e-06,0.000171041,786432
65536,measured,56,1,handwritten,0,7.2089999999999999e-06,4.8749999999999999e-06,6.4580000000004183e-06,4.3750000000000386e-06,4.3748877942562103e-06,0.00016654199999999999,786432
65536,measured,57,0,handwritten,0,7.1250000000000004e-06,4.9579999999999998e-06,6.500000000000429e-06,4.3750000000000386e-06,4.2920000851154327e-06,0.000179958,786432
65536,measured,57,1,generated,0,7.1250000000000004e-06,4.6249999999999998e-06,6.4589999999998919e-06,4.1250000000000054e-06,4.291534423828125e-06,0.00015875000000000001,786432
65536,measured,58,0,generated,0,7.7090000000000002e-06,4.5839999999999996e-06,6.9589999999999583e-06,3.957999999999978e-06,4.4582411646842957e-06,0.00016733399999999999,786432
65536,measured,58,1,handwritten,0,7.9580000000000007e-06,4.7090000000000001e-06,7.1669999999997638e-06,4.1250000000000054e-06,4.3748877942562103e-06,0.00017666599999999999,786432
65536,measured,59,0,handwritten,0,7.4580000000000004e-06,4.7079999999999996e-06,6.7499999999998117e-06,4.2080000000000112e-06,4.3748877942562103e-06,0.000146792,786432
65536,measured,59,1,generated,0,7.3329999999999999e-06,4.7090000000000001e-06,6.7069999999998936e-06,4.1660000000000004e-06,4.3748877942562103e-06,0.00017262500000000001,786432
65536,measured,60,0,generated,0,7.4590000000000001e-06,4.7090000000000001e-06,6.7489999999999044e-06,4.2080000000000112e-06,4.3753534555435181e-06,0.000172375,786432
65536,measured,60,1,handwritten,0,7.2919999999999998e-06,4.7500000000000003e-06,6.5840000000000169e-06,4.250000000000022e-06,4.3753534555435181e-06,0.000162917,786432
65536,measured,61,0,handwritten,0,7.5410000000000003e-06,4.5000000000000001e-06,6.7499999999998117e-06,4.0829999999999946e-06,4.4582411646842957e-06,0.000168875,786432
65536,measured,61,1,generated,0,8.0409999999999998e-06,4.583e-06,7.0840000000000833e-06,4.0419999999999996e-06,4.4587068259716034e-06,0.00016758300000000001,786432
65536,measured,62,0,generated,0,9.1249999999999999e-06,4.6249999999999998e-06,8.2509999999999181e-06,4.1670000000000162e-06,4.3748877942562103e-06,0.00015816699999999999,786432
65536,measured,62,1,handwritten,0,7.5000000000000002e-06,4.6670000000000004e-06,6.6669999999996975e-06,4.1250000000000054e-06,4.4167973101139069e-06,0.000161459,786432
65536,measured,63,0,handwritten,0,7.2910000000000002e-06,4.4170000000000002e-06,6.6659999999997901e-06,3.8329999999999614e-06,4.3748877942562103e-06,0.000185625,786432
65536,measured,63,1,generated,0,8.1249999999999993e-06,5.1250000000000001e-06,7.4160000000001065e-06,4.4589999999999517e-06,4.5001506805419922e-06,0.00016249999999999999,786432
65536,measured,64,0,generated,0,7.25e-06,4.9579999999999998e-06,6.5420000000000061e-06,4.4170000000000494e-06,4.3748877942562103e-06,0.00017458299999999999,786432
65536,measured,64,1,handwritten,0,7.2919999999999998e-06,4.9579999999999998e-06,6.499000000000088e-06,4.3750000000000386e-06,4.3748877942562103e-06,0.00015370800000000001,786432
65536,measured,65,0,handwritten,0,7.25e-06,5.0420000000000002e-06,6.5830000000001096e-06,4.4999999999999468e-06,4.3748877942562103e-06,0.00015629199999999999,786432
65536,measured,65,1,generated,0,7.1659999999999997e-06,4.8749999999999999e-06,6.4580000000004183e-06,4.3750000000000386e-06,4.3748877942562103e-06,0.00016200000000000001,786432
65536,measured,66,0,generated,0,7.1659999999999997e-06,4.9169999999999997e-06,6.4999999999999954e-06,4.3750000000000386e-06,4.3748877942562103e-06,0.00016862499999999999,786432
65536,measured,66,1,handwritten,0,7.1659999999999997e-06,4.8749999999999999e-06,6.500000000000429e-06,4.3330000000000278e-06,4.3748877942562103e-06,0.00016812500000000001,786432
65536,measured,67,0,handwritten,0,7.2080000000000003e-06,5.1669999999999998e-06,6.5420000000000061e-06,4.5410000000000502e-06,4.3748877942562103e-06,0.00016729200000000001,786432
65536,measured,67,1,generated,0,7.6249999999999998e-06,4.9590000000000003e-06,6.8749999999999367e-06,4.4160000000000336e-06,4.3753534555435181e-06,0.00015908400000000001,786432
65536,measured,68,0,generated,0,7.25e-06,4.8749999999999999e-06,6.499000000000088e-06,4.3330000000000278e-06,4.3748877942562103e-06,0.00016837500000000001,786432
65536,measured,68,1,handwritten,0,7.2080000000000003e-06,4.8330000000000001e-06,6.5420000000000061e-06,4.3340000000000435e-06,4.3748877942562103e-06,0.00016795800000000001,786432
65536,measured,69,0,handwritten,0,7.4170000000000003e-06,4.9579999999999998e-06,6.6239999999997794e-06,4.3340000000000435e-06,4.3748877942562103e-06,0.00016512499999999999,786432
65536,measured,69,1,generated,0,7.3749999999999997e-06,4.916e-06,6.7089999999997083e-06,4.3750000000000386e-06,4.3748877942562103e-06,0.00017008299999999999,786432
65536,measured,70,0,generated,0,7.7500000000000003e-06,4.9169999999999997e-06,7.0410000000001652e-06,4.3750000000000386e-06,4.3748877942562103e-06,0.00016058399999999999,786432
65536,measured,70,1,handwritten,0,7.1670000000000002e-06,4.9579999999999998e-06,6.4580000000004183e-06,4.4170000000000494e-06,4.3753534555435181e-06,0.00016525000000000001,786432
65536,measured,71,0,handwritten,0,7.4590000000000001e-06,4.3749999999999996e-06,6.7910000000003488e-06,3.8749999999999722e-06,4.3334439396858215e-06,0.00016691699999999999,786432
65536,measured,71,1,generated,0,7.4580000000000004e-06,4.9169999999999997e-06,6.7069999999998936e-06,4.4170000000000494e-06,4.3748877942562103e-06,0.00017666700000000001,786432
65536,measured,72,0,generated,0,7.9999999999999996e-06,5.2499999999999997e-06,7.2079999999998673e-06,4.6659999999999584e-06,4.3748877942562103e-06,0.000169125,786432
65536,measured,72,1,handwritten,0,8.5830000000000007e-06,5.0839999999999999e-06,7.7490000000000371e-06,4.5410000000000502e-06,4.291534423828125e-06,0.000166792,786432
65536,measured,73,0,handwritten,0,8.1669999999999999e-06,5.0420000000000002e-06,7.3329999999999923e-06,4.4170000000000494e-06,4.3334439396858215e-06,0.00017216700000000001,786432
65536,measured,73,1,generated,0,7.7079999999999997e-06,5.0409999999999997e-06,6.9580000000000509e-06,4.4580000000000444e-06,4.4167973101139069e-06,0.000161416,786432
65536,measured,74,0,generated,0,7.7090000000000002e-06,4.916e-06,6.9580000000000509e-06,4.3750000000000386e-06,4.3748877942562103e-06,0.000165625,786432
65536,measured,74,1,handwritten,0,7.3749999999999997e-06,5.0000000000000004e-06,6.7090000000001419e-06,4.4580000000000444e-06,4.3748877942562103e-06,0.000168667,786432
65536,measured,75,0,handwritten,0,7.4170000000000003e-06,4.916e-06,6.7919999999998225e-06,4.3750000000000386e-06,4.4167973101139069e-06,0.00016633300000000001,786432
65536,measured,75,1,generated,0,7.2910000000000002e-06,5.0000000000000004e-06,6.5420000000000061e-06,4.4580000000000444e-06,4.3748877942562103e-06,0.00016829099999999999,786432
65536,measured,76,0,generated,0,7.1659999999999997e-06,4.8749999999999999e-06,6.5420000000000061e-06,4.3750000000000386e-06,4.3748877942562103e-06,0.000176458,786432
65536,measured,76,1,handwritten,0,7.25e-06,4.916e-06,6.5420000000000061e-06,4.3750000000000386e-06,4.3753534555435181e-06,0.00015554100000000001,786432
65536,measured,77,0,handwritten,0,7.4170000000000003e-06,4.8330000000000001e-06,6.750999999999719e-06,4.291000000000017e-06,4.4582411646842957e-06,0.000166959,786432
65536,measured,77,1,generated,0,7.25e-06,5.2089999999999996e-06,6.5839999999995832e-06,4.6659999999999584e-06,4.3753534555435181e-06,0.00016404200000000001,786432
65536,measured,78,0,generated,0,7.25e-06,4.8749999999999999e-06,6.500000000000429e-06,4.3330000000000278e-06,4.3748877942562103e-06,0.000164375,786432
65536,measured,78,1,handwritten,0,7.2080000000000003e-06,4.9169999999999997e-06,6.5410000000000988e-06,4.3750000000000386e-06,4.3748877942562103e-06,0.000166458,786432
65536,measured,79,0,handwritten,0,7.25e-06,4.9169999999999997e-06,6.4999999999999954e-06,4.3750000000000386e-06,4.4167973101139069e-06,0.000165,786432
65536,measured,79,1,generated,0,7.2910000000000002e-06,4.9169999999999997e-06,6.5420000000000061e-06,4.4160000000000336e-06,4.291534423828125e-06,0.00017412499999999999,786432
65536,measured,80,0,generated,0,7.2080000000000003e-06,4.8749999999999999e-06,6.5429999999999135e-06,4.3330000000000278e-06,4.4167973101139069e-06,0.00016116599999999999,786432
65536,measured,80,1,handwritten,0,8.833e-06,4.8749999999999999e-06,8.0420000000002052e-06,4.291000000000017e-06,4.3748877942562103e-06,0.00016041699999999999,786432
65536,measured,81,0,handwritten,0,7.25e-06,4.9169999999999997e-06,6.6249999999996867e-06,4.3340000000000435e-06,4.3748877942562103e-06,0.00016699999999999999,786432
65536,measured,81,1,generated,0,7.1659999999999997e-06,4.916e-06,6.500000000000429e-06,4.4170000000000494e-06,4.3748877942562103e-06,0.000169333,786432
65536,measured,82,0,generated,0,7.0829999999999998e-06,4.8749999999999999e-06,6.4160000000004075e-06,4.3330000000000278e-06,4.3329782783985138e-06,0.000170292,786432
65536,measured,82,1,handwritten,0,7.5000000000000002e-06,4.916e-06,6.6260000000000277e-06,4.4170000000000494e-06,4.3748877942562103e-06,0.00017370800000000001,786432
65536,measured,83,0,handwritten,0,7.3749999999999997e-06,4.8749999999999999e-06,6.5420000000000061e-06,4.291000000000017e-06,4.291534423828125e-06,0.00015895800000000001,786432
65536,measured,83,1,generated,0,7.25e-06,4.9169999999999997e-06,6.5420000000000061e-06,4.3340000000000435e-06,4.3753534555435181e-06,0.00016333299999999999,786432
65536,measured,84,0,generated,0,7.1670000000000002e-06,4.8330000000000001e-06,6.499000000000088e-06,4.2920000000000328e-06,4.4167973101139069e-06,0.00016791700000000001,786432
65536,measured,84,1,handwritten,0,7.2080000000000003e-06,4.9590000000000003e-06,6.500000000000429e-06,4.4170000000000494e-06,4.3748877942562103e-06,0.000174291,786432
65536,measured,85,0,handwritten,0,7.1670000000000002e-06,4.8749999999999999e-06,6.4999999999999954e-06,4.3340000000000435e-06,4.2920000851154327e-06,0.000151917,786432
65536,measured,85,1,generated,0,7.2080000000000003e-06,7.7079999999999997e-06,6.500000000000429e-06,7.1669999999999807e-06,4.4587068259716034e-06,0.00017408300000000001,786432
65536,measured,86,0,generated,0,7.0840000000000003e-06,5.0000000000000004e-06,6.375000000000304e-06,4.4170000000000494e-06,4.3753534555435181e-06,0.00016525000000000001,786432
65536,measured,86,1,handwritten,0,7.1250000000000004e-06,4.916e-06,6.4590000000003256e-06,4.4170000000000494e-06,4.3748877942562103e-06,0.000168708,786432
65536,measured,87,0,handwritten,0,7.1670000000000002e-06,4.9169999999999997e-06,6.4580000000004183e-06,4.3330000000000278e-06,4.3748877942562103e-06,0.00016958399999999999,786432
65536,measured,87,1,generated,0,8.9590000000000001e-06,4.916e-06,8.1249999999998858e-06,4.3330000000000278e-06,4.3748877942562103e-06,0.00015812500000000001,786432
65536,measured,88,0,generated,0,7.1659999999999997e-06,4.8749999999999999e-06,6.4590000000003256e-06,4.3330000000000278e-06,4.3748877942562103e-06,0.000168875,786432
65536,measured,88,1,handwritten,0,7.9170000000000006e-06,4.9590000000000003e-06,7.2499999999998781e-06,4.3750000000000386e-06,4.3748877942562103e-06,0.000170292,786432
65536,measured,89,0,handwritten,0,7.2080000000000003e-06,4.8749999999999999e-06,6.4170000000003148e-06,4.3750000000000386e-06,4.3753534555435181e-06,0.000150583,786432
65536,measured,89,1,generated,0,8.4579999999999993e-06,4.9169999999999997e-06,7.6670000000002639e-06,4.3750000000000386e-06,4.2500905692577362e-06,0.00016729200000000001,786432
65536,measured,90,0,generated,0,7.1670000000000002e-06,4.8330000000000001e-06,6.499000000000088e-06,4.2920000000000328e-06,4.3748877942562103e-06,0.00017179200000000001,786432
65536,measured,90,1,handwritten,0,7.1670000000000002e-06,4.9579999999999998e-06,6.500000000000429e-06,4.3750000000000386e-06,4.3334439396858215e-06,0.00016754199999999999,786432
65536,measured,91,0,handwritten,0,7.0829999999999998e-06,4.8330000000000001e-06,6.4580000000004183e-06,4.2920000000000328e-06,4.3748877942562103e-06,0.00017779100000000001,786432
65536,measured,91,1,generated,0,7.1659999999999997e-06,4.9169999999999997e-06,6.500000000000429e-06,4.3750000000000386e-06,4.4163316488265991e-06,0.00016004100000000001,786432
65536,measured,92,0,generated,0,7.1659999999999997e-06,4.459e-06,6.5009999999999027e-06,3.957999999999978e-06,4.3748877942562103e-06,0.00016104100000000001,786432
65536,measured,92,1,handwritten,0,8.2919999999999996e-06,4.3329999999999998e-06,7.5000000000001281e-06,3.916999999999983e-06,4.3748877942562103e-06,0.00017612500000000001,786432
65536,measured,93,0,handwritten,0,8.4589999999999998e-06,4.9169999999999997e-06,7.708999999999841e-06,4.3340000000000435e-06,4.3748877942562103e-06,0.000172542,786432
65536,measured,93,1,generated,0,7.6249999999999998e-06,4.9579999999999998e-06,6.8749999999999367e-06,4.3750000000000386e-06,4.4582411646842957e-06,0.000165625,786432
65536,measured,94,0,generated,0,7.2080000000000003e-06,4.9169999999999997e-06,6.4999999999999954e-06,4.3750000000000386e-06,4.3748877942562103e-06,0.00016725,786432
65536,measured,94,1,handwritten,0,7.0829999999999998e-06,4.9169999999999997e-06,6.4170000000003148e-06,4.3330000000000278e-06,4.3748877942562103e-06,0.00016825,786432
65536,measured,95,0,handwritten,0,8.8750000000000006e-06,4.8339999999999998e-06,8.0830000000003087e-06,4.2499999999999136e-06,4.3753534555435181e-06,0.00016725,786432
65536,measured,95,1,generated,0,7.1670000000000002e-06,4.9169999999999997e-06,6.4580000000004183e-06,4.3750000000000386e-06,4.3748877942562103e-06,0.00016187499999999999,786432
65536,measured,96,0,generated,0,7.1659999999999997e-06,4.9590000000000003e-06,6.5420000000000061e-06,4.4159999999999252e-06,4.3748877942562103e-06,0.00016249999999999999,786432
65536,measured,96,1,handwritten,0,7.1250000000000004e-06,4.9169999999999997e-06,6.499000000000088e-06,4.3750000000000386e-06,4.3748877942562103e-06,0.00016883299999999999,786432
65536,measured,97,0,handwritten,0,7.1250000000000004e-06,4.9579999999999998e-06,6.4580000000004183e-06,4.3750000000000386e-06,4.3748877942562103e-06,0.00016570800000000001,786432
65536,measured,97,1,generated,0,7.1659999999999997e-06,4.9590000000000003e-06,6.5420000000000061e-06,4.4170000000000494e-06,4.3748877942562103e-06,0.000185291,786432
65536,measured,98,0,generated,0,1.0583e-05,4.8330000000000001e-06,9.8330000000003241e-06,4.3330000000000278e-06,4.3748877942562103e-06,0.00016216700000000001,786432
65536,measured,98,1,handwritten,0,7.1250000000000004e-06,4.9169999999999997e-06,6.4999999999999954e-06,4.3330000000000278e-06,4.3753534555435181e-06,0.00015612499999999999,786432
65536,measured,99,0,handwritten,0,7.0419999999999997e-06,4.916e-06,6.4170000000003148e-06,4.3750000000000386e-06,4.3748877942562103e-06,0.00016612500000000001,786432
65536,measured,99,1,generated,0,7.1670000000000002e-06,4.9169999999999997e-06,6.4580000000004183e-06,4.3750000000000386e-06,4.3334439396858215e-06,0.00016654199999999999,786432
1048576,warmup,0,0,generated,0,0.00061416599999999997,0.00030308400000000001,0.00061320899999999998,0.00030250000000000003,8.6291693150997162e-05,0.0014941659999999999,12582912
1048576,warmup,0,1,handwritten,0,0.00024187500000000001,6.0582999999999999e-05,0.00024116700000000046,5.9875000000000032e-05,0.00010187504813075066,0.00057966699999999996,12582912
1048576,warmup,1,0,handwritten,0,0.00015820799999999999,6.1084e-05,0.00015741699999999997,6.0457999999999996e-05,7.5916759669780731e-05,0.00046170800000000002,12582912
1048576,warmup,1,1,generated,0,0.00016741600000000001,7.3332999999999997e-05,0.0001662910000000007,7.2584000000000103e-05,0.00011349981650710106,0.00056737499999999995,12582912
1048576,warmup,2,0,generated,0,0.000193167,7.5041000000000002e-05,0.00019216700000000003,7.4082999999999961e-05,0.00011762464419007301,0.00067449999999999997,12582912
1048576,warmup,2,1,handwritten,0,0.00019083300000000001,6.2334000000000003e-05,0.00019016600000000029,6.1250000000000106e-05,0.00010683294385671616,0.00053004199999999999,12582912
1048576,warmup,3,0,handwritten,0,0.00015520900000000001,6.1208000000000001e-05,0.00015441699999999958,6.041700000000011e-05,7.5624790042638779e-05,0.000473375,12582912
1048576,warmup,3,1,generated,0,0.000159042,6.2749999999999994e-05,0.00015829199999999998,6.2041000000000093e-05,0.00010362500324845314,0.00052233399999999995,12582912
1048576,warmup,4,0,generated,0,0.000161958,7.2541999999999998e-05,0.00016112600000000015,7.1958000000000005e-05,9.6375122666358948e-05,0.00051920799999999995,12582912
1048576,warmup,4,1,handwritten,0,0.00018312499999999999,8.1249999999999996e-05,0.00018220900000000002,8.0374999999999934e-05,0.00012166658416390419,0.00056666699999999997,12582912
1048576,warmup,5,0,handwritten,0,0.00034958400000000001,6.3291000000000001e-05,0.00034879100000000021,6.2541999999999849e-05,0.00010287482291460037,0.000695917,12582912
1048576,warmup,5,1,generated,0,0.000167541,7.0209000000000005e-05,0.00016666700000000055,6.9374999999999992e-05,0.00010129157453775406,0.00054412500000000001,12582912
1048576,warmup,6,0,generated,0,0.00019412499999999999,6.8332999999999998e-05,0.00019324999999999898,6.7750000000000102e-05,0.00010908301919698715,0.000571709,12582912
1048576,warmup,6,1,handwritten,0,0.00016604200000000001,6.4875000000000005e-05,0.0001652089999999995,6.420800000000006e-05,0.00010725017637014389,0.00051037499999999998,12582912
1048576,warmup,7,0,handwritten,0,0.00017108299999999999,6.1709000000000002e-05,0.00017020899999999929,6.0959000000000187e-05,9.3124806880950928e-05,0.00049266700000000002,12582912
1048576,warmup,7,1,generated,0,0.000164542,6.0415999999999999e-05,0.00016383399999999985,5.9875000000000032e-05,9.0499874204397202e-05,0.00049600000000000002,12582912
1048576,warmup,8,0,generated,0,0.00016087499999999999,6.0665999999999998e-05,0.00016012500000000054,6.0084000000000179e-05,9.6666626632213593e-05,0.00050104200000000005,12582912
1048576,warmup,8,1,handwritten,0,0.000160834,6.0832999999999998e-05,0.0001600830000000001,6.0291000000000077e-05,8.8583678007125854e-05,0.00047320899999999999,12582912
1048576,warmup,9,0,handwritten,0,0.00015924999999999999,6.0208999999999999e-05,0.00015845800000000021,5.9542000000000102e-05,9.1083347797393799e-05,0.00047308400000000003,12582912
1048576,warmup,9,1,generated,0,0.00015566700000000001,6.0291000000000003e-05,0.0001548750000000005,5.9707999999999897e-05,8.5625331848859787e-05,0.00047887500000000003,12582912
1048576,measured,0,0,generated,0,0.000155709,6.3708999999999996e-05,0.0001548750000000005,6.2791999999999883e-05,8.6333137005567551e-05,0.000486334,12582912
1048576,measured,0,1,handwritten,0,0.000161084,6.2458000000000004e-05,0.00016016599999999978,6.1792000000000184e-05,0.00010054139420390129,0.00050141699999999999,12582912
1048576,measured,1,0,handwritten,0,0.000156167,6.6582999999999996e-05,0.000155375000000001,6.604100000000019e-05,8.6666550487279892e-05,0.000480209,12582912
1048576,measured,1,1,generated,0,0.000157584,6.0582999999999999e-05,0.00015683300000000032,5.9875000000000032e-05,8.7916851043701172e-05,0.00049204200000000004,12582912
1048576,measured,2,0,generated,0,0.00016395799999999999,6.7125000000000005e-05,0.0001632500000000002,6.6542000000000164e-05,0.0001127081923186779,0.00054616699999999996,12582912
1048576,measured,2,1,handwritten,0,0.000161583,6.5124999999999997e-05,0.0001609159999999988,6.4499999999999887e-05,9.5749739557504654e-05,0.00050779099999999995,12582912
1048576,measured,3,0,handwritten,0,0.00015799999999999999,6.1667000000000004e-05,0.0001572499999999994,6.0540999999999894e-05,9.9541619420051575e-05,0.00048912499999999998,12582912
1048576,measured,3,1,generated,0,0.000156792,6.2541999999999999e-05,0.00015595799999999944,6.1792000000000184e-05,9.3874987214803696e-05,0.00053204200000000004,12582912
1048576,measured,4,0,generated,0,0.00015616600000000001,6.1749999999999997e-05,0.00015529199999999958,6.1082999999999971e-05,8.6458399891853333e-05,0.00048679099999999998,12582912
1048576,measured,4,1,handwritten,0,0.00015754199999999999,6.2500000000000001e-05,0.00015666599999999975,6.1834000000000194e-05,9.0625137090682983e-05,0.00047608399999999999,12582912
1048576,measured,5,0,handwritten,0,0.000164,6.9499999999999995e-05,0.00016316700000000052,6.8791999999999812e-05,0.00011066673323512077,0.00053391699999999996,12582912
1048576,measured,5,1,generated,0,0.00015699999999999999,6.0832999999999998e-05,0.00015612500000000001,5.9749999999999907e-05,8.8000204414129257e-05,0.00050108300000000004,12582912
1048576,measured,6,0,generated,0,0.00015654199999999999,6.2374999999999998e-05,0.0001557090000000004,6.1709000000000069e-05,8.6208339780569077e-05,0.00050604199999999995,12582912
1048576,measured,6,1,handwritten,0,0.00015895899999999999,6.0791000000000001e-05,0.00015816700000000072,6.020899999999987e-05,8.8958069682121277e-05,0.00047204199999999999,12582912
1048576,measured,7,0,handwritten,0,0.00015962499999999999,6.8083999999999994e-05,0.00015887500000000103,6.7457999999999841e-05,0.00010158354416489601,0.00049829200000000001,12582912
1048576,measured,7,1,generated,0,0.00016870899999999999,7.3583000000000003e-05,0.00016787499999999962,7.2749999999999898e-05,0.00011558318510651588,0.00056029199999999999,12582912
1048576,measured,8,0,generated,0,0.00015899999999999999,6.4084000000000005e-05,0.00015816700000000072,6.3249999999999938e-05,9.5374882221221924e-05,0.00051000000000000004,12582912
1048576,measured,8,1,handwritten,0,0.00015933399999999999,6.3374999999999995e-05,0.00015862399999999957,6.2667000000000191e-05,9.4541814178228378e-05,0.00049141699999999996,12582912
1048576,measured,9,0,handwritten,0,0.00016512499999999999,6.0917e-05,0.00016433300000000088,6.020899999999987e-05,9.8958145827054977e-05,0.00050970799999999999,12582912
1048576,measured,9,1,generated,0,0.00018320899999999999,7.8625e-05,0.0001817069999999997,7.7874999999999819e-05,0.00010833330452442169,0.00056741699999999996,12582912
1048576,measured,10,0,generated,0,0.00016024999999999999,6.4375000000000006e-05,0.00015937400000000032,6.3707999999999994e-05,9.8041258752346039e-05,0.00052079100000000005,12582912
1048576,measured,10,1,handwritten,0,0.000156875,6.2249999999999995e-05,0.00015612599999999949,6.1624999999999614e-05,9.2749949544668198e-05,0.00047979099999999997,12582912
1048576,measured,11,0,handwritten,0,0.0001605,6.1249999999999998e-05,0.00015970799999999973,6.0707999999999596e-05,9.487522765994072e-05,0.000484,12582912
1048576,measured,11,1,generated,0,0.000155833,6.9165999999999995e-05,0.0001550010000000001,6.8666999999999687e-05,0.00010995799675583839,0.00055720800000000001,12582912
1048576,measured,12,0,generated,0,0.000157083,6.4750000000000002e-05,0.00015629200000000058,6.4166000000000049e-05,0.00011091679334640503,0.00055345800000000005,12582912
1048576,measured,12,1,handwritten,0,0.000155458,6.0834000000000001e-05,0.00015475000000000037,6.0209000000000304e-05,0.00011012516915798187,0.00051662500000000005,12582912
1048576,measured,13,0,handwritten,0,0.00016216700000000001,6.0167000000000002e-05,0.00016141599999999756,5.9542000000000102e-05,0.00010924972593784332,0.00051691699999999998,12582912
1048576,measured,13,1,generated,0,0.00015841600000000001,5.9833999999999997e-05,0.00015770899999999893,5.9250000000000275e-05,0.00011245859786868095,0.00054104100000000003,12582912
1048576,measured,14,0,generated,0,0.000179416,7.3332999999999997e-05,0.00017829200000000003,7.2667000000000218e-05,0.00011337501928210258,0.00058850000000000005,12582912
1048576,measured,14,1,handwritten,0,0.00016674999999999999,9.2459000000000004e-05,0.00016591699999999807,9.1332999999999866e-05,0.00011987471953034401,0.00059699999999999998,12582912
1048576,measured,15,0,handwritten,0,0.00021033400000000001,6.9459e-05,0.00020958300000000277,6.8832999999999915e-05,0.00012075016275048256,0.00059762499999999996,12582912
1048576,measured,15,1,generated,0,0.000165167,7.1915999999999994e-05,0.00016441600000000056,7.0999999999999883e-05,0.0001154998317360878,0.00054233299999999999,12582912
1048576,measured,16,0,generated,0,0.00015574999999999999,6.1542000000000001e-05,0.00015487499999999876,6.0666000000000019e-05,0.00011900020763278008,0.00055608399999999998,12582912
1048576,measured,16,1,handwritten,0,0.00015891700000000001,6.2333000000000001e-05,0.00015808299999999983,6.1666000000000151e-05,0.000112166628241539,0.00053525000000000003,12582912
1048576,measured,17,0,handwritten,0,0.000159875,6.0917e-05,0.00015908400000000031,6.0334000000000429e-05,0.00023954175412654877,0.00061083299999999997,12582912
1048576,measured,17,1,generated,0,0.000162375,6.1249999999999998e-05,0.00016166600000000128,6.0624999999999915e-05,0.00010949978604912758,0.00054791699999999998,12582912
1048576,measured,18,0,generated,0,0.00016520799999999999,6.3541999999999996e-05,0.00016454099999999722,6.2958000000000111e-05,0.00010987510904669762,0.00055187499999999996,12582912
1048576,measured,18,1,handwritten,0,0.00017079199999999999,6.4375000000000006e-05,0.00016983299999999771,6.3833999999999592e-05,0.00011462485417723656,0.00054224999999999998,12582912
1048576,measured,19,0,handwritten,0,0.00015929200000000001,6.3374999999999995e-05,0.00015854100000000163,6.2832999999999986e-05,0.0001127501018345356,0.00054241700000000001,12582912
1048576,measured,19,1,generated,0,0.00016287499999999999,6.1916999999999997e-05,0.00016208399999999984,6.1166999999999992e-05,0.00011770846322178841,0.00055575000000000004,12582912
1048576,measured,20,0,generated,0,0.00016045799999999999,6.4583000000000002e-05,0.00015966699999999875,6.3874999999999696e-05,0.00010974984616041183,0.00055433299999999995,12582912
1048576,measured,20,1,handwritten,0,0.00015983300000000001,6.525e-05,0.00015908400000000031,6.4624999999999579e-05,0.00011170841753482819,0.00052704100000000001,12582912
1048576,measured,21,0,handwritten,0,0.00015895899999999999,6.4375000000000006e-05,0.00015816699999999725,6.3749999999999571e-05,0.00011016661301255226,0.00053954199999999995,12582912
1048576,measured,21,1,generated,0,0.000160333,6.3583000000000004e-05,0.00015949900000000045,6.2999999999999688e-05,0.00011087488383054733,0.00054737500000000001,12582912
1048576,measured,22,0,generated,0,0.00015891700000000001,6.8041999999999997e-05,0.00015812399999999907,6.7499999999999852e-05,0.00010870816186070442,0.00055420899999999995,12582912
1048576,measured,22,1,handwritten,0,0.00015862499999999999,9.3791999999999999e-05,0.000157916000000001,9.2832999999999631e-05,0.00011424999684095383,0.00060041700000000001,12582912
1048576,measured,23,0,handwritten,0,0.000164375,6.6707999999999999e-05,0.00016345799999999827,6.5583000000000134e-05,0.0001127501018345356,0.00060829099999999995,12582912
1048576,measured,23,1,generated,0,0.00016595800000000001,6.6834000000000004e-05,0.00016516700000000079,6.5667000000000156e-05,0.00011520832777023315,0.00060404199999999995,12582912
1048576,measured,24,0,generated,0,0.00015604200000000001,6.5791999999999996e-05,0.00015524899999999967,6.4874999999999829e-05,0.00011512497439980507,0.00056054200000000003,12582912
1048576,measured,24,1,handwritten,0,0.00016620799999999999,6.9957999999999997e-05,0.00016545800000000027,6.9167000000000187e-05,0.00012412481009960175,0.00057525000000000002,12582912
1048576,measured,25,0,handwritten,0,0.00015466699999999999,6.2958000000000003e-05,0.00015383300000000252,6.1916999999999875e-05,0.00010899966582655907,0.00052616700000000002,12582912
1048576,measured,25,1,generated,0,0.00015645899999999999,6.3916000000000003e-05,0.00015575000000000311,6.2999999999999688e-05,0.00011341646313667297,0.000557125,12582912
1048576,measured,26,0,generated,0,0.00015604200000000001,5.8958e-05,0.00015524899999999967,5.8250000000000142e-05,0.00011074962094426155,0.00056087499999999996,12582912
1048576,measured,26,1,handwritten,0,0.000154833,6.2125000000000006e-05,0.00015408399999999878,6.1374999999999798e-05,0.0001094168983399868,0.00051562500000000002,12582912
1048576,measured,27,0,handwritten,0,0.00016416600000000001,7.2292000000000005e-05,0.00016341699999999904,7.1584000000000404e-05,0.00012299977242946625,0.00055537499999999999,12582912
1048576,measured,27,1,generated,0,0.000160834,6.1082999999999998e-05,0.00016004100000000313,6.0374999999999665e-05,0.00011487491428852081,0.00054549999999999998,12582912
1048576,measured,28,0,generated,0,0.000157083,6.0832999999999998e-05,0.00015641699999999897,6.0209000000000304e-05,0.00010975031182169914,0.00054033300000000005,12582912
1048576,measured,28,1,handwritten,0,0.000159417,6.1915999999999995e-05,0.00015862399999999957,6.1333999999999694e-05,0.00011058337986469269,0.00051999999999999995,12582912
1048576,measured,29,0,handwritten,0,0.00016224999999999999,6.0791999999999997e-05,0.00016150100000000139,6.0250000000000407e-05,0.0001093749888241291,0.00052341699999999998,12582912
1048576,measured,29,1,generated,0,0.00015691699999999999,6.0958999999999997e-05,0.00015620800000000143,6.0374999999999665e-05,0.00010920828208327293,0.00053366700000000004,12582912
1048576,measured,30,0,generated,0,0.000166,6.8416000000000004e-05,0.00016533399999999962,6.7791999999999679e-05,0.00011083343997597694,0.00055316600000000001,12582912
1048576,measured,30,1,handwritten,0,0.000164084,6.9125e-05,0.00016333400000000109,6.862500000000011e-05,0.0001110415905714035,0.00053704200000000005,12582912
1048576,measured,31,0,handwritten,0,0.00016187499999999999,6.1249999999999998e-05,0.00016112500000000154,6.0708999999999937e-05,0.0001177499070763588,0.000526083,12582912
1048576,measured,31,1,generated,0,0.00016491699999999999,7.3666999999999998e-05,0.00016375100000000017,7.308400000000017e-05,0.00012199999764561653,0.00058420900000000003,12582912
1048576,measured,32,0,generated,0,0.00016145800000000001,6.2082999999999995e-05,0.00016066600000000028,6.1499999999999923e-05,0.0001116250641644001,0.00054799999999999998,12582912
1048576,measured,32,1,handwritten,0,0.00016433299999999999,6.0999999999999999e-05,0.00016354199999999916,6.041700000000011e-05,0.00011445861309766769,0.00054008300000000001,12582912
1048576,measured,33,0,handwritten,0,0.00015816699999999999,6.4250000000000003e-05,0.00015741699999999997,6.3707999999999994e-05,0.00011599995195865631,0.00055904200000000005,12582912
1048576,measured,33,1,generated,0,0.000161917,6.0749999999999999e-05,0.00016120900000000243,6.0082999999999838e-05,0.0001093749888241291,0.00053850000000000002,12582912
1048576,measured,34,0,generated,0,0.00015954200000000001,6.3125000000000003e-05,0.00015870800000000046,6.2541999999999633e-05,0.00010912492871284485,0.00054054199999999998,12582912
1048576,measured,34,1,handwritten,0,0.00015812500000000001,6.0665999999999998e-05,0.00015729199999999985,6.0125000000000282e-05,0.00010945834219455719,0.00051449999999999998,12582912
1048576,measured,35,0,handwritten,0,0.00015370800000000001,5.9750000000000002e-05,0.00015300000000000036,5.9166999999999727e-05,0.00010837474837899208,0.00050816700000000002,12582912
1048576,measured,35,1,generated,0,0.000154625,6.0291999999999998e-05,0.00015379199999999982,5.9749999999999907e-05,0.00010875007137656212,0.00052462500000000003,12582912
1048576,measured,36,0,generated,0,0.000165083,6.9166999999999997e-05,0.00016433400000000209,6.8415999999999963e-05,0.00011266628280282021,0.00055725000000000002,12582912
1048576,measured,36,1,handwritten,0,0.00016883299999999999,0.00010220799999999999,0.00016808299999999943,9.925000000000038e-05,0.00012262491509318352,0.00063849999999999996,12582912
1048576,measured,37,0,handwritten,0,0.000162917,6.2416999999999995e-05,0.00016200100000000189,6.1583999999999944e-05,0.00055620819330215454,0.00091191700000000004,12582912
1048576,measured,37,1,generated,0,0.00015779100000000001,6.2040999999999998e-05,0.00015700100000000036,6.1417000000000242e-05,0.00011129165068268776,0.00054866599999999995,12582912
1048576,measured,38,0,generated,0,0.00016312499999999999,6.2415999999999993e-05,0.00016233300000000062,6.179199999999975e-05,0.00011966656893491745,0.00056179199999999998,12582912
1048576,measured,38,1,handwritten,0,0.00016008299999999999,6.1500000000000004e-05,0.0001594169999999985,6.0791999999999617e-05,0.0001116250641644001,0.00052783300000000001,12582912
1048576,measured,39,0,handwritten,0,0.00015879199999999999,6.1749999999999997e-05,0.00015804100000000113,6.1166999999999992e-05,0.00011987518519163132,0.00052533300000000001,12582912
1048576,measured,39,1,generated,0,0.000156458,6.3625000000000002e-05,0.0001557090000000004,6.2999999999999688e-05,0.00010850001126527786,0.00054175000000000002,12582912
1048576,measured,40,0,generated,0,0.000187333,8.0582999999999997e-05,0.00018629099999999815,7.9665999999999938e-05,0.00011525023728609085,0.00062295799999999995,12582912
1048576,measured,40,1,handwritten,0,0.000159708,5.8708000000000001e-05,0.000158916999999998,5.7874999999999767e-05,0.00011137500405311584,0.00054037499999999995,12582912
1048576,measured,41,0,handwritten,0,0.00016654199999999999,6.3665999999999997e-05,0.00016562499999999911,6.308399999999971e-05,0.00011962465941905975,0.00056324999999999995,12582912
1048576,measured,41,1,generated,0,0.00016470800000000001,5.6249999999999998e-05,0.00016400000000000095,5.5625000000000119e-05,0.00010995799675583839,0.00055095800000000005,12582912
1048576,measured,42,0,generated,0,0.00016333400000000001,6.9292e-05,0.00016249999999999945,6.8666000000000213e-05,0.00011724978685379028,0.00056333399999999997,12582912
1048576,measured,42,1,handwritten,0,0.000172416,6.9375000000000006e-05,0.00017145899999999881,6.8624999999999242e-05,0.00011687492951750755,0.00055866599999999998,12582912
1048576,measured,43,0,handwritten,0,0.00015741600000000001,5.7833e-05,0.00015662599999999999,5.7207999999999565e-05,0.0001122085377573967,0.00051858299999999998,12582912
1048576,measured,43,1,generated,0,0.00016712500000000001,6.0625000000000003e-05,0.00016641699999999857,5.9916000000000136e-05,0.00011745840311050415,0.00056387500000000003,12582912
1048576,measured,44,0,generated,0,0.00021837500000000001,6.4166999999999997e-05,0.00021741600000000152,6.3416000000000167e-05,0.0001482497900724411,0.00058883399999999999,12582912
1048576,measured,44,1,handwritten,0,0.00016691699999999999,6.8583000000000004e-05,0.00016608299999999743,6.7832999999999782e-05,0.0001094168983399868,0.00055637500000000001,12582912
1048576,measured,45,0,handwritten,0,0.000160125,6.1582999999999996e-05,0.00015941599999999903,6.0542000000000235e-05,0.00010983319953083992,0.00054149999999999999,12582912
1048576,measured,45,1,generated,0,0.00016241699999999999,6.1833000000000002e-05,0.00016150000000000192,6.116700000000086e-05,0.00010937545448541641,0.00056174999999999997,12582912
1048576,measured,46,0,generated,0,0.000156417,6.2083999999999997e-05,0.00015575000000000311,6.150000000000079e-05,0.00011195801198482513,0.00055750000000000005,12582912
1048576,measured,46,1,handwritten,0,0.00015704099999999999,6.2333000000000001e-05,0.00015620899999999743,6.162499999999918e-05,0.00010991655290126801,0.00053191600000000001,12582912
1048576,measured,47,0,handwritten,0,0.00015633300000000001,6.2625000000000004e-05,0.00015558400000000028,6.2041000000000526e-05,0.00011220807209610939,0.00052141700000000004,12582912
1048576,measured,47,1,generated,0,0.00015625,6.1166000000000004e-05,0.00015545800000000415,6.0542000000000235e-05,0.00010941643267869949,0.00054199999999999995,12582912
1048576,measured,48,0,generated,0,0.000155792,6.1291999999999995e-05,0.00015500000000000236,6.066700000000036e-05,0.00010900013148784637,0.00053441700000000003,12582912
1048576,measured,48,1,handwritten,0,0.00015674999999999999,6.1875e-05,0.00015604099999999566,6.125000000000054e-05,0.00011045811697840691,0.00052191599999999998,12582912
1048576,measured,49,0,handwritten,0,0.00016820800000000001,6.8207999999999995e-05,0.00016745800000000227,6.7584000000000741e-05,0.00011433335021138191,0.00056045800000000001,12582912
1048576,measured,49,1,generated,0,0.00015691699999999999,6.2000000000000003e-05,0.00015612400000000054,6.1375000000000665e-05,0.00010962504893541336,0.00054020800000000003,12582912
1048576,measured,50,0,generated,0,0.00016008400000000001,6.4292e-05,0.00015937500000000326,6.3541999999999765e-05,0.00010987510904669762,0.00053870899999999995,12582912
1048576,measured,50,1,handwritten,0,0.00015670899999999999,6.2582999999999994e-05,0.00015591699999999847,6.1916999999999875e-05,0.00011091679334640503,0.00054079200000000001,12582912
1048576,measured,51,0,handwritten,0,0.00015883299999999999,6.2125000000000006e-05,0.00015804200000000407,6.1583000000000471e-05,0.00011325022205710411,0.00052970800000000005,12582912
1048576,measured,51,1,generated,0,0.000158166,6.2416999999999995e-05,0.00015737500000000126,6.1791000000000276e-05,0.00011237524449825287,0.00054070799999999999,12582912
1048576,measured,52,0,generated,0,0.00015708399999999999,8.2667e-05,0.00015633400000000103,8.2083000000000156e-05,0.00011412519961595535,0.00057345900000000001,12582912
1048576,measured,52,1,handwritten,0,0.000166792,6.1916999999999997e-05,0.00016599999999999948,6.1375000000000665e-05,0.00011120829731225967,0.00051349999999999996,12582912
1048576,measured,53,0,handwritten,0,0.00015504200000000001,6.2374999999999998e-05,0.00015416699999999672,6.1791000000000276e-05,0.00011070817708969116,0.00051820800000000004,12582912
1048576,measured,53,1,generated,0,0.000167708,7.3875000000000007e-05,0.00016687500000000383,7.3292000000000843e-05,0.00011712498962879181,0.00057133300000000004,12582912
1048576,measured,54,0,generated,0,0.000157708,7.6249999999999997e-05,0.00015695899999999818,7.5166999999999248e-05,0.00011387467384338379,0.00057029100000000001,12582912
1048576,measured,54,1,handwritten,0,0.00016116700000000001,6.0250000000000001e-05,0.00016041699999999603,5.9583000000000205e-05,0.00011008372530341148,0.00053616700000000005,12582912
1048576,measured,55,0,handwritten,0,0.00016754199999999999,6.1709000000000002e-05,0.00016683299999999818,6.075000000000004e-05,0.00011879159137606621,0.00054266700000000004,12582912
1048576,measured,55,1,generated,0,0.00015845900000000001,6.4542000000000006e-05,0.00015762400000000204,6.3999999999999821e-05,0.00011212518438696861,0.00055725000000000002,12582912
1048576,measured,56,0,generated,0,0.000159875,6.1542000000000001e-05,0.00015912500000000301,6.0792000000000485e-05,0.00010958360508084297,0.00054525000000000005,12582912
1048576,measured,56,1,handwritten,0,0.00015616600000000001,6.0708999999999998e-05,0.00015537599999999874,6.0084000000000179e-05,0.00010999990627169609,0.00051962500000000001,12582912
1048576,measured,57,0,handwritten,0,0.00015558299999999999,6.1875e-05,0.00015479100000000134,6.1333999999999694e-05,0.00010962504893541336,0.00051699999999999999,12582912
1048576,measured,57,1,generated,0,0.000161583,6.4290999999999998e-05,0.00016083399999999859,6.366699999999989e-05,0.00010962458327412605,0.00053891599999999996,12582912
1048576,measured,58,0,generated,0,0.00016241699999999999,7.9791999999999998e-05,0.00016162499999999858,7.9209000000000224e-05,0.00011987518519163132,0.000582417,12582912
1048576,measured,58,1,handwritten,0,0.000194,7.5957999999999993e-05,0.00019299999999999873,7.5250000000000664e-05,0.00013620825484395027,0.00070245799999999999,12582912
1048576,measured,59,0,handwritten,0,0.00016024999999999999,6.1791999999999994e-05,0.00015937500000000326,6.1042000000000735e-05,0.00032287510111927986,0.000686208,12582912
1048576,measured,59,1,generated,0,0.000163208,6.3e-05,0.00016241699999999804,6.2374999999999931e-05,0.00011675013229250908,0.00056995799999999997,12582912
1048576,measured,60,0,generated,0,0.00015979199999999999,6.3040999999999995e-05,0.00015891599999999506,6.2374999999999931e-05,0.00012199999764561653,0.00055387500000000001,12582912
1048576,measured,60,1,handwritten,0,0.00015641599999999999,6.2374999999999998e-05,0.00015562599999999899,6.179199999999975e-05,0.00011312495917081833,0.00052141600000000002,12582912
1048576,measured,61,0,handwritten,0,0.00015833399999999999,6.4083000000000003e-05,0.00015758299999999587,6.3499999999999321e-05,0.00011208374053239822,0.000521917,12582912
1048576,measured,61,1,generated,0,0.00015870899999999999,6.9875000000000004e-05,0.00015795899999999918,6.9291000000000838e-05,0.00011095823720097542,0.00054920900000000005,12582912
1048576,measured,62,0,generated,0,0.00018604099999999999,7.7000000000000001e-05,0.00018512600000000073,7.6290999999999165e-05,0.00011570844799280167,0.00059599999999999996,12582912
1048576,measured,62,1,handwritten,0,0.00015808400000000001,6.3999999999999997e-05,0.00015737499999999432,6.3416000000000167e-05,0.00010987464338541031,0.00052554200000000004,12582912
1048576,measured,63,0,handwritten,0,0.00016329199999999999,5.8458000000000002e-05,0.00016254100000000216,5.7875000000000634e-05,0.00010995799675583839,0.00052837499999999998,12582912
1048576,measured,63,1,generated,0,0.000156708,5.9667000000000003e-05,0.00015604199999999513,5.8667000000000094e-05,0.00011016661301255226,0.00055129199999999999,12582912
1048576,measured,64,0,generated,0,0.00016162500000000001,7.0624999999999996e-05,0.0001606239999999981,6.9916999999999202e-05,0.00011366652324795723,0.00057237499999999997,12582912
1048576,measured,64,1,handwritten,0,0.0001595,6.1041000000000001e-05,0.0001587489999999997,6.0374999999999665e-05,0.00011279154568910599,0.00053187500000000001,12582912
1048576,measured,65,0,handwritten,0,0.00016358400000000001,6.1166000000000004e-05,0.00016270800000000446,6.041700000000011e-05,0.0001116250641644001,0.00052716700000000004,12582912
1048576,measured,65,1,generated,0,0.00015858300000000001,6.5208000000000003e-05,0.00015783400000000253,6.4625000000000446e-05,0.00011029187589883804,0.000551458,12582912
1048576,measured,66,0,generated,0,0.000159834,6.1291999999999995e-05,0.00015899999999999942,6.0665999999999151e-05,0.0001116250641644001,0.00053637499999999996,12582912
1048576,measured,66,1,handwritten,0,0.00016287499999999999,6.7209e-05,0.00016162499999999858,6.6666999999999421e-05,0.00011487491428852081,0.00054416700000000002,12582912
1048576,measured,67,0,handwritten,0,0.000157083,7.5041000000000002e-05,0.00015633299999999462,7.4459000000000677e-05,0.0001127501018345356,0.00055779099999999997,12582912
1048576,measured,67,1,generated,0,0.00015720799999999999,8.0208000000000002e-05,0.00015645899999999768,7.9624999999999835e-05,0.00010862527415156364,0.00057858300000000003,12582912
1048576,measured,68,0,generated,0,0.000158541,7.7041999999999999e-05,0.00015779199999999688,7.6500000000000179e-05,0.00010924972593784332,0.00057891599999999996,12582912
1048576,measured,68,1,handwritten,0,0.000154625,8.4124999999999998e-05,0.00015383299999999905,8.3582999999999921e-05,0.00011100014671683311,0.000551375,12582912
1048576,measured,69,0,handwritten,0,0.000155334,5.9083999999999999e-05,0.00015462599999999799,5.8416999999999844e-05,0.000112166628241539,0.00053799999999999996,12582912
1048576,measured,69,1,generated,0,0.000154,7.2625000000000003e-05,0.00015333299999999855,7.1542000000000827e-05,0.00011179177090525627,0.00057499999999999999,12582912
1048576,measured,70,0,generated,0,0.00015854199999999999,5.3083e-05,0.00015770899999999893,5.2666999999999298e-05,0.0001110415905714035,0.00055129199999999999,12582912
1048576,measured,70,1,handwritten,0,0.00015070900000000001,7.5749999999999998e-05,0.00014991699999999941,7.5165999999999775e-05,0.00011112494394183159,0.00055183399999999996,12582912
1048576,measured,71,0,handwritten,0,0.00015358400000000001,6.4584000000000004e-05,0.00015283399999999753,6.4042000000000265e-05,0.00011129165068268776,0.00052858400000000002,12582912
1048576,measured,71,1,generated,0,0.00015145800000000001,5.9333000000000003e-05,0.00015066700000000016,5.8667000000000094e-05,0.00010900013148784637,0.00053312499999999996,12582912
1048576,measured,72,0,generated,0,0.00015187499999999999,7.7458000000000003e-05,0.00015112500000000195,7.6875000000000554e-05,0.00011045811697840691,0.00058091700000000002,12582912
1048576,measured,72,1,handwritten,0,0.00015550000000000001,5.9125000000000001e-05,0.00015475000000000211,5.862499999999965e-05,0.00011112494394183159,0.00056700000000000001,12582912
1048576,measured,73,0,handwritten,0,0.000153208,7.9790999999999996e-05,0.00015245900000000062,7.924999999999946e-05,0.0001093749888241291,0.00055295799999999999,12582912
1048576,measured,73,1,generated,0,0.000150459,5.9249999999999997e-05,0.00014979200000000276,5.8667000000000094e-05,0.00010795844718813896,0.00053399999999999997,12582912
1048576,measured,74,0,generated,0,0.00015533300000000001,6.4583000000000002e-05,0.00015466600000000469,6.4042000000000265e-05,0.00010795844718813896,0.000550583,12582912
1048576,measured,74,1,handwritten,0,0.00014937500000000001,5.8875000000000001e-05,0.00014858400000000022,5.833300000000069e-05,0.00010833330452442169,0.00053062499999999996,12582912
1048576,measured,75,0,handwritten,0,0.00015487500000000001,6.2874999999999997e-05,0.0001540829999999993,6.229200000000025e-05,0.00011091679334640503,0.00053991599999999999,12582912
1048576,measured,75,1,generated,0,0.000151292,6.4709000000000007e-05,0.00015045899999999862,6.4165999999999182e-05,0.0001116250641644001,0.00053733399999999999,12582912
1048576,measured,76,0,generated,0,0.00015387500000000001,5.9375e-05,0.00015304200000000601,5.8749999999999775e-05,0.00010887486860156059,0.00055066700000000002,12582912
1048576,measured,76,1,handwritten,0,0.000152125,5.9040999999999999e-05,0.0001513750000000022,5.8459000000000289e-05,0.00011116685345768929,0.00052599999999999999,12582912
1048576,measured,77,0,handwritten,0,0.000151333,6.1249999999999998e-05,0.00015058300000000274,6.0457999999999346e-05,0.00011487491428852081,0.00062945799999999995,12582912
1048576,measured,77,1,generated,0,0.000155709,5.8458000000000002e-05,0.000154915999999998,5.7958000000000315e-05,8.1249978393316269e-05,0.00048691700000000001,12582912
1048576,measured,78,0,generated,0,0.00015279200000000001,5.7791999999999998e-05,0.0001520829999999973,5.7084000000000648e-05,8.0500263720750809e-05,0.00047641699999999998,12582912
1048576,measured,78,1,handwritten,0,0.00015224999999999999,5.3916999999999999e-05,0.00015154199999999757,5.3374999999999603e-05,7.8000128269195557e-05,0.00044966599999999999,12582912
1048576,measured,79,0,handwritten,0,0.00015091700000000001,5.4209000000000002e-05,0.00015016600000000019,5.3707999999999534e-05,7.520848885178566e-05,0.00043841699999999997,12582912
1048576,measured,79,1,generated,0,0.00015349999999999999,6.8250000000000006e-05,0.00015266700000000216,6.7499999999999852e-05,8.2583166658878326e-05,0.00049204200000000004,12582912
1048576,measured,80,0,generated,0,0.000168875,7.4457999999999998e-05,0.0001681240000000056,7.3708000000000454e-05,0.00012074969708919525,0.00056137500000000003,12582912
1048576,measured,80,1,handwritten,0,0.00015854199999999999,8.5749999999999997e-05,0.00015779199999999688,8.5125000000000131e-05,9.2416536062955856e-05,0.00051937499999999998,12582912
1048576,measured,81,0,handwritten,0,0.00019637499999999999,6.3707999999999994e-05,0.00019562599999999736,6.3083000000000236e-05,0.00012562517076730728,0.00062166599999999999,12582912
1048576,measured,81,1,generated,0,0.00015908299999999999,5.7417000000000003e-05,0.00015829200000000432,5.683299999999919e-05,0.00010087480768561363,0.000504,12582912
1048576,measured,82,0,generated,0,0.00015300000000000001,6.0832999999999998e-05,0.00015220900000000037,6.0291999999999984e-05,8.8291242718696594e-05,0.00048737500000000002,12582912
1048576,measured,82,1,handwritten,0,0.000156875,5.9667000000000003e-05,0.00015620799999999796,5.9082999999999705e-05,0.00010362500324845314,0.000495792,12582912
1048576,measured,83,0,handwritten,0,0.00015937500000000001,5.9583999999999997e-05,0.00015858399999999634,5.9000000000000025e-05,8.9916866272687912e-05,0.00047295900000000001,12582912
1048576,measured,83,1,generated,0,0.00015829200000000001,6.2207999999999998e-05,0.00015758400000000228,6.1666999999999625e-05,0.00010812515392899513,0.00050004200000000002,12582912
1048576,measured,84,0,generated,0,0.000157417,6.2958000000000003e-05,0.00015666599999999975,6.2332999999999486e-05,8.4750354290008545e-05,0.000485167,12582912
1048576,measured,84,1,handwritten,0,0.00015483399999999999,6.0999999999999999e-05,0.00015399900000000188,6.0334000000000429e-05,9.4000250101089478e-05,0.00047379200000000001,12582912
1048576,measured,85,0,handwritten,0,0.000155542,5.9750000000000002e-05,0.00015475000000000211,5.9082999999999705e-05,9.8666641861200333e-05,0.00047995900000000002,12582912
1048576,measured,85,1,generated,0,0.00016574999999999999,7.1582999999999995e-05,0.00016499999999999848,7.0999999999999883e-05,0.00010370835661888123,0.00053487499999999998,12582912
1048576,measured,86,0,generated,0,0.00015895800000000001,5.8291999999999997e-05,0.00015829199999999738,5.7708000000000065e-05,9.4249844551086426e-05,0.00049758300000000001,12582912
1048576,measured,86,1,handwritten,0,0.00016083300000000001,5.6249999999999998e-05,0.00015991799999999501,5.5750000000000244e-05,0.00010875007137656212,0.00051991699999999995,12582912
1048576,measured,87,0,handwritten,0,0.00015379200000000001,7.3459000000000003e-05,0.0001530829999999983,7.2917000000000468e-05,0.00011100014671683311,0.00055429199999999996,12582912
1048576,measured,87,1,generated,0,0.00015220899999999999,6.2582999999999994e-05,0.00015154099999999809,6.1999999999999555e-05,0.00010870862752199173,0.00054737500000000001,12582912
1048576,measured,88,0,generated,0,0.00015629199999999999,5.7207999999999998e-05,0.00015554100000000209,5.6624999999999384e-05,0.0001110415905714035,0.00055487500000000003,12582912
1048576,measured,88,1,handwritten,0,0.00015375,7.9917000000000001e-05,0.00015300000000000036,7.933299999999914e-05,0.00011262530460953712,0.00055995899999999996,12582912
1048576,measured,89,0,handwritten,0,0.00015266699999999999,6.2334000000000003e-05,0.00015199999999999936,6.1583000000000471e-05,0.00010870816186070442,0.00053220899999999996,12582912
1048576,measured,89,1,generated,0,0.00015458299999999999,7.1375e-05,0.00015379100000000034,7.0749999999999633e-05,0.00011087534949183464,0.00058195800000000004,12582912
1048576,measured,90,0,generated,0,0.00015441700000000001,6.5124999999999997e-05,0.00015370799999999546,6.4542000000000765e-05,0.00011012470349669456,0.000551375,12582912
1048576,measured,90,1,handwritten,0,0.00015612499999999999,6.2625000000000004e-05,0.00015537499999999926,6.2041000000000526e-05,0.0001110835000872612,0.00052966700000000005,12582912
1048576,measured,91,0,handwritten,0,0.000154542,6.3125000000000003e-05,0.0001537080000000024,6.2582999999999736e-05,0.00011174986138939857,0.00053941700000000004,12582912
1048576,measured,91,1,generated,0,0.000155375,7.75e-05,0.00015466700000000416,7.6916999999999264e-05,0.00011141644790768623,0.00057612500000000003,12582912
1048576,measured,92,0,generated,0,0.00015525000000000001,5.9042000000000002e-05,0.00015450000000000186,5.812499999999915e-05,0.00011066626757383347,0.00054429100000000002,12582912
1048576,measured,92,1,handwritten,0,0.00016208300000000001,5.3665999999999997e-05,0.00016137499999999833,5.3166999999999798e-05,0.00011099968105554581,0.00052745799999999996,12582912
1048576,measured,93,0,handwritten,0,0.00014937500000000001,8.2541999999999997e-05,0.00014866599999999869,8.2083000000000156e-05,0.00010899966582655907,0.000553,12582912
1048576,measured,93,1,generated,0,0.00015279200000000001,7.1041e-05,0.0001520829999999973,7.0291000000000103e-05,0.00010987510904669762,0.00054458299999999996,12582912
1048576,measured,94,0,generated,0,0.00015695800000000001,7.1667000000000003e-05,0.00015629200000000232,7.1042000000000327e-05,0.000112166628241539,0.00059024999999999995,12582912
1048576,measured,94,1,handwritten,0,0.000154,6.7958000000000002e-05,0.00015324999999999367,6.7292000000000046e-05,0.00010858336463570595,0.00056924999999999999,12582912
1048576,measured,95,0,handwritten,0,0.00015491699999999999,6.4750000000000002e-05,0.00015416599999999725,6.416700000000039e-05,0.00011075008660554886,0.000547333,12582912
1048576,measured,95,1,generated,0,0.00015466699999999999,5.9249999999999997e-05,0.00015404100000000059,5.862499999999965e-05,0.00011079153046011925,0.00055020799999999995,12582912
1048576,measured,96,0,generated,0,0.00015333299999999999,6.1249999999999998e-05,0.00015249999999999986,6.0624999999999915e-05,0.00010974984616041183,0.00052950000000000002,12582912
1048576,measured,96,1,handwritten,0,0.00016016700000000001,9.6416999999999995e-05,0.00015949999999999992,9.591599999999971e-05,0.00011087488383054733,0.000577459,12582912
1048576,measured,97,0,handwritten,0,0.00015783400000000001,6.6124999999999995e-05,0.00015708399999999484,6.5542000000000031e-05,0.00010920828208327293,0.00054495900000000002,12582912
1048576,measured,97,1,generated,0,0.00016245800000000001,6.0084000000000003e-05,0.00016179200000000088,5.9500000000000525e-05,0.00011187512427568436,0.00055304200000000001,12582912
1048576,measured,98,0,generated,0,0.00016162500000000001,6.6458999999999995e-05,0.00016087500000000476,6.5874999999999961e-05,0.00011462485417723656,0.00055674999999999995,12582912
1048576,measured,98,1,handwritten,0,0.000159042,7.7667e-05,0.00015820799999999996,7.7000000000000679e-05,0.00011441670358181,0.00055887500000000002,12582912
1048576,measured,99,0,handwritten,0,0.000156916,7.2541999999999998e-05,0.00015604100000000259,7.2083000000000563e-05,0.00011583324521780014,0.000561291,12582912
1048576,measured,99,1,generated,0,0.000156708,7.6042000000000001e-05,0.00015595900000000412,7.5583000000000594e-05,0.00011258339509367943,0.00057887499999999996,12582912
16777216,warmup,0,0,generated,0,0.015134167,0.0058356670000000001,0.015128875000000014,0.0058317499999999984,0.0018340833485126495,0.02741625,201326592
16777216,warmup,0,1,handwritten,0,0.0072542910000000004,0.0012415830000000001,0.0072527490000000028,0.0012400000000000015,0.0022091246210038662,0.011098,201326592
16777216,warmup,1,0,handwritten,0,0.0024446659999999999,0.0012285,0.0024434590000000089,0.0012270420000000011,0.0016733333468437195,0.005756583,201326592
16777216,warmup,1,1,generated,0,0.0024711669999999998,0.0012407080000000001,0.0024691669999999943,0.0012390419999999992,0.0035437918268144131,0.007741375,201326592
16777216,warmup,2,0,generated,0,0.0025745,0.0012173749999999999,0.0025726670000000007,0.0012146669999999991,0.0021244999952614307,0.0064752079999999997,201326592
16777216,warmup,2,1,handwritten,0,0.002421,0.0012356660000000001,0.0024193750000000014,0.0012336670000000008,0.0022064168006181717,0.006349833,201326592
16777216,warmup,3,0,handwritten,0,0.0023821250000000001,0.0013207500000000001,0.0023807080000000092,0.0013197920000000002,0.0017080418765544891,0.0058573339999999996,201326592
16777216,warmup,3,1,generated,0,0.0024155420000000001,0.0011963329999999999,0.0024140829999999974,0.0011954999999999986,0.0016616247594356537,0.0057361670000000003,201326592
16777216,warmup,4,0,generated,0,0.0024654999999999998,0.001219833,0.0024645420000000001,0.0012178330000000015,0.0021386668086051941,0.0063352499999999997,201326592
16777216,warmup,4,1,handwritten,0,0.0024212080000000002,0.001228708,0.002420291000000005,0.0012265000000000019,0.002905083354562521,0.0070195409999999998,201326592
16777216,warmup,5,0,handwritten,0,0.002469125,0.001244041,0.0024679580000000062,0.0012419170000000021,0.0020834584720432758,0.0062194169999999997,201326592
16777216,warmup,5,1,generated,0,0.0024712919999999999,0.001278333,0.00247,0.0012757080000000004,0.0022827917709946632,0.0065120000000000004,201326592
16777216,warmup,6,0,generated,0,0.0024421249999999999,0.0012275420000000001,0.0024407490000000059,0.001225625000000001,0.0025010001845657825,0.0066422499999999997,201326592
16777216,warmup,6,1,handwritten,0,0.0024958749999999998,0.001211125,0.002493667000000005,0.001210250000000003,0.0015908749774098396,0.0054686250000000004,201326592
16777216,warmup,7,0,handwritten,0,0.0023896659999999999,0.0012190829999999999,0.0023874589999999807,0.0012183750000000007,0.002238874789327383,0.006236541,201326592
16777216,warmup,7,1,generated,0,0.0024050410000000001,0.0012279579999999999,0.0024037090000000039,0.0012271670000000012,0.0026617497205734253,0.0067591250000000004,201326592
16777216,warmup,8,0,generated,0,0.0028037919999999998,0.0013159160000000001,0.0028011249999999877,0.0013135830000000001,0.0021365834400057793,0.0064710829999999999,201326592
16777216,warmup,8,1,handwritten,0,0.0025045000000000002,0.001245875,0.0025034589999999857,0.0012433329999999992,0.001990125048905611,0.0061682079999999997,201326592
16777216,warmup,9,0,handwritten,0,0.0025702500000000001,0.0016412499999999999,0.0025679170000000029,0.0016392080000000031,0.0017172498628497124,0.0064084579999999997,201326592
16777216,warmup,9,1,generated,0,0.0025734579999999998,0.001382292,0.0025717079999999781,0.0013802090000000003,0.0018733330070972443,0.0063153749999999998,201326592
16777216,measured,0,0,generated,0,0.0026529589999999999,0.0012376659999999999,0.0026509170000000026,0.001236000000000001,0.0016647917218506336,0.0060390000000000001,201326592
16777216,measured,0,1,handwritten,0,0.0026090000000000002,0.001276,0.0026071239999999885,0.001273541000000003,0.0016960003413259983,0.0060342920000000001,201326592
16777216,measured,1,0,handwritten,0,0.0025694580000000002,0.0012821659999999999,0.0025682919999999998,0.0012799589999999972,0.0016792081296443939,0.0059844160000000002,201326592
16777216,measured,1,1,generated,0,0.0025667089999999999,0.0012036250000000001,0.0025622910000000221,0.0012025830000000001,0.0016582501120865345,0.0058731670000000003,201326592
16777216,measured,2,0,generated,0,0.0024606670000000001,0.001260417,0.0024587080000000039,0.0012586249999999993,0.0016772085800766945,0.0058696670000000003,201326592
16777216,measured,2,1,handwritten,0,0.002494708,0.0012114579999999999,0.002493083000000007,0.0012102089999999968,0.0016584582626819611,0.0058050829999999999,201326592
16777216,measured,3,0,handwritten,0,0.0025864999999999998,0.001301167,0.0025830409999999804,0.0012949579999999988,0.0018334165215492249,0.0061068329999999999,201326592
16777216,measured,3,1,generated,0,0.0025492499999999999,0.0012524999999999999,0.0025455420000000117,0.0012510830000000001,0.0016744998283684254,0.005961666,201326592
16777216,measured,4,0,generated,0,0.0024632500000000002,0.0012420420000000001,0.0024612489999999987,0.0012407919999999975,0.0016647917218506336,0.0058336250000000003,201326592
16777216,measured,4,1,handwritten,0,0.0032534999999999999,0.001350459,0.0032500839999999864,0.0013484169999999976,0.0022129998542368412,0.0070984170000000001,201326592
16777216,measured,5,0,handwritten,0,0.0024664169999999998,0.001190459,0.0024646239999999986,0.0011890420000000013,0.0016861245967447758,0.0057899589999999999,201326592
16777216,measured,5,1,generated,0,0.0024508329999999999,0.001201166,0.0024484989999999929,0.0011987919999999971,0.0017984998412430286,0.0059424999999999999,201326592
16777216,measured,6,0,generated,0,0.002447,0.0016480830000000001,0.0024458330000000084,0.0016407500000000033,0.0026292498223483562,0.0072395419999999999,201326592
16777216,measured,6,1,handwritten,0,0.0025547920000000002,0.0012609170000000001,0.0025507500000000183,0.0012598750000000006,0.0016667498275637627,0.0059390420000000003,201326592
16777216,measured,7,0,handwritten,0,0.0025156670000000001,0.0012059589999999999,0.0025137919999999869,0.0012043749999999936,0.0016524167731404305,0.0058627089999999998,201326592
16777216,measured,7,1,generated,0,0.002489584,0.0013508750000000001,0.0024885000000000046,0.0013485839999999999,0.0017862915992736816,0.0061527919999999998,201326592
16777216,measured,8,0,generated,0,0.0027581250000000002,0.001241416,0.0027557089999999951,0.0012397920000000034,0.001649041660130024,0.006102583,201326592
16777216,measured,8,1,handwritten,0,0.0024554580000000002,0.001352958,0.0024538749999999943,0.0013507920000000034,0.0016703750006854534,0.0059144999999999996,201326592
16777216,measured,9,0,handwritten,0,0.002607084,0.001206583,0.00260495899999999,0.0012045829999999952,0.0016537080518901348,0.0058677499999999997,201326592
16777216,measured,9,1,generated,0,0.0025734170000000002,0.0012436249999999999,0.0025709170000000059,0.0012416249999999962,0.0018445001915097237,0.0060772090000000001,201326592
16777216,measured,10,0,generated,0,0.002421042,0.0012049579999999999,0.0024190820000000168,0.0012017089999999953,0.0022792499512434006,0.0064357499999999996,201326592
16777216,measured,10,1,handwritten,0,0.0025219159999999999,0.0013090840000000001,0.0025207919999999939,0.001306665999999998,0.0016486668027937412,0.0059239999999999996,201326592
16777216,measured,11,0,handwritten,0,0.0025011669999999999,0.00142425,0.0024981669999999956,0.0014226670000000025,0.0022039581090211868,0.0065651249999999998,201326592
16777216,measured,11,1,generated,0,0.0024866670000000001,0.001198791,0.0024855830000000134,0.0011972920000000026,0.0021749166771769524,0.0063407919999999996,201326592
16777216,measured,12,0,generated,0,0.0025544159999999999,0.001205083,0.0025502089999999977,0.0012043749999999936,0.0021453751251101494,0.0063950830000000002,201326592
16777216,measured,12,1,handwritten,0,0.0024051250000000001,0.0013494170000000001,0.0024040840000000285,0.0013476250000000051,0.0018962500616908073,0.0060727079999999996,201326592
16777216,measured,13,0,handwritten,0,0.0026010830000000001,0.0012041249999999999,0.002598292000000002,0.0012015419999999999,0.0019139167852699757,0.0061752500000000002,201326592
16777216,measured,13,1,generated,0,0.002606667,0.001211583,0.0026057910000000239,0.0012090419999999935,0.0019724997691810131,0.0062419579999999997,201326592
16777216,measured,14,0,generated,0,0.0024623750000000002,0.00120275,0.0024604160000000208,0.0012006670000000025,0.0021254997700452805,0.0062650409999999998,201326592
16777216,measured,14,1,handwritten,0,0.0024888330000000002,0.0012047080000000001,0.0024875830000000154,0.0012014159999999968,0.0019358750432729721,0.0060534580000000003,201326592
16777216,measured,15,0,handwritten,0,0.0024122079999999999,0.001228416,0.0024105000000000376,0.0012261670000000002,0.0030087917111814022,0.0071187910000000002,201326592
16777216,measured,15,1,generated,0,0.002482125,0.001202166,0.0024809989999999837,0.001199875000000003,0.0021068747155368328,0.006274333,201326592
16777216,measured,16,0,generated,0,0.0026457500000000001,0.001329333,0.0026439160000000239,0.0013283340000000005,0.0027786251157522202,0.0071859580000000001,201326592
16777216,measured,16,1,handwritten,0,0.0025105420000000002,0.0013992500000000001,0.0025078749999999927,0.0013968750000000058,0.0024029165506362915,0.0068118750000000002,201326592
16777216,measured,17,0,handwritten,0,0.0028894580000000001,0.001244708,0.0028858330000000043,0.0012410840000000034,0.0019803750328719616,0.0064490830000000004,201326592
16777216,measured,17,1,generated,0,0.0033467079999999999,0.0015826670000000001,0.0033413330000000019,0.0015798749999999945,0.0020922082476317883,0.0074488749999999998,201326592
16777216,measured,18,0,generated,0,0.0031044169999999999,0.0012946660000000001,0.0031022920000000065,0.0012933329999999937,0.0028217500075697899,0.0076857920000000003,201326592
16777216,measured,18,1,handwritten,0,0.002588833,0.0013324579999999999,0.0025860830000000168,0.0013309999999999989,0.0024727503769099712,0.0067742920000000003,201326592
16777216,measured,19,0,handwritten,0,0.0023884589999999999,0.0012149999999999999,0.0023871250000000455,0.0012140000000000067,0.0019593746401369572,0.0059863340000000003,201326592
16777216,measured,19,1,generated,0,0.0026145420000000001,0.0012552500000000001,0.0026129570000000268,0.0012537080000000062,0.0017804582603275776,0.0060713750000000004,201326592
16777216,measured,20,0,generated,0,0.0024109169999999998,0.0014305419999999999,0.0024090830000000341,0.0014285839999999966,0.0018059168942272663,0.0060911669999999998,201326592
16777216,measured,20,1,handwritten,0,0.002464833,0.0012095840000000001,0.0024635009999999791,0.0012080000000000007,0.0021004583686590195,0.0061926660000000003,201326592
16777216,measured,21,0,handwritten,0,0.0024225000000000002,0.001219583,0.0024211660000000301,0.0012169169999999979,0.0020667081698775291,0.006162875,201326592
16777216,measured,21,1,generated,0,0.0023895420000000001,0.001250625,0.0023884160000000043,0.0012486250000000032,0.0022574998438358307,0.0063908749999999999,201326592
16777216,measured,22,0,generated,0,0.0026496250000000001,0.0012416250000000001,0.0026481660000000073,0.001239000000000004,0.0021282918751239777,0.006318583,201326592
16777216,measured,22,1,handwritten,0,0.0027759170000000001,0.0013823749999999999,0.0027742909999999843,0.0013805000000000067,0.0016768747009336948,0.006286542,201326592
16777216,measured,23,0,handwritten,0,0.002725917,0.0012505839999999999,0.0027207489999999668,0.0012487919999999986,0.0016873753629624844,0.005878042,201326592
16777216,measured,23,1,generated,0,0.0027552499999999999,0.0013075000000000001,0.0027535009999999915,0.0013047080000000016,0.0018124585039913654,0.0062065829999999999,201326592
16777216,measured,24,0,generated,0,0.002547625,0.001270083,0.0025450419999999974,0.0012680000000000052,0.0016989996656775475,0.0059754580000000003,201326592
16777216,measured,24,1,handwritten,0,0.0025321660000000002,0.0012572499999999999,0.0025309580000000276,0.0012552920000000051,0.0016848333179950714,0.0059322910000000001,201326592
16777216,measured,25,0,handwritten,0,0.0029948750000000001,0.0013782919999999999,0.002990500000000007,0.0013762910000000017,0.0020005833357572556,0.0065494170000000001,201326592
16777216,measured,25,1,generated,0,0.0024134590000000002,0.001190041,0.0024119169999999857,0.0011882919999999936,0.0016949167475104332,0.0057597919999999997,201326592
16777216,measured,26,0,generated,0,0.0024565839999999999,0.0012076249999999999,0.0024545000000000261,0.0012062500000000059,0.0016801250167191029,0.0058064170000000003,201326592
16777216,measured,26,1,handwritten,0,0.0024372909999999998,0.0016388329999999999,0.0024359589999999876,0.0016344580000000053,0.0017028748989105225,0.006243958,201326592
16777216,measured,27,0,handwritten,0,0.0024161249999999999,0.001209,0.0024137919999999702,0.0012075829999999982,0.0016734167002141476,0.005727167,201326592
16777216,measured,27,1,generated,0,0.0024780420000000002,0.001223792,0.0024769999999999515,0.0012217499999999937,0.0017111669294536114,0.0058781670000000001,201326592
16777216,measured,28,0,generated,0,0.0024111660000000002,0.0013162499999999999,0.002409207999999996,0.0013147500000000034,0.0016725417226552963,0.0058614579999999999,201326592
16777216,measured,28,1,handwritten,0,0.0025114579999999998,0.001194666,0.0025088740000000498,0.0011927919999999981,0.0016714581288397312,0.0057787910000000001,201326592
16777216,measured,29,0,handwritten,0,0.0024351669999999998,0.0012257909999999999,0.0024321660000000134,0.0012236659999999983,0.0016827499493956566,0.0057868329999999999,201326592
16777216,measured,29,1,generated,0,0.0024067910000000001,0.0012029580000000001,0.0024048340000000223,0.0012018339999999988,0.0016988334245979786,0.0057618749999999996,201326592
16777216,measured,30,0,generated,0,0.0028010840000000001,0.0012129160000000001,0.0027963329999999842,0.0012111669999999991,0.0020536663942039013,0.0062601250000000001,201326592
16777216,measured,30,1,handwritten,0,0.0025072499999999999,0.0012084999999999999,0.0025060000000000082,0.0012067909999999987,0.0020811250433325768,0.0061787919999999998,201326592
16777216,measured,31,0,handwritten,0,0.0024603329999999999,0.001223041,0.0024574990000000296,0.0012218750000000111,0.001665125135332346,0.0058033750000000004,201326592
16777216,measured,31,1,generated,0,0.0024207500000000002,0.001439875,0.0024191240000000502,0.0014381669999999902,0.0017265831120312214,0.0060613330000000003,201326592
16777216,measured,32,0,generated,0,0.002405875,0.001205083,0.0024035000000000029,0.0012036250000000137,0.0016605830751359463,0.005721833,201326592
16777216,measured,32,1,handwritten,0,0.0024526249999999999,0.001266875,0.0024509170000000524,0.0012652920000000012,0.001794708427041769,0.0059662919999999998,201326592
16777216,measured,33,0,handwritten,0,0.0026412079999999999,0.0011781669999999999,0.0026367089999999593,0.0011766249999999867,0.0016591250896453857,0.0059445000000000001,201326592
16777216,measured,33,1,generated,0,0.0025814169999999999,0.001213708,0.0025773749999999929,0.001212167000000014,0.0018691248260438442,0.0061056249999999999,201326592
16777216,measured,34,0,generated,0,0.0024209169999999999,0.001200209,0.0024193330000000235,0.0011991249999999953,0.0020968751050531864,0.0062277089999999997,201326592
16777216,measured,34,1,handwritten,0,0.0025739169999999998,0.001199,0.0025722499999999981,0.0011980839999999882,0.002202166710048914,0.00640225,201326592
16777216,measured,35,0,handwritten,0,0.0026592080000000001,0.001272083,0.0026553759999999871,0.0012689579999999867,0.0021296250633895397,0.0065447079999999998,201326592
16777216,measured,35,1,generated,0,0.0024254580000000001,0.00124325,0.0024185830000000297,0.0012396249999999942,0.0020516254007816315,0.006204167,201326592
16777216,measured,36,0,generated,0,0.0024007500000000001,0.001247625,0.002399458000000021,0.0012375420000000081,0.0021738330833613873,0.00632775,201326592
16777216,measured,36,1,handwritten,0,0.002449208,0.0013871669999999999,0.0024479989999999785,0.0013841249999999861,0.0027895830571651459,0.0071042919999999999,201326592
16777216,measured,37,0,handwritten,0,0.0023934160000000002,0.0011845,0.0023920000000000052,0.0011833749999999865,0.0019435831345617771,0.0059550000000000002,201326592
16777216,measured,37,1,generated,0,0.0025459580000000001,0.001277542,0.0025445829999999892,0.0012760830000000112,0.0018251668661832809,0.0061417920000000001,201326592
16777216,measured,38,0,generated,0,0.0024681669999999998,0.0014526249999999999,0.0024670410000000031,0.0014510420000000135,0.0018198331817984581,0.0061777919999999997,201326592
16777216,measured,38,1,handwritten,0,0.0027022090000000001,0.0012370409999999999,0.0026992090000000357,0.0012352079999999876,0.0016518752090632915,0.0060200000000000002,201326592
16777216,measured,39,0,handwritten,0,0.002785792,0.0012017079999999999,0.0027842920000000215,0.0012010000000000076,0.0019264579750597477,0.0061322080000000001,201326592
16777216,measured,39,1,generated,0,0.002388917,0.001172333,0.0023872070000000023,0.0011715830000000038,0.0018527503125369549,0.0058732080000000004,201326592
16777216,measured,40,0,generated,0,0.002620458,0.0012469169999999999,0.0026193330000000015,0.0012457499999999899,0.0017180000431835651,0.0059784169999999998,201326592
16777216,measured,40,1,handwritten,0,0.0025831669999999999,0.0013162499999999999,0.0025804159999999743,0.0013143750000000065,0.0016822498291730881,0.0060470419999999999,201326592
16777216,measured,41,0,handwritten,0,0.0024472919999999998,0.0012167090000000001,0.0024456239999999796,0.0012152079999999954,0.0018947497010231018,0.0060562919999999996,201326592
16777216,measured,41,1,generated,0,0.002607542,0.0012306249999999999,0.0026047929999999941,0.0012292909999999935,0.0028355829417705536,0.0070559580000000002,201326592
16777216,measured,42,0,generated,0,0.0024511670000000002,0.0012336249999999999,0.0024496250000000108,0.0012328749999999944,0.0020280415192246437,0.0061318329999999997,201326592
16777216,measured,42,1,handwritten,0,0.0024668329999999999,0.0012333750000000001,0.0024656250000000268,0.0012326249999999872,0.0017923749983310699,0.0059539579999999996,201326592
16777216,measured,43,0,handwritten,0,0.0026202080000000002,0.001385875,0.0026188750000000205,0.0013847080000000123,0.002340999897569418,0.0067785420000000002,201326592
16777216,measured,43,1,generated,0,0.002505625,0.001214791,0.0025044589999999589,0.0012139999999999929,0.0020631249062716961,0.0062214999999999996,201326592
16777216,measured,44,0,generated,0,0.0024612079999999999,0.001214833,0.0024549589999999788,0.0012139999999999929,0.002256500069051981,0.0064624160000000003,201326592
16777216,measured,44,1,handwritten,0,0.0024639169999999999,0.0013730420000000001,0.0024629170000000089,0.0013716669999999931,0.0016819997690618038,0.0059616249999999999,201326592
16777216,measured,45,0,handwritten,0,0.0024151250000000002,0.0012014580000000001,0.0024138749999999543,0.0011986250000000087,0.0020905416458845139,0.0061518750000000002,201326592
16777216,measured,45,1,generated,0,0.0025595000000000001,0.001208125,0.002557958999999943,0.0012072499999999931,0.0017651249654591084,0.0057482089999999998,201326592
16777216,measured,46,0,generated,0,0.0024183329999999999,0.00120375,0.0024165829999999167,0.0012015419999999999,0.0022149584256112576,0.006364916,201326592
16777216,measured,46,1,handwritten,0,0.0024686249999999999,0.0012155410000000001,0.0024667079999999286,0.0012130830000000037,0.0018750834278762341,0.0059771659999999999,201326592
16777216,measured,47,0,handwritten,0,0.0024376250000000001,0.001202458,0.0024355419999999572,0.001200167000000002,0.0022102915681898594,0.0063179170000000002,201326592
16777216,measured,47,1,generated,0,0.0024130839999999998,0.001206791,0.0024121670000000206,0.001204624999999987,0.002143708523362875,0.0061324999999999999,201326592
16777216,measured,48,0,generated,0,0.0027829999999999999,0.001308666,0.0027789169999999919,0.0013062919999999867,0.0020446246489882469,0.0065712080000000003,201326592
16777216,measured,48,1,handwritten,0,0.0025352909999999998,0.00127925,0.0025342500000000712,0.0012777499999999942,0.0016582915559411049,0.0059376660000000003,201326592
16777216,measured,49,0,handwritten,0,0.0024199999999999998,0.001237042,0.0024184999999999901,0.0012352079999999876,0.0021797497756779194,0.0063600000000000002,201326592
16777216,measured,49,1,generated,0,0.0024680000000000001,0.0012493750000000001,0.002466666999999978,0.0012480830000000109,0.0016591250896453857,0.0058341670000000003,201326592
16777216,measured,50,0,generated,0,0.0024029170000000001,0.001199,0.0024014169999999613,0.0011982919999999897,0.0020252917893230915,0.0060493750000000001,201326592
16777216,measured,50,1,handwritten,0,0.002450542,0.0012061249999999999,0.0024493329999999425,0.001204958000000006,0.0016612084582448006,0.005736667,201326592
16777216,measured,51,0,handwritten,0,0.0024162910000000001,0.001187125,0.002414750000000021,0.0011863749999999895,0.0019437083974480629,0.0059783329999999997,201326592
16777216,measured,51,1,generated,0,0.002467917,0.001189208,0.0024664589999999764,0.0011880840000000059,0.0019073747098445892,0.005981292,201326592
16777216,measured,52,0,generated,0,0.0024313329999999999,0.0011880409999999999,0.0024296659999999415,0.0011874580000000023,0.0020275833085179329,0.0061035409999999997,201326592
16777216,measured,52,1,handwritten,0,0.0023987090000000002,0.0011866660000000001,0.0023974169999999573,0.0011859999999999926,0.0016629998572170734,0.0056557500000000002,201326592
16777216,measured,53,0,handwritten,0,0.0028242079999999999,0.0012830420000000001,0.0028210830000000575,0.0012819169999999935,0.002454499714076519,0.0067332499999999997,201326592
16777216,measured,53,1,generated,0,0.0026393329999999998,0.0012746249999999999,0.0026366669999999814,0.0012736660000000066,0.0017031249590218067,0.0060330000000000002,201326592
16777216,measured,54,0,generated,0,0.0026840829999999999,0.001290125,0.002682667000000083,0.0012880409999999898,0.0017180833965539932,0.00618375,201326592
16777216,measured,54,1,handwritten,0,0.0030737080000000001,0.001327083,0.0030690830000000835,0.0013251250000000103,0.002047250047326088,0.0068185420000000004,201326592
16777216,measured,55,0,handwritten,0,0.0026363749999999998,0.0012354589999999999,0.0026348750000000365,0.0012334169999999867,0.0016797496937215328,0.006023334,201326592
16777216,measured,55,1,generated,0,0.0025561669999999998,0.001275792,0.0025525410000000193,0.0012744169999999999,0.0016830000095069408,0.0059862500000000003,201326592
16777216,measured,56,0,generated,0,0.0027173340000000001,0.001655541,0.0027140829999999783,0.0016497079999999997,0.0017415415495634079,0.0065368750000000002,201326592
16777216,measured,56,1,handwritten,0,0.0025144590000000001,0.0014187500000000001,0.0025131660000000666,0.001416166999999996,0.0016880417242646217,0.0060665420000000003,201326592
16777216,measured,57,0,handwritten,0,0.0024954170000000002,0.001230875,0.002493791000000023,0.0012289580000000022,0.001660000067204237,0.0058387919999999998,201326592
16777216,measured,57,1,generated,0,0.0025655000000000001,0.0012663749999999999,0.0025643749999999521,0.0012646249999999915,0.0016633751802146435,0.0059775000000000002,201326592
16777216,measured,58,0,generated,0,0.0025608330000000002,0.001320042,0.0025572919999999888,0.0013184169999999884,0.0016825003549456596,0.0060036250000000003,201326592
16777216,measured,58,1,handwritten,0,0.0024978750000000001,0.0014680839999999999,0.0024958340000000856,0.0014660830000000069,0.001694041769951582,0.0061150839999999998,201326592
16777216,measured,59,0,handwritten,0,0.0025265000000000001,0.0012242500000000001,0.0025230010000000247,0.0012222920000000137,0.0016735829412937164,0.0058880410000000001,201326592
16777216,measured,59,1,generated,0,0.002513,0.001253042,0.0025115829999999839,0.0012507499999999949,0.001828458160161972,0.006060083,201326592
16777216,measured,60,0,generated,0,0.0025355410000000001,0.001246084,0.0025318340000000106,0.0012447499999999889,0.0016724583692848682,0.0059320409999999999,201326592
16777216,measured,60,1,handwritten,0,0.0025065830000000002,0.0013324579999999999,0.0025052509999999861,0.001330250000000005,0.0016886666417121887,0.0060008329999999997,201326592
16777216,measured,61,0,handwritten,0,0.0027490840000000002,0.0012527910000000001,0.0027463330000000452,0.0012508750000000124,0.0021277084015309811,0.0063452500000000002,201326592
16777216,measured,61,1,generated,0,0.0024888750000000002,0.0012754999999999999,0.0024871240000000627,0.0012731249999999861,0.0017060833051800728,0.0059557910000000002,201326592
16777216,measured,62,0,generated,0,0.0024228750000000001,0.0012335829999999999,0.0024198750000000713,0.0012321670000000062,0.001686041709035635,0.0058212919999999996,201326592
16777216,measured,62,1,handwritten,0,0.0025035000000000001,0.00134325,0.0025022490000000674,0.0013415830000000073,0.0016659167595207691,0.0059667499999999998,201326592
16777216,measured,63,0,handwritten,0,0.0025095410000000001,0.001235042,0.0025062920000000766,0.0012333750000000088,0.0016570002771914005,0.0058265829999999998,201326592
16777216,measured,63,1,generated,0,0.0024797500000000002,0.0012096660000000001,0.0024782080000000928,0.0012082919999999997,0.0016743750311434269,0.0058561660000000003,201326592
16777216,measured,64,0,generated,0,0.0024792920000000001,0.001183084,0.0024751250000000224,0.0011819170000000045,0.0016968748532235622,0.0058394170000000004,201326592
16777216,measured,64,1,handwritten,0,0.0025084579999999999,0.0012192500000000001,0.0025060409999999589,0.0012180420000000025,0.0017337081953883171,0.0056475830000000003,201326592
16777216,measured,65,0,handwritten,0,0.0025270000000000002,0.0012227500000000001,0.002524541999999963,0.0012185839999999948,0.0021631252020597458,0.0064276250000000002,201326592
16777216,measured,65,1,generated,0,0.0023770419999999998,0.0011980000000000001,0.0023758749999999162,0.0011965419999999949,0.0020413747988641262,0.0061315830000000003,201326592
16777216,measured,66,0,generated,0,0.0026784999999999999,0.0012221249999999999,0.0026752920000000513,0.0012197090000000133,0.0019426667131483555,0.0061007090000000002,201326592
16777216,measured,66,1,handwritten,0,0.0023685830000000001,0.0012227500000000001,0.002366999999999897,0.0012219159999999896,0.001902291551232338,0.0059745420000000002,201326592
16777216,measured,67,0,handwritten,0,0.002493458,0.001211459,0.0024922080000000513,0.0012094579999999966,0.0021216664463281631,0.0063230830000000002,201326592
16777216,measured,67,1,generated,0,0.0023879999999999999,0.0012852499999999999,0.0023866260000000583,0.0012838749999999899,0.0018334998749196529,0.0059679169999999997,201326592
16777216,measured,68,0,generated,0,0.0024405830000000001,0.0012026669999999999,0.0024393339999999597,0.001199958000000001,0.0021027498878538609,0.0062229169999999997,201326592
16777216,measured,68,1,handwritten,0,0.0023818340000000002,0.0012003750000000001,0.0023806249999999141,0.0011980000000000046,0.001943791750818491,0.0060280419999999999,201326592
16777216,measured,69,0,handwritten,0,0.002367292,0.001184041,0.002365791000000006,0.0011827080000000045,0.0022205417044460773,0.0062215830000000001,201326592
16777216,measured,69,1,generated,0,0.0026394999999999999,0.001237709,0.0026380830000000133,0.0012340419999999908,0.0018468331545591354,0.0061918750000000003,201326592
16777216,measured,70,0,generated,0,0.0024004159999999998,0.0012015000000000001,0.00239900000000004,0.0011987089999999923,0.0021541249006986618,0.0062608749999999999,201326592
16777216,measured,70,1,handwritten,0,0.0023873750000000002,0.0012021250000000001,0.002386083999999955,0.0011997079999999938,0.0017122500576078892,0.0057741670000000002,201326592
16777216,measured,71,0,handwritten,0,0.002689917,0.0012645,0.0026867910000000217,0.0012621250000000028,0.0021728752180933952,0.0065439169999999998,201326592
16777216,measured,71,1,generated,0,0.0023936249999999999,0.0012442919999999999,0.002392542000000053,0.0012422089999999941,0.0023618750274181366,0.0065092500000000003,201326592
16777216,measured,72,0,generated,0,0.0024122919999999999,0.001231167,0.0024108339999999728,0.0012292499999999873,0.0024062497541308403,0.006546334,201326592
16777216,measured,72,1,handwritten,0,0.0024689590000000002,0.001294917,0.0024675409999999065,0.0012907080000000015,0.0023144995793700218,0.006556625,201326592
16777216,measured,73,0,handwritten,0,0.0024706250000000002,0.0012134159999999999,0.002469208000000056,0.0012123749999999878,0.0022153747268021107,0.0063566250000000003,201326592
16777216,measured,73,1,generated,0,0.0024110830000000001,0.0011993749999999999,0.0024101679999999348,0.0011970829999999877,0.0020095002837479115,0.0061327910000000003,201326592
16777216,measured,74,0,generated,0,0.002390292,0.0013179999999999999,0.0023890830000000696,0.0013167089999999992,0.0024637496098875999,0.0066314579999999998,201326592
16777216,measured,74,1,handwritten,0,0.002422333,0.001208375,0.0024199999999999777,0.0012060829999999967,0.0021847919560968876,0.0062775829999999998,201326592
16777216,measured,75,0,handwritten,0,0.002408791,0.0012106249999999999,0.002407666000000086,0.0012084589999999951,0.0020121252164244652,0.0060892079999999996,201326592
16777216,measured,75,1,generated,0,0.002437542,0.001219417,0.0024360829999999778,0.0012175419999999881,0.0023428751155734062,0.0064956670000000001,201326592
16777216,measured,76,0,generated,0,0.0024902499999999998,0.0012112080000000001,0.0024886250000000221,0.001208624999999991,0.0019390415400266647,0.0060663749999999997,201326592
16777216,measured,76,1,handwritten,0,0.0024117919999999998,0.0012069170000000001,0.0024102080000000248,0.0012047920000000101,0.0022064168006181717,0.006313,201326592
16777216,measured,77,0,handwritten,0,0.0023796669999999998,0.001213708,0.0023787079999999516,0.0012127500000000124,0.0019708750769495964,0.0060368749999999997,201326592
16777216,measured,77,1,generated,0,0.0027643339999999998,0.0012553340000000001,0.0027605830000000386,0.0012531249999999938,0.0021767499856650829,0.0066383340000000001,201326592
16777216,measured,78,0,generated,0,0.0023926669999999998,0.0014239999999999999,0.0023915009999999626,0.001421583000000004,0.0022322498261928558,0.0065572499999999997,201326592
16777216,measured,78,1,handwritten,0,0.0024090000000000001,0.001245375,0.0024073749999999894,0.0012429999999999941,0.0020774165168404579,0.0061882500000000002,201326592
16777216,measured,79,0,handwritten,0,0.0024287079999999999,0.001327625,0.0024272079999999585,0.001323833999999996,0.0026929997839033604,0.0069283330000000001,201326592
16777216,measured,79,1,generated,0,0.0024122079999999999,0.0011785840000000001,0.0024109989999999693,0.0011777500000000052,0.00247608358040452,0.0064974170000000001,201326592
16777216,measured,80,0,generated,0,0.00242625,0.0012225409999999999,0.0024245410000000023,0.0012205829999999973,0.0019162916578352451,0.0060434579999999998,201326592
16777216,measured,80,1,handwritten,0,0.002411416,0.0013184169999999999,0.0024102080000000248,0.0013170839999999961,0.0021275831386446953,0.0062937499999999999,201326592
16777216,measured,81,0,handwritten,0,0.0024204579999999999,0.001220416,0.0024179180000000189,0.0012184580000000056,0.0022175000049173832,0.0062918749999999997,201326592
16777216,measured,81,1,generated,0,0.002426292,0.0012308340000000001,0.0024252090000000948,0.0012287089999999945,0.0022635417990386486,0.0064745840000000002,201326592
16777216,measured,82,0,generated,0,0.0024669589999999999,0.001212,0.0024652090000000237,0.0012094999999999745,0.001990125048905611,0.0061852499999999998,201326592
16777216,measured,82,1,handwritten,0,0.0025679169999999999,0.0012110840000000001,0.0025659580000000348,0.0012086669999999966,0.0020669996738433838,0.0062740840000000001,201326592
16777216,measured,83,0,handwritten,0,0.0024179169999999999,0.0012409999999999999,0.0024162920000000421,0.0012394170000000204,0.0021894997917115688,0.0063113329999999997,201326592
16777216,measured,83,1,generated,0,0.0026141670000000001,0.0012227500000000001,0.0026127919999999749,0.0012205000000000132,0.0020598331466317177,0.0063506250000000004,201326592
16777216,measured,84,0,generated,0,0.0028611660000000001,0.0013882499999999999,0.0028569589999999367,0.0013862499999999778,0.0018501249141991138,0.0065433749999999997,201326592
16777216,measured,84,1,handwritten,0,0.0027123339999999998,0.0012428750000000001,0.0027104159999999933,0.0012411250000000096,0.0017093336209654808,0.0061312500000000004,201326592
16777216,measured,85,0,handwritten,0,0.0025187920000000002,0.0013335420000000001,0.0025171680000000141,0.0013317090000000142,0.0017076670192182064,0.0060309170000000002,201326592
16777216,measured,85,1,generated,0,0.0025702910000000002,0.0013307499999999999,0.002566749999999951,0.001328916999999985,0.0023898333311080933,0.006813291,201326592
16777216,measured,86,0,generated,0,0.0025624580000000001,0.0012223749999999999,0.0025612490000000987,0.0012206249999999752,0.0016968748532235622,0.00596175,201326592
16777216,measured,86,1,handwritten,0,0.0025711250000000001,0.00127725,0.002568208999999988,0.0012760419999999773,0.0016815834678709507,0.0059901659999999999,201326592
16777216,measured,87,0,handwritten,0,0.0024664589999999998,0.001300208,0.002464542000000014,0.0012984999999999802,0.0016784169711172581,0.0058887499999999999,201326592
16777216,measured,87,1,generated,0,0.0024880420000000002,0.0012045000000000001,0.0024846250000000181,0.0012030000000000096,0.0016586664132773876,0.0058145000000000002,201326592
16777216,measured,88,0,generated,0,0.0024672919999999998,0.0012110000000000001,0.0024655819999999107,0.0012094160000000187,0.0016873748973011971,0.005837208,201326592
16777216,measured,88,1,handwritten,0,0.0024814580000000002,0.001214959,0.0024777499999999453,0.0012139999999999929,0.0016629169695079327,0.005807291,201326592
16777216,measured,89,0,handwritten,0,0.0024553750000000001,0.001188583,0.0024531669999999783,0.0011867919999999921,0.0016772500239312649,0.0057249579999999996,201326592
16777216,measured,89,1,generated,0,0.002429334,0.0012587500000000001,0.0024278750000000793,0.0012564580000000158,0.0016707498580217361,0.0058092919999999998,201326592
16777216,measured,90,0,generated,0,0.0024857080000000001,0.0012102090000000001,0.0024836240000000176,0.0012084580000000233,0.0017194999381899834,0.0058892500000000004,201326592
16777216,measured,90,1,handwritten,0,0.0030652079999999998,0.001237167,0.0030602909999999373,0.0012353330000000051,0.0023928750306367874,0.0068728749999999996,201326592
16777216,measured,91,0,handwritten,0,0.0024510000000000001,0.0011946249999999999,0.0024494170000000093,0.0011926660000000089,0.0016731247305870056,0.0057657089999999999,201326592
16777216,measured,91,1,generated,0,0.0026830000000000001,0.00143925,0.0026787919999999854,0.0014370000000000216,0.00227741664275527,0.0067542089999999997,201326592
16777216,measured,92,0,generated,0,0.002691583,0.0013106249999999999,0.0026897500000000463,0.0013085420000000236,0.0019640000537037849,0.0063805829999999996,201326592
16777216,measured,92,1,handwritten,0,0.0026335,0.0012451669999999999,0.0026259579999999838,0.0012432079999999956,0.0018191663548350334,0.0060984589999999997,201326592
16777216,measured,93,0,handwritten,0,0.0028030830000000001,0.0014263329999999999,0.0027997499999999897,0.0014242090000000096,0.0023286249488592148,0.0069397080000000002,201326592
16777216,measured,93,1,generated,0,0.0025099580000000001,0.001338,0.0025084160000000688,0.0013352919999999879,0.001673208549618721,0.0057914999999999998,201326592
16777216,measured,94,0,generated,0,0.0031866669999999998,0.00131,0.0031807090000000038,0.0013084170000000062,0.0021635000593960285,0.0068762500000000004,201326592
16777216,measured,94,1,handwritten,0,0.010159625,0.0060798329999999998,0.010146709000000032,0.006073374999999992,0.0022225831635296345,0.019090958000000002,201326592
16777216,measured,95,0,handwritten,0,0.003487792,0.0030573750000000002,0.0034726240000000352,0.0030522909999999848,0.0018484583124518394,0.0088724589999999992,201326592
16777216,measured,95,1,generated,0,0.0071242090000000003,0.0090205000000000007,0.007114874999999965,0.0089852919999999781,0.0027506253682076931,0.019522458999999999,201326592
16777216,measured,96,0,generated,0,0.0029120840000000001,0.002805292,0.0029086680000000031,0.0028017909999999979,0.00186925008893013,0.0078693340000000004,201326592
16777216,measured,96,1,handwritten,0,0.0026844159999999998,0.0013767919999999999,0.0026826249999999385,0.0013739999999999863,0.0018546250648796558,0.0064169580000000004,201326592
16777216,measured,97,0,handwritten,0,0.0025045419999999998,0.0012257500000000001,0.0025016669999999852,0.0012242920000000157,0.0018125418573617935,0.0059538339999999999,201326592
16777216,measured,97,1,generated,0,0.0024469579999999999,0.0016111249999999999,0.0024454590000000387,0.0016092500000000065,0.0018539167940616608,0.0063093749999999999,201326592
16777216,measured,98,0,generated,0,0.0027374999999999999,0.001214917,0.0027185000000000681,0.0012137500000000134,0.0018493751995265484,0.0060252919999999998,201326592
16777216,measured,98,1,handwritten,0,0.002534709,0.0012485420000000001,0.002533541000000028,0.0012461670000000202,0.0017378749325871468,0.0059779589999999997,201326592
16777216,measured,99,0,handwritten,0,0.0028179170000000001,0.0012359999999999999,0.0028136670000000752,0.0012351250000000036,0.0019239583052694798,0.0064292079999999996,201326592
16777216,measured,99,1,generated,0,0.0024546250000000002,0.0013187920000000001,0.0024524590000000179,0.0013166250000000157,0.0017113746143877506,0.0059449580000000002,201326592
