elements,phase,iteration,order,variant,pipeline_compile_seconds,h2d_api_seconds,d2h_api_seconds,h2d_copy_seconds,d2h_copy_seconds,gpu_seconds,total_seconds,runtime_owned_peak_buffer_bytes
1024,warmup,0,0,generated,0.024735584000000001,1.2500000000000001e-06,3.8340000000000001e-06,4.9999999999999998e-07,1.6670000000000001e-06,6.2501057982444763e-06,0.026805540999999999,12288
1024,warmup,0,1,handwritten,0.0028149170000000001,1.209e-06,8.7499999999999999e-07,5.0000000000000008e-07,2.4999999999999994e-07,6.3749030232429504e-06,0.003255459,12288
1024,warmup,1,0,handwritten,0,7.9100000000000003e-07,8.3300000000000001e-07,3.3400000000000011e-07,2.5000000000000015e-07,6.5001659095287323e-06,0.00047683300000000002,12288
1024,warmup,1,1,generated,0,6.2500000000000005e-07,6.2500000000000005e-07,1.6599999999999977e-07,2.0799999999999996e-07,6.2496401369571686e-06,0.00047774999999999998,12288
1024,warmup,2,0,generated,0,5.8299999999999997e-07,5.8400000000000004e-07,1.6699999999999984e-07,1.6699999999999984e-07,6.3334591686725616e-06,0.00046424999999999998,12288
1024,warmup,2,1,handwritten,0,6.2500000000000005e-07,5.4099999999999999e-07,1.6599999999999977e-07,1.2500000000000007e-07,6.3753686845302582e-06,0.0004795,12288
1024,warmup,3,0,handwritten,0,5.8400000000000004e-07,6.2500000000000005e-07,1.6699999999999984e-07,1.6699999999999984e-07,6.166752427816391e-06,0.00048650000000000001,12288
1024,warmup,3,1,generated,0,8.7499999999999999e-07,4.9999999999999998e-07,2.5000000000000015e-07,1.2500000000000007e-07,6.3749030232429504e-06,0.00047816599999999998,12288
1024,warmup,4,0,generated,0,6.2500000000000005e-07,7.0800000000000004e-07,1.6700000000000069e-07,2.0799999999999996e-07,6.3334591686725616e-06,0.00048162500000000001,12288
1024,warmup,4,1,handwritten,0,8.7499999999999999e-07,4.9999999999999998e-07,2.9099999999999942e-07,1.6699999999999984e-07,6.416812539100647e-06,0.000477042,12288
1024,warmup,5,0,handwritten,0,6.6700000000000003e-07,6.2500000000000005e-07,2.0900000000000003e-07,2.0900000000000003e-07,6.1253085732460022e-06,0.00048250000000000002,12288
1024,warmup,5,1,generated,0,9.16e-07,9.1699999999999997e-07,3.749999999999998e-07,2.9100000000000026e-07,6.1248429119586945e-06,0.00053270800000000001,12288
1024,warmup,6,0,generated,0,9.9999999999999995e-07,6.6700000000000003e-07,4.5799999999999968e-07,2.0900000000000003e-07,5.6247226893901825e-06,0.00028975000000000002,12288
1024,warmup,6,1,handwritten,0,9.5900000000000005e-07,5.4199999999999996e-07,2.9199999999999991e-07,1.2499999999999965e-07,5.6247226893901825e-06,0.00016629200000000001,12288
1024,warmup,7,0,handwritten,0,6.2500000000000005e-07,4.9999999999999998e-07,1.6599999999999977e-07,1.2499999999999965e-07,6.1253085732460022e-06,0.00049270800000000001,12288
1024,warmup,7,1,generated,0,6.2500000000000005e-07,4.58e-07,1.6700000000000026e-07,1.2499999999999965e-07,6.2501057982444763e-06,0.00048224999999999999,12288
1024,warmup,8,0,generated,0,6.2500000000000005e-07,4.9999999999999998e-07,1.6599999999999977e-07,1.6599999999999977e-07,6.2496401369571686e-06,0.00049183300000000001,12288
1024,warmup,8,1,handwritten,0,5.8299999999999997e-07,4.58e-07,1.6700000000000026e-07,1.6700000000000026e-07,6.2501057982444763e-06,0.00047408299999999998,12288
1024,warmup,9,0,handwritten,0,6.2500000000000005e-07,4.5900000000000002e-07,2.0900000000000003e-07,1.2499999999999965e-07,6.1253085732460022e-06,0.00047354100000000001,12288
1024,warmup,9,1,generated,0,6.2500000000000005e-07,4.58e-07,1.6600000000000146e-07,1.6599999999999977e-07,6.0833990573883057e-06,0.000466458,12288
1024,measured,0,0,generated,0,6.2500000000000005e-07,4.5900000000000002e-07,1.6700000000000026e-07,1.6700000000000026e-07,6.1248429119586945e-06,0.00048250000000000002,12288
1024,measured,0,1,handwritten,0,5.8299999999999997e-07,5.4199999999999996e-07,1.6700000000000026e-07,1.6599999999999977e-07,3.3958349376916885e-05,0.00054325,12288
1024,measured,1,0,handwritten,0,8.3300000000000001e-07,4.58e-07,2.0899999999999918e-07,1.2499999999999965e-07,0.00032962486147880554,0.00046604099999999999,12288
1024,measured,1,1,generated,0,6.2500000000000005e-07,5.8299999999999997e-07,1.6700000000000026e-07,1.6700000000000026e-07,6.0414895415306091e-06,0.00053162499999999998,12288
1024,measured,2,0,generated,0,8.3300000000000001e-07,6.2500000000000005e-07,2.499999999999993e-07,1.6700000000000026e-07,6.0414895415306091e-06,0.00048650000000000001,12288
1024,measured,2,1,handwritten,0,8.3300000000000001e-07,6.6700000000000003e-07,1.6700000000000026e-07,2.5000000000000015e-07,5.7085417211055756e-06,0.00029429100000000002,12288
1024,measured,3,0,handwritten,0,8.3300000000000001e-07,4.58e-07,2.499999999999993e-07,1.2499999999999965e-07,5.6247226893901825e-06,0.00027337500000000002,12288
1024,measured,3,1,generated,0,5.8299999999999997e-07,4.9999999999999998e-07,1.6700000000000026e-07,1.6599999999999977e-07,5.5418349802494049e-06,0.00028624999999999999,12288
1024,measured,4,0,generated,0,6.6700000000000003e-07,4.58e-07,2.490000000000005e-07,1.2499999999999965e-07,5.5832788348197937e-06,0.00029575000000000001,12288
1024,measured,4,1,handwritten,0,6.2500000000000005e-07,5.8400000000000004e-07,1.6600000000000146e-07,2.0800000000000038e-07,5.5413693189620972e-06,0.00031237499999999999,12288
1024,measured,5,0,handwritten,0,8.7499999999999999e-07,4.9999999999999998e-07,2.0800000000000038e-07,1.6700000000000026e-07,5.5837444961071014e-06,0.000271625,12288
1024,measured,5,1,generated,0,6.2500000000000005e-07,4.9999999999999998e-07,2.0899999999999918e-07,1.2499999999999965e-07,5.6247226893901825e-06,0.00027345800000000002,12288
1024,measured,6,0,generated,0,6.2500000000000005e-07,4.1600000000000002e-07,1.6700000000000026e-07,1.2499999999999965e-07,5.5837444961071014e-06,0.00027137500000000002,12288
1024,measured,6,1,handwritten,0,6.6700000000000003e-07,5.4199999999999996e-07,1.6700000000000026e-07,1.6700000000000026e-07,5.5003911256790161e-06,0.00027437499999999999,12288
1024,measured,7,0,handwritten,0,8.7499999999999999e-07,4.9999999999999998e-07,2.0800000000000038e-07,1.6599999999999977e-07,5.4999254643917084e-06,0.000269917,12288
1024,measured,7,1,generated,0,6.2500000000000005e-07,4.58e-07,1.6700000000000026e-07,1.6599999999999977e-07,5.6247226893901825e-06,0.000277292,12288
1024,measured,8,0,generated,0,5.8400000000000004e-07,4.1699999999999999e-07,1.6700000000000026e-07,1.250000000000005e-07,6.1248429119586945e-06,0.000472917,12288
1024,measured,8,1,handwritten,0,5.8400000000000004e-07,4.9999999999999998e-07,1.6600000000000146e-07,1.6700000000000026e-07,6.2496401369571686e-06,0.00049033400000000004,12288
1024,measured,9,0,handwritten,0,5.8299999999999997e-07,4.9999999999999998e-07,1.6700000000000026e-07,1.6599999999999977e-07,5.6247226893901825e-06,0.000297292,12288
1024,measured,9,1,generated,0,6.2500000000000005e-07,5.4099999999999999e-07,1.6600000000000146e-07,1.6700000000000026e-07,5.7085417211055756e-06,0.000288375,12288
1024,measured,10,0,generated,0,7.92e-07,5.8299999999999997e-07,1.6600000000000146e-07,1.6700000000000026e-07,5.7080760598182678e-06,0.00028408300000000002,12288
1024,measured,10,1,handwritten,0,7.92e-07,4.58e-07,2.0800000000000038e-07,1.6700000000000026e-07,5.6247226893901825e-06,0.00028037500000000003,12288
1024,measured,11,0,handwritten,0,6.2500000000000005e-07,5.4199999999999996e-07,1.6600000000000146e-07,1.6700000000000026e-07,5.6251883506774902e-06,0.00029358299999999998,12288
1024,measured,11,1,generated,0,9.5799999999999998e-07,6.2500000000000005e-07,2.0800000000000038e-07,2.0800000000000038e-07,5.6251883506774902e-06,0.00028766700000000002,12288
1024,measured,12,0,generated,0,8.3399999999999998e-07,5.4099999999999999e-07,2.5000000000000099e-07,2.0899999999999918e-07,5.6247226893901825e-06,0.000289167,12288
1024,measured,12,1,handwritten,0,8.3300000000000001e-07,4.9999999999999998e-07,2.499999999999993e-07,1.6700000000000026e-07,5.4999254643917084e-06,0.00025966599999999998,12288
1024,measured,13,0,handwritten,0,5.8299999999999997e-07,5.4199999999999996e-07,1.6700000000000026e-07,2.0800000000000038e-07,5.666632205247879e-06,0.00031908300000000001,12288
1024,measured,13,1,generated,0,8.7499999999999999e-07,4.1699999999999999e-07,2.499999999999993e-07,1.2499999999999965e-07,5.5003911256790161e-06,0.00028616699999999999,12288
1024,measured,14,0,generated,0,6.2500000000000005e-07,4.58e-07,2.0799999999999869e-07,1.6599999999999977e-07,5.5003911256790161e-06,0.00029008300000000001,12288
1024,measured,14,1,handwritten,0,5.8400000000000004e-07,5.8299999999999997e-07,1.6599999999999807e-07,2.0800000000000038e-07,5.6247226893901825e-06,0.000288375,12288
1024,measured,15,0,handwritten,0,8.3399999999999998e-07,6.2500000000000005e-07,2.0799999999999869e-07,2.0800000000000038e-07,5.4999254643917084e-06,0.00027637499999999998,12288
1024,measured,15,1,generated,0,7.92e-07,4.9999999999999998e-07,2.499999999999993e-07,1.2499999999999965e-07,5.6247226893901825e-06,0.00029745900000000003,12288
1024,measured,16,0,generated,0,5.8299999999999997e-07,4.58e-07,1.6700000000000026e-07,1.2499999999999965e-07,5.4999254643917084e-06,0.00029616700000000001,12288
1024,measured,16,1,handwritten,0,6.2500000000000005e-07,4.9999999999999998e-07,1.6700000000000026e-07,1.6599999999999977e-07,5.5413693189620972e-06,0.00028883400000000002,12288
1024,measured,17,0,handwritten,0,6.2500000000000005e-07,5.8400000000000004e-07,1.6599999999999807e-07,2.0800000000000038e-07,5.6247226893901825e-06,0.00029074999999999999,12288
1024,measured,17,1,generated,0,7.92e-07,4.9999999999999998e-07,2.499999999999993e-07,1.6700000000000026e-07,5.6247226893901825e-06,0.00028904199999999999,12288
1024,measured,18,0,generated,0,5.8400000000000004e-07,4.9999999999999998e-07,1.6599999999999807e-07,1.6700000000000026e-07,5.6251883506774902e-06,0.00028795900000000001,12288
1024,measured,18,1,handwritten,0,6.2500000000000005e-07,5.8299999999999997e-07,1.2600000000000184e-07,1.6700000000000026e-07,5.5832788348197937e-06,0.00028558300000000001,12288
1024,measured,19,0,handwritten,0,7.92e-07,4.58e-07,2.0900000000000088e-07,1.6700000000000026e-07,5.666632205247879e-06,0.00029137500000000002,12288
1024,measured,19,1,generated,0,6.2500000000000005e-07,1.2500000000000001e-06,1.6700000000000026e-07,2.499999999999993e-07,5.5832788348197937e-06,0.00028979199999999998,12288
1024,measured,20,0,generated,0,9.5799999999999998e-07,6.2500000000000005e-07,3.3300000000000172e-07,2.0899999999999918e-07,5.6247226893901825e-06,0.00026420799999999999,12288
1024,measured,20,1,handwritten,0,8.3300000000000001e-07,6.6700000000000003e-07,2.499999999999993e-07,2.9199999999999991e-07,5.6251883506774902e-06,0.00027754100000000002,12288
1024,measured,21,0,handwritten,0,8.3399999999999998e-07,4.9999999999999998e-07,2.0799999999999869e-07,1.2499999999999965e-07,5.6251883506774902e-06,0.000285834,12288
1024,measured,21,1,generated,0,6.2500000000000005e-07,4.9999999999999998e-07,1.6599999999999807e-07,1.2499999999999965e-07,5.6251883506774902e-06,0.000283042,12288
1024,measured,22,0,generated,0,5.8299999999999997e-07,4.58e-07,1.6700000000000026e-07,1.2499999999999965e-07,5.5418349802494049e-06,0.00028725000000000002,12288
1024,measured,22,1,handwritten,0,6.2500000000000005e-07,4.9999999999999998e-07,1.6700000000000026e-07,1.6700000000000026e-07,5.5832788348197937e-06,0.00028541699999999999,12288
1024,measured,23,0,handwritten,0,6.2500000000000005e-07,6.2500000000000005e-07,2.0799999999999869e-07,2.0899999999999918e-07,5.6247226893901825e-06,0.00029620800000000001,12288
1024,measured,23,1,generated,0,7.9100000000000003e-07,4.9999999999999998e-07,2.0799999999999869e-07,1.2499999999999965e-07,5.5832788348197937e-06,0.00029929099999999998,12288
1024,measured,24,0,generated,0,6.2500000000000005e-07,5.8299999999999997e-07,1.6599999999999807e-07,1.6700000000000026e-07,5.6251883506774902e-06,0.000299041,12288
1024,measured,24,1,handwritten,0,8.3399999999999998e-07,4.1699999999999999e-07,2.499999999999993e-07,1.2499999999999965e-07,5.666632205247879e-06,0.00029383399999999998,12288
1024,measured,25,0,handwritten,0,6.2500000000000005e-07,4.9999999999999998e-07,1.6700000000000026e-07,1.6700000000000026e-07,5.4999254643917084e-06,0.000292,12288
1024,measured,25,1,generated,0,5.8299999999999997e-07,4.9999999999999998e-07,1.6700000000000026e-07,1.6700000000000026e-07,5.4999254643917084e-06,0.00029133300000000001,12288
1024,measured,26,0,generated,0,6.6599999999999996e-07,4.1600000000000002e-07,2.5100000000000149e-07,1.2499999999999965e-07,5.6251883506774902e-06,0.00027341600000000001,12288
1024,measured,26,1,handwritten,0,5.8299999999999997e-07,4.9999999999999998e-07,1.6700000000000026e-07,1.2499999999999965e-07,5.6247226893901825e-06,0.00029962499999999998,12288
1024,measured,27,0,handwritten,0,6.6700000000000003e-07,4.58e-07,2.0799999999999869e-07,1.2499999999999965e-07,5.4999254643917084e-06,0.00027087500000000001,12288
1024,measured,27,1,generated,0,6.2500000000000005e-07,4.9999999999999998e-07,1.2499999999999965e-07,1.2499999999999965e-07,5.4999254643917084e-06,0.00028141700000000001,12288
1024,measured,28,0,generated,0,6.6700000000000003e-07,4.1600000000000002e-07,2.0799999999999869e-07,1.2499999999999965e-07,5.6247226893901825e-06,0.00025916699999999998,12288
1024,measured,28,1,handwritten,0,6.2500000000000005e-07,4.5900000000000002e-07,1.6700000000000026e-07,1.2499999999999965e-07,5.7080760598182678e-06,0.00027541600000000001,12288
1024,measured,29,0,handwritten,0,6.2500000000000005e-07,4.1699999999999999e-07,1.6700000000000026e-07,1.6700000000000026e-07,5.5832788348197937e-06,0.00029950000000000002,12288
1024,measured,29,1,generated,0,6.2500000000000005e-07,4.9999999999999998e-07,1.6599999999999807e-07,1.6599999999999977e-07,5.5418349802494049e-06,0.00029137500000000002,12288
1024,measured,30,0,generated,0,6.6700000000000003e-07,4.58e-07,2.0799999999999869e-07,1.6599999999999977e-07,5.5832788348197937e-06,0.000303042,12288
1024,measured,30,1,handwritten,0,6.2500000000000005e-07,5.4099999999999999e-07,1.2499999999999965e-07,1.6700000000000026e-07,5.6247226893901825e-06,0.00030208299999999997,12288
1024,measured,31,0,handwritten,0,5.8299999999999997e-07,4.9999999999999998e-07,1.6700000000000026e-07,1.6700000000000026e-07,5.4999254643917084e-06,0.00030374999999999998,12288
1024,measured,31,1,generated,0,6.2500000000000005e-07,4.9999999999999998e-07,1.6700000000000026e-07,1.6700000000000026e-07,5.666632205247879e-06,0.00029308300000000003,12288
1024,measured,32,0,generated,0,5.8400000000000004e-07,4.9999999999999998e-07,1.6599999999999807e-07,1.6600000000000146e-07,5.4999254643917084e-06,0.00029454200000000001,12288
1024,measured,32,1,handwritten,0,5.8299999999999997e-07,4.9999999999999998e-07,1.6700000000000026e-07,1.6600000000000146e-07,5.4999254643917084e-06,0.00028729200000000003,12288
1024,measured,33,0,handwritten,0,6.2500000000000005e-07,4.58e-07,1.6700000000000026e-07,1.6700000000000026e-07,5.6251883506774902e-06,0.00027987500000000001,12288
1024,measured,33,1,generated,0,6.6599999999999996e-07,5.4099999999999999e-07,1.6700000000000026e-07,1.6700000000000026e-07,5.6247226893901825e-06,0.00028741599999999997,12288
1024,measured,34,0,generated,0,6.2500000000000005e-07,4.9999999999999998e-07,1.6700000000000026e-07,1.6600000000000146e-07,5.4999254643917084e-06,0.00029425000000000002,12288
1024,measured,34,1,handwritten,0,6.2500000000000005e-07,5.4199999999999996e-07,1.6700000000000026e-07,1.6600000000000146e-07,5.666632205247879e-06,0.00030858399999999999,12288
1024,measured,35,0,handwritten,0,7.5000000000000002e-07,4.58e-07,2.499999999999993e-07,1.6700000000000026e-07,5.5418349802494049e-06,0.00029575000000000001,12288
1024,measured,35,1,generated,0,5.8299999999999997e-07,4.9999999999999998e-07,1.6700000000000026e-07,1.6700000000000026e-07,5.7085417211055756e-06,0.00028904100000000003,12288
1024,measured,36,0,generated,0,5.8299999999999997e-07,4.9999999999999998e-07,1.6700000000000026e-07,1.2499999999999965e-07,5.5418349802494049e-06,0.00028204100000000002,12288
1024,measured,36,1,handwritten,0,6.2500000000000005e-07,4.5900000000000002e-07,2.0900000000000088e-07,1.2499999999999965e-07,5.6247226893901825e-06,0.00028362500000000002,12288
1024,measured,37,0,handwritten,0,6.2500000000000005e-07,4.9999999999999998e-07,1.2499999999999965e-07,1.6600000000000146e-07,5.6247226893901825e-06,0.00029004200000000001,12288
1024,measured,37,1,generated,0,6.2500000000000005e-07,4.9999999999999998e-07,1.6699999999999688e-07,1.2499999999999965e-07,5.5832788348197937e-06,0.00030174999999999999,12288
1024,measured,38,0,generated,0,5.8299999999999997e-07,5.4199999999999996e-07,1.6700000000000026e-07,1.6600000000000146e-07,1.4998950064182281e-06,0.000231167,12288
1024,measured,38,1,handwritten,0,5.8299999999999997e-07,4.9999999999999998e-07,1.6700000000000026e-07,1.2499999999999965e-07,1.4998950064182281e-06,0.00019675000000000001,12288
1024,measured,39,0,handwritten,0,6.6700000000000003e-07,4.58e-07,1.6599999999999807e-07,1.6700000000000026e-07,1.4998950064182281e-06,0.00019616699999999999,12288
1024,measured,39,1,generated,0,6.2500000000000005e-07,5.4199999999999996e-07,1.2500000000000304e-07,1.2499999999999965e-07,1.4165416359901428e-06,0.00020758300000000001,12288
1024,measured,40,0,generated,0,5.8299999999999997e-07,4.9999999999999998e-07,1.6700000000000026e-07,1.6600000000000146e-07,1.4998950064182281e-06,0.00019512500000000001,12288
1024,measured,40,1,handwritten,0,6.2500000000000005e-07,4.9999999999999998e-07,1.6700000000000026e-07,1.6600000000000146e-07,1.4165416359901428e-06,0.000196042,12288
1024,measured,41,0,handwritten,0,5.8299999999999997e-07,4.9999999999999998e-07,1.6700000000000026e-07,1.2499999999999965e-07,1.4584511518478394e-06,0.000197875,12288
1024,measured,41,1,generated,0,5.8299999999999997e-07,4.9999999999999998e-07,1.2599999999999845e-07,1.2499999999999965e-07,1.4584511518478394e-06,0.00019954200000000001,12288
1024,measured,42,0,generated,0,5.8299999999999997e-07,4.9999999999999998e-07,1.6700000000000026e-07,1.2499999999999965e-07,1.4998950064182281e-06,0.000198667,12288
1024,measured,42,1,handwritten,0,6.2500000000000005e-07,4.58e-07,1.6700000000000026e-07,1.2499999999999965e-07,1.4998950064182281e-06,0.00019075,12288
1024,measured,43,0,handwritten,0,6.6700000000000003e-07,4.1699999999999999e-07,1.6700000000000026e-07,1.6600000000000146e-07,1.5003606677055359e-06,0.00018358400000000001,12288
1024,measured,43,1,generated,0,6.6700000000000003e-07,4.9999999999999998e-07,2.0800000000000207e-07,1.6700000000000026e-07,1.4584511518478394e-06,0.00019908299999999999,12288
1024,measured,44,0,generated,0,6.2500000000000005e-07,4.1699999999999999e-07,1.6700000000000026e-07,1.2499999999999965e-07,1.4998950064182281e-06,0.00017862499999999999,12288
1024,measured,44,1,handwritten,0,6.2500000000000005e-07,5.4199999999999996e-07,2.0900000000000427e-07,2.0799999999999869e-07,1.4579854905605316e-06,0.00019991599999999999,12288
1024,measured,45,0,handwritten,0,8.3399999999999998e-07,4.9999999999999998e-07,2.5000000000000608e-07,1.2499999999999965e-07,1.4165416359901428e-06,0.00019612500000000001,12288
1024,measured,45,1,generated,0,6.2500000000000005e-07,4.9999999999999998e-07,1.6599999999999807e-07,1.2499999999999965e-07,1.4165416359901428e-06,0.000188791,12288
1024,measured,46,0,generated,0,5.8299999999999997e-07,4.1699999999999999e-07,1.6700000000000026e-07,1.6700000000000026e-07,1.4579854905605316e-06,0.0001805,12288
1024,measured,46,1,handwritten,0,5.8299999999999997e-07,4.9999999999999998e-07,1.6700000000000026e-07,1.2499999999999965e-07,1.4165416359901428e-06,0.00018491699999999999,12288
1024,measured,47,0,handwritten,0,6.2500000000000005e-07,4.1600000000000002e-07,1.6700000000000026e-07,1.2499999999999965e-07,1.4998950064182281e-06,0.000198708,12288
1024,measured,47,1,generated,0,6.6599999999999996e-07,4.58e-07,2.0800000000000207e-07,1.2499999999999965e-07,1.4998950064182281e-06,0.000190958,12288
1024,measured,48,0,generated,0,6.6599999999999996e-07,4.1600000000000002e-07,1.6599999999999807e-07,1.2499999999999965e-07,1.4165416359901428e-06,0.000203208,12288
1024,measured,48,1,handwritten,0,6.6599999999999996e-07,4.5900000000000002e-07,2.0900000000000427e-07,1.6700000000000026e-07,1.4579854905605316e-06,0.000193375,12288
1024,measured,49,0,handwritten,0,6.2500000000000005e-07,5.4199999999999996e-07,1.6700000000000026e-07,1.2499999999999965e-07,1.5003606677055359e-06,0.000201917,12288
1024,measured,49,1,generated,0,6.2500000000000005e-07,4.9999999999999998e-07,1.6700000000000026e-07,1.6600000000000146e-07,1.4998950064182281e-06,0.00020862499999999999,12288
1024,measured,50,0,generated,0,5.8299999999999997e-07,4.1699999999999999e-07,1.6700000000000026e-07,1.2499999999999965e-07,1.4165416359901428e-06,0.00019162500000000001,12288
1024,measured,50,1,handwritten,0,5.8400000000000004e-07,4.58e-07,1.6599999999999807e-07,1.6700000000000026e-07,1.4165416359901428e-06,0.00019962499999999999,12288
1024,measured,51,0,handwritten,0,6.2500000000000005e-07,6.2500000000000005e-07,1.6700000000000026e-07,1.6700000000000026e-07,1.4165416359901428e-06,0.00019929100000000001,12288
1024,measured,51,1,generated,0,7.92e-07,4.9999999999999998e-07,2.0900000000000427e-07,1.2499999999999965e-07,1.3746321201324463e-06,0.000188875,12288
1024,measured,52,0,generated,0,6.2500000000000005e-07,8.7499999999999999e-07,1.6599999999999807e-07,2.499999999999993e-07,1.4998950064182281e-06,0.00018620799999999999,12288
1024,measured,52,1,handwritten,0,8.3300000000000001e-07,5.8299999999999997e-07,2.0900000000000427e-07,1.6700000000000026e-07,1.5418045222759247e-06,0.000178083,12288
1024,measured,53,0,handwritten,0,7.5000000000000002e-07,1.2500000000000001e-06,2.5000000000000608e-07,2.9199999999999991e-07,1.4998950064182281e-06,0.00020512500000000001,12288
1024,measured,53,1,generated,0,8.7499999999999999e-07,5.4099999999999999e-07,2.5000000000000608e-07,2.0900000000000088e-07,1.5832483768463135e-06,0.00019241700000000001,12288
1024,measured,54,0,generated,0,7.92e-07,5.8299999999999997e-07,2.0800000000000207e-07,2.0799999999999869e-07,1.4998950064182281e-06,0.000190125,12288
1024,measured,54,1,handwritten,0,1.083e-06,5.8299999999999997e-07,4.5900000000000357e-07,1.6700000000000026e-07,1.4998950064182281e-06,0.00018295799999999999,12288
1024,measured,55,0,handwritten,0,7.9100000000000003e-07,4.9999999999999998e-07,2.5000000000000608e-07,1.2499999999999965e-07,1.4170072972774506e-06,0.000183666,12288
1024,measured,55,1,generated,0,5.8299999999999997e-07,4.5900000000000002e-07,1.6700000000000026e-07,1.2499999999999965e-07,1.5003606677055359e-06,0.000156291,12288
1024,measured,56,0,generated,0,5.8299999999999997e-07,5.4199999999999996e-07,1.6700000000000026e-07,1.6600000000000146e-07,1.4998950064182281e-06,0.00018325000000000001,12288
1024,measured,56,1,handwritten,0,5.8299999999999997e-07,4.9999999999999998e-07,1.2599999999999845e-07,1.6600000000000146e-07,1.4170072972774506e-06,0.00019775000000000001,12288
1024,measured,57,0,handwritten,0,5.8299999999999997e-07,5.4199999999999996e-07,1.6599999999999807e-07,1.6700000000000026e-07,1.4165416359901428e-06,0.00019612500000000001,12288
1024,measured,57,1,generated,0,6.2500000000000005e-07,5.8400000000000004e-07,1.6700000000000026e-07,1.2499999999999965e-07,1.4998950064182281e-06,0.00019708400000000001,12288
1024,measured,58,0,generated,0,5.8299999999999997e-07,6.6599999999999996e-07,1.6700000000000026e-07,1.6700000000000026e-07,1.4165416359901428e-06,0.00019233299999999999,12288
1024,measured,58,1,handwritten,0,7.5000000000000002e-07,4.9999999999999998e-07,2.5000000000000608e-07,1.2499999999999965e-07,1.4584511518478394e-06,0.00020333300000000001,12288
1024,measured,59,0,handwritten,0,8.3300000000000001e-07,6.2500000000000005e-07,2.920000000000033e-07,1.2499999999999965e-07,1.4998950064182281e-06,0.00022837500000000001,12288
1024,measured,59,1,generated,0,7.5000000000000002e-07,4.58e-07,2.5000000000000608e-07,1.6600000000000146e-07,1.3746321201324463e-06,0.00016512499999999999,12288
1024,measured,60,0,generated,0,5.8400000000000004e-07,5.8299999999999997e-07,1.6599999999999807e-07,2.0900000000000088e-07,1.4998950064182281e-06,0.00018241700000000001,12288
1024,measured,60,1,handwritten,0,7.92e-07,4.58e-07,2.5000000000000608e-07,1.2499999999999965e-07,1.4584511518478394e-06,0.000186792,12288
1024,measured,61,0,handwritten,0,5.8299999999999997e-07,4.1699999999999999e-07,1.6700000000000026e-07,1.6600000000000146e-07,1.4165416359901428e-06,0.00019187499999999999,12288
1024,measured,61,1,generated,0,6.6700000000000003e-07,4.9999999999999998e-07,2.4899999999999711e-07,1.2499999999999965e-07,1.4998950064182281e-06,0.000196584,12288
1024,measured,62,0,generated,0,5.8400000000000004e-07,4.5900000000000002e-07,1.6599999999999807e-07,1.2499999999999965e-07,1.4998950064182281e-06,0.00019699999999999999,12288
1024,measured,62,1,handwritten,0,5.8299999999999997e-07,5.4099999999999999e-07,1.6700000000000026e-07,1.6700000000000026e-07,1.4998950064182281e-06,0.00020395799999999999,12288
1024,measured,63,0,handwritten,0,7.9100000000000003e-07,4.5900000000000002e-07,2.0800000000000207e-07,1.6700000000000026e-07,1.4165416359901428e-06,0.00021187499999999999,12288
1024,measured,63,1,generated,0,6.2500000000000005e-07,5.4099999999999999e-07,1.6700000000000026e-07,8.2999999999999036e-08,1.4998950064182281e-06,0.00018425000000000001,12288
1024,measured,64,0,generated,0,6.2500000000000005e-07,4.58e-07,1.2400000000000085e-07,1.2499999999999965e-07,1.4584511518478394e-06,0.00019579100000000001,12288
1024,measured,64,1,handwritten,0,5.8299999999999997e-07,5.8299999999999997e-07,1.6700000000000026e-07,2.0900000000000088e-07,1.4998950064182281e-06,0.00019637499999999999,12288
1024,measured,65,0,handwritten,0,8.3300000000000001e-07,4.9999999999999998e-07,1.6800000000000246e-07,1.2499999999999965e-07,1.4998950064182281e-06,0.00020374999999999999,12288
1024,measured,65,1,generated,0,6.2500000000000005e-07,4.1699999999999999e-07,1.6700000000000026e-07,1.2499999999999965e-07,1.4998950064182281e-06,0.00025933299999999999,12288
1024,measured,66,0,generated,0,6.2500000000000005e-07,4.9999999999999998e-07,1.6700000000000026e-07,1.6700000000000026e-07,1.5832483768463135e-06,0.000105958,12288
1024,measured,66,1,handwritten,0,6.2500000000000005e-07,4.58e-07,1.6700000000000026e-07,1.6700000000000026e-07,1.4584511518478394e-06,0.00019129100000000001,12288
1024,measured,67,0,handwritten,0,5.8299999999999997e-07,4.58e-07,1.2599999999999845e-07,1.2499999999999965e-07,1.4998950064182281e-06,0.00017525,12288
1024,measured,67,1,generated,0,5.8400000000000004e-07,5.8299999999999997e-07,1.2400000000000085e-07,2.0900000000000088e-07,1.4998950064182281e-06,0.00018141699999999999,12288
1024,measured,68,0,generated,0,8.3300000000000001e-07,4.9999999999999998e-07,2.0800000000000207e-07,1.2499999999999965e-07,1.4165416359901428e-06,0.00015379200000000001,12288
1024,measured,68,1,handwritten,0,5.8299999999999997e-07,4.58e-07,1.6700000000000026e-07,1.6600000000000146e-07,1.4584511518478394e-06,0.00018487500000000001,12288
1024,measured,69,0,handwritten,0,5.8299999999999997e-07,5.4199999999999996e-07,1.6700000000000026e-07,1.6600000000000146e-07,1.4579854905605316e-06,0.00017987499999999999,12288
1024,measured,69,1,generated,0,7.9100000000000003e-07,5.4099999999999999e-07,2.0800000000000207e-07,1.6700000000000026e-07,1.4165416359901428e-06,0.00016554100000000001,12288
1024,measured,70,0,generated,0,8.3300000000000001e-07,5.8299999999999997e-07,1.6599999999999807e-07,1.6700000000000026e-07,1.4998950064182281e-06,0.0001785,12288
1024,measured,70,1,handwritten,0,7.5000000000000002e-07,4.58e-07,2.5000000000000608e-07,1.2499999999999965e-07,1.4165416359901428e-06,0.00017149999999999999,12288
1024,measured,71,0,handwritten,0,6.2500000000000005e-07,4.1699999999999999e-07,1.6700000000000026e-07,1.6700000000000026e-07,1.4165416359901428e-06,0.00019141699999999999,12288
1024,measured,71,1,generated,0,6.2500000000000005e-07,5.8299999999999997e-07,1.6700000000000026e-07,1.6700000000000026e-07,1.4165416359901428e-06,0.00020149999999999999,12288
1024,measured,72,0,generated,0,8.7499999999999999e-07,5.4199999999999996e-07,2.920000000000033e-07,2.0799999999999869e-07,1.4998950064182281e-06,0.00018133400000000001,12288
1024,measured,72,1,handwritten,0,5.8299999999999997e-07,5.4199999999999996e-07,1.6700000000000026e-07,1.2499999999999965e-07,1.4998950064182281e-06,0.00017754199999999999,12288
1024,measured,73,0,handwritten,0,6.2500000000000005e-07,5.4199999999999996e-07,2.0800000000000207e-07,1.2499999999999965e-07,1.4165416359901428e-06,0.00019149999999999999,12288
1024,measured,73,1,generated,0,6.2500000000000005e-07,4.9999999999999998e-07,1.6700000000000026e-07,1.6600000000000146e-07,1.5003606677055359e-06,0.00019566700000000001,12288
1024,measured,74,0,generated,0,5.8299999999999997e-07,4.9999999999999998e-07,1.6700000000000026e-07,1.2499999999999965e-07,1.4165416359901428e-06,0.000198333,12288
1024,measured,74,1,handwritten,0,5.8299999999999997e-07,5.4199999999999996e-07,1.6700000000000026e-07,1.6600000000000146e-07,1.5003606677055359e-06,0.000196625,12288
1024,measured,75,0,handwritten,0,8.3300000000000001e-07,4.9999999999999998e-07,2.9100000000000111e-07,1.2499999999999965e-07,1.4998950064182281e-06,0.00019904100000000001,12288
1024,measured,75,1,generated,0,6.2500000000000005e-07,4.9999999999999998e-07,8.2999999999999036e-08,1.6700000000000026e-07,1.5003606677055359e-06,0.00020537499999999999,12288
1024,measured,76,0,generated,0,5.8299999999999997e-07,6.2500000000000005e-07,1.2599999999999845e-07,1.6700000000000026e-07,1.4165416359901428e-06,0.00019595800000000001,12288
1024,measured,76,1,handwritten,0,7.9100000000000003e-07,5.4199999999999996e-07,2.5000000000000608e-07,1.6700000000000026e-07,1.4998950064182281e-06,0.000196708,12288
1024,measured,77,0,handwritten,0,8.7499999999999999e-07,1.0410000000000001e-06,2.9100000000000111e-07,3.3299999999999834e-07,1.4998950064182281e-06,0.000193666,12288
1024,measured,77,1,generated,0,7.5000000000000002e-07,4.9999999999999998e-07,1.6700000000000026e-07,1.2499999999999965e-07,1.4998950064182281e-06,0.00016404200000000001,12288
1024,measured,78,0,generated,0,5.8299999999999997e-07,4.9999999999999998e-07,1.6700000000000026e-07,1.2499999999999965e-07,1.5003606677055359e-06,0.00017145800000000001,12288
1024,measured,78,1,handwritten,0,7.92e-07,7.5000000000000002e-07,2.4899999999999711e-07,2.0799999999999869e-07,1.4998950064182281e-06,0.0001805,12288
1024,measured,79,0,handwritten,0,8.3399999999999998e-07,6.2500000000000005e-07,2.5000000000000608e-07,2.499999999999993e-07,1.4998950064182281e-06,0.000176584,12288
1024,measured,79,1,generated,0,8.3300000000000001e-07,4.9999999999999998e-07,2.0900000000000427e-07,1.6699999999999688e-07,1.4998950064182281e-06,0.000165,12288
1024,measured,80,0,generated,0,6.2500000000000005e-07,4.1699999999999999e-07,1.6599999999999807e-07,1.2500000000000304e-07,1.4998950064182281e-06,0.000194625,12288
1024,measured,80,1,handwritten,0,6.2500000000000005e-07,4.9999999999999998e-07,1.6599999999999807e-07,1.2500000000000304e-07,1.5003606677055359e-06,0.00019966600000000001,12288
1024,measured,81,0,handwritten,0,5.8299999999999997e-07,4.9999999999999998e-07,1.6700000000000026e-07,1.2500000000000304e-07,1.4998950064182281e-06,0.00020662499999999999,12288
1024,measured,81,1,generated,0,6.2500000000000005e-07,4.1600000000000002e-07,1.6700000000000026e-07,1.2500000000000304e-07,1.4170072972774506e-06,0.00017683299999999999,12288
1024,measured,82,0,generated,0,6.2500000000000005e-07,4.5900000000000002e-07,1.6700000000000026e-07,1.2500000000000304e-07,1.4584511518478394e-06,0.00018270800000000001,12288
1024,measured,82,1,handwritten,0,6.2500000000000005e-07,6.6700000000000003e-07,1.2400000000000085e-07,1.6700000000000026e-07,1.4170072972774506e-06,0.00019308300000000001,12288
1024,measured,83,0,handwritten,0,8.3300000000000001e-07,4.58e-07,2.0900000000000427e-07,1.2500000000000304e-07,1.5003606677055359e-06,0.00016729099999999999,12288
1024,measured,83,1,generated,0,5.8400000000000004e-07,6.2500000000000005e-07,1.6599999999999807e-07,1.6700000000000026e-07,1.4998950064182281e-06,0.000177875,12288
1024,measured,84,0,generated,0,7.5000000000000002e-07,4.9999999999999998e-07,2.5000000000000608e-07,1.6700000000000026e-07,1.4165416359901428e-06,0.00017666700000000001,12288
1024,measured,84,1,handwritten,0,5.8299999999999997e-07,5.4199999999999996e-07,1.6700000000000026e-07,1.6599999999999807e-07,1.4584511518478394e-06,0.00017766700000000001,12288
1024,measured,85,0,handwritten,0,5.8400000000000004e-07,4.9999999999999998e-07,1.6599999999999807e-07,1.2500000000000304e-07,1.4165416359901428e-06,0.00018616699999999999,12288
1024,measured,85,1,generated,0,6.2500000000000005e-07,4.9999999999999998e-07,1.2400000000000085e-07,1.2500000000000304e-07,1.4584511518478394e-06,0.00019512500000000001,12288
1024,measured,86,0,generated,0,6.2500000000000005e-07,4.9999999999999998e-07,2.0800000000000207e-07,1.6700000000000026e-07,1.4998950064182281e-06,0.000214417,12288
1024,measured,86,1,handwritten,0,5.8299999999999997e-07,4.9999999999999998e-07,1.6700000000000026e-07,1.2500000000000304e-07,1.4165416359901428e-06,0.000186541,12288
1024,measured,87,0,handwritten,0,5.8299999999999997e-07,4.58e-07,1.6700000000000026e-07,1.2500000000000304e-07,1.4998950064182281e-06,0.00019579100000000001,12288
1024,measured,87,1,generated,0,6.6700000000000003e-07,5.8299999999999997e-07,1.6700000000000026e-07,1.6700000000000026e-07,1.4165416359901428e-06,0.00020037500000000001,12288
1024,measured,88,0,generated,0,7.92e-07,5.4099999999999999e-07,2.0900000000000427e-07,1.6700000000000026e-07,1.4998950064182281e-06,0.00018604200000000001,12288
1024,measured,88,1,handwritten,0,7.92e-07,6.2500000000000005e-07,2.0800000000000207e-07,2.0899999999999749e-07,1.4998950064182281e-06,0.00018374999999999999,12288
1024,measured,89,0,handwritten,0,8.3300000000000001e-07,4.1600000000000002e-07,2.0800000000000207e-07,1.2500000000000304e-07,1.4165416359901428e-06,0.00017799999999999999,12288
1024,measured,89,1,generated,0,5.8299999999999997e-07,4.1699999999999999e-07,1.6700000000000026e-07,1.2500000000000304e-07,1.4584511518478394e-06,0.00020037500000000001,12288
1024,measured,90,0,generated,0,5.8400000000000004e-07,4.58e-07,1.6600000000001162e-07,1.2500000000000304e-07,1.4998950064182281e-06,0.00019762499999999999,12288
1024,measured,90,1,handwritten,0,5.8299999999999997e-07,4.58e-07,1.6700000000000026e-07,1.6700000000000026e-07,2.2919848561286926e-06,0.00019808299999999999,12288
1024,measured,91,0,handwritten,0,5.8299999999999997e-07,5.8299999999999997e-07,1.6700000000000026e-07,2.0899999999999749e-07,1.4998950064182281e-06,0.000201375,12288
1024,measured,91,1,generated,0,7.5000000000000002e-07,5.4099999999999999e-07,2.5000000000000608e-07,1.6700000000000026e-07,1.4165416359901428e-06,0.00020149999999999999,12288
1024,measured,92,0,generated,0,7.5000000000000002e-07,4.58e-07,2.0899999999999749e-07,1.2500000000000304e-07,1.4579854905605316e-06,0.000199333,12288
1024,measured,92,1,handwritten,0,5.8299999999999997e-07,4.9999999999999998e-07,1.6700000000000026e-07,1.2500000000000304e-07,1.5003606677055359e-06,0.000199292,12288
1024,measured,93,0,handwritten,0,6.2500000000000005e-07,5.8299999999999997e-07,1.2400000000000085e-07,2.0800000000000207e-07,1.4998950064182281e-06,0.00019358400000000001,12288
1024,measured,93,1,generated,0,7.9100000000000003e-07,4.9999999999999998e-07,2.0899999999999749e-07,1.2500000000000304e-07,1.4998950064182281e-06,0.000191125,12288
1024,measured,94,0,generated,0,5.8299999999999997e-07,5.8400000000000004e-07,1.6700000000000026e-07,1.6599999999999807e-07,1.4584511518478394e-06,0.00018054200000000001,12288
1024,measured,94,1,handwritten,0,7.5000000000000002e-07,5.8400000000000004e-07,2.5000000000000608e-07,1.2500000000000304e-07,1.4584511518478394e-06,0.00018070900000000001,12288
1024,measured,95,0,handwritten,0,7.9100000000000003e-07,5.4099999999999999e-07,1.6600000000001162e-07,1.2500000000000304e-07,1.4584511518478394e-06,0.00019966600000000001,12288
1024,measured,95,1,generated,0,8.3399999999999998e-07,4.1699999999999999e-07,1.6700000000000026e-07,1.2500000000000304e-07,1.4584511518478394e-06,0.00020141700000000001,12288
1024,measured,96,0,generated,0,5.8400000000000004e-07,5.8400000000000004e-07,1.6600000000001162e-07,1.6599999999999807e-07,1.4165416359901428e-06,0.000211709,12288
1024,measured,96,1,handwritten,0,8.7499999999999999e-07,4.58e-07,2.0899999999999749e-07,1.2500000000000304e-07,1.5413388609886169e-06,0.00018920800000000001,12288
1024,measured,97,0,handwritten,0,5.8299999999999997e-07,4.9999999999999998e-07,1.6700000000000026e-07,1.6599999999999807e-07,1.4998950064182281e-06,0.00019408300000000001,12288
1024,measured,97,1,generated,0,5.8400000000000004e-07,5.4099999999999999e-07,1.6600000000001162e-07,1.2500000000000304e-07,1.4998950064182281e-06,0.0001975,12288
1024,measured,98,0,generated,0,8.3300000000000001e-07,5.4099999999999999e-07,2.5000000000000608e-07,1.2500000000000304e-07,1.4998950064182281e-06,0.000178958,12288
1024,measured,98,1,handwritten,0,6.2500000000000005e-07,5.8299999999999997e-07,2.0800000000000885e-07,2.0800000000000207e-07,1.4165416359901428e-06,0.00018175,12288
1024,measured,99,0,handwritten,0,7.5000000000000002e-07,4.9999999999999998e-07,2.5000000000000608e-07,1.2500000000000304e-07,1.4584511518478394e-06,0.000177209,12288
1024,measured,99,1,generated,0,7.92e-07,5.4099999999999999e-07,2.5000000000000608e-07,1.6700000000000026e-07,1.4998950064182281e-06,0.00018100000000000001,12288
65536,warmup,0,0,generated,0,3.4332999999999998e-05,6.3749999999999999e-06,3.3667000000000001e-05,5.8750000000000005e-06,4.4167973101139069e-06,0.00022658300000000001,786432
65536,warmup,0,1,handwritten,0,7.3329999999999999e-06,5.5419999999999996e-06,6.7090000000000064e-06,5.0829999999999986e-06,4.4167973101139069e-06,0.00016533300000000001,786432
65536,warmup,1,0,handwritten,0,8.4589999999999998e-06,3.8750000000000002e-06,7.8749999999999881e-06,3.499999999999997e-06,4.3748877942562103e-06,0.00017133400000000001,786432
65536,warmup,1,1,generated,0,6.9160000000000004e-06,4.0409999999999999e-06,6.1670000000000106e-06,3.6669999999999972e-06,4.3753534555435181e-06,0.00017795800000000001,786432
65536,warmup,2,0,generated,0,7.542e-06,5.0000000000000004e-06,6.9590000000000125e-06,4.5419999999999982e-06,4.3748877942562103e-06,0.000176167,786432
65536,warmup,2,1,handwritten,0,7.1659999999999997e-06,3.9580000000000001e-06,6.5409999999999904e-06,3.5830000000000028e-06,4.3748877942562103e-06,0.000146625,786432
65536,warmup,3,0,handwritten,0,7.3329999999999999e-06,3.9580000000000001e-06,6.7500000000000014e-06,3.6250000000000068e-06,4.3748877942562103e-06,0.00014100000000000001,786432
65536,warmup,3,1,generated,0,7.2089999999999999e-06,4.0419999999999996e-06,6.6669999999999956e-06,3.6249999999999932e-06,4.3748877942562103e-06,0.000172917,786432
65536,warmup,4,0,generated,0,7.3339999999999996e-06,3.9999999999999998e-06,6.7500000000000285e-06,3.6249999999999932e-06,4.3748877942562103e-06,0.000174375,786432
65536,warmup,4,1,handwritten,0,6.8340000000000001e-06,3.9589999999999997e-06,6.332999999999968e-06,3.582999999999996e-06,4.3748877942562103e-06,0.00014062499999999999,786432
65536,warmup,5,0,handwritten,0,6.8340000000000001e-06,3.9580000000000001e-06,6.2080000000000056e-06,3.5409999999999988e-06,4.3748877942562103e-06,0.00015358400000000001,786432
65536,warmup,5,1,generated,0,6.8750000000000002e-06,4.8330000000000001e-06,6.291999999999973e-06,4.3749999999999979e-06,4.3748877942562103e-06,0.000177083,786432
65536,warmup,6,0,generated,0,7.041e-06,5.0000000000000004e-06,6.2089999999999671e-06,4.5839999999999954e-06,4.3753534555435181e-06,0.000156083,786432
65536,warmup,6,1,handwritten,0,7.5000000000000002e-06,5.0409999999999997e-06,6.7919999999999851e-06,4.625000000000004e-06,4.3748877942562103e-06,0.00016799999999999999,786432
65536,warmup,7,0,handwritten,0,7.9580000000000007e-06,3.8750000000000002e-06,7.3750000000000031e-06,3.5000000000000038e-06,4.291534423828125e-06,0.00016349999999999999,786432
65536,warmup,7,1,generated,0,6.917e-06,5.1250000000000001e-06,6.2909999999999572e-06,4.6670000000000012e-06,4.3753534555435181e-06,0.00017550000000000001,786432
65536,warmup,8,0,generated,0,7.0419999999999997e-06,5.1250000000000001e-06,6.2499999999999622e-06,4.7079999999999963e-06,4.4163316488265991e-06,0.000164208,786432
65536,warmup,8,1,handwritten,0,7.1250000000000004e-06,3.7919999999999999e-06,6.4579999999999846e-06,3.5000000000000038e-06,4.3753534555435181e-06,0.000161667,786432
65536,warmup,9,0,handwritten,0,6.917e-06,3.8750000000000002e-06,6.2500000000000164e-06,3.5000000000000038e-06,4.3748877942562103e-06,0.000139834,786432
65536,warmup,9,1,generated,0,6.9580000000000001e-06,3.7910000000000002e-06,6.1259999999999613e-06,3.4580000000000065e-06,4.4167973101139069e-06,0.000157708,786432
65536,measured,0,0,generated,0,6.917e-06,4.7500000000000003e-06,6.3339999999999837e-06,4.3330000000000007e-06,4.4582411646842957e-06,0.000175458,786432
65536,measured,0,1,handwritten,0,7.3329999999999999e-06,3.7919999999999999e-06,6.625000000000012e-06,3.4160000000000093e-06,4.3748877942562103e-06,0.00015775000000000001,786432
65536,measured,1,0,handwritten,0,7.3749999999999997e-06,4.8339999999999998e-06,6.5420000000000061e-06,4.4169999999999951e-06,4.3748877942562103e-06,0.00015329100000000001,786432
65536,measured,1,1,generated,0,7.2080000000000003e-06,3.8330000000000004e-06,6.3749999999999788e-06,3.4169999999999979e-06,4.3753534555435181e-06,0.000150791,786432
65536,measured,2,0,generated,0,6.7920000000000004e-06,3.7910000000000002e-06,5.9579999999999182e-06,3.3749999999999872e-06,4.3753534555435181e-06,0.00016000000000000001,786432
65536,measured,2,1,handwritten,0,6.8340000000000001e-06,3.8330000000000004e-06,6.040999999999924e-06,3.4590000000000087e-06,4.4163316488265991e-06,0.00014075000000000001,786432
65536,measured,3,0,handwritten,0,6.7909999999999999e-06,4.8339999999999998e-06,5.999999999999929e-06,4.3750000000000115e-06,4.3753534555435181e-06,0.00015525000000000001,786432
65536,measured,3,1,generated,0,7.0419999999999997e-06,3.8340000000000001e-06,6.1669999999999564e-06,3.457999999999993e-06,4.3748877942562103e-06,0.00015891700000000001,786432
65536,measured,4,0,generated,0,6.8329999999999996e-06,3.7910000000000002e-06,5.9989999999999133e-06,3.3749999999999872e-06,4.4582411646842957e-06,0.00017729099999999999,786432
65536,measured,4,1,handwritten,0,6.8750000000000002e-06,4.9590000000000003e-06,6.0419999999999398e-06,4.540999999999996e-06,4.3753534555435181e-06,0.00013891700000000001,786432
65536,measured,5,0,handwritten,0,7.2919999999999998e-06,5.2499999999999997e-06,6.5420000000000061e-06,4.750000000000007e-06,4.3748877942562103e-06,0.000150333,786432
65536,measured,5,1,generated,0,7.542e-06,5.1669999999999998e-06,6.8750000000000451e-06,4.709000000000012e-06,4.3753534555435181e-06,0.00017625,786432
65536,measured,6,0,generated,0,9.0420000000000008e-06,4.792e-06,8.3750000000000274e-06,4.4160000000000065e-06,4.291534423828125e-06,0.00017708399999999999,786432
65536,measured,6,1,handwritten,0,7.1659999999999997e-06,3.8340000000000001e-06,6.3339999999999837e-06,3.457999999999993e-06,4.4582411646842957e-06,0.00014899999999999999,786432
65536,measured,7,0,handwritten,0,6.8750000000000002e-06,5.0420000000000002e-06,6.2499999999999622e-06,4.5830000000000068e-06,4.3753534555435181e-06,0.0001395,786432
65536,measured,7,1,generated,0,6.9999999999999999e-06,5.1250000000000001e-06,6.1249999999999456e-06,4.6249999999999904e-06,4.3753534555435181e-06,0.000155208,786432
65536,measured,8,0,generated,0,7.5410000000000003e-06,5.2079999999999999e-06,6.9170000000000559e-06,4.6660000000000126e-06,4.3753534555435181e-06,0.00017395799999999999,786432
65536,measured,8,1,handwritten,0,6.9580000000000001e-06,3.9999999999999998e-06,6.2499999999999622e-06,3.6249999999999932e-06,4.3748877942562103e-06,0.000149541,786432
65536,measured,9,0,handwritten,0,6.9160000000000004e-06,3.9169999999999999e-06,6.2499999999999622e-06,3.5419999999999874e-06,4.3753534555435181e-06,0.000149541,786432
65536,measured,9,1,generated,0,6.8750000000000002e-06,3.8750000000000002e-06,6.2499999999999622e-06,3.5000000000000038e-06,4.3334439396858215e-06,0.00017758300000000001,786432
65536,measured,10,0,generated,0,6.8329999999999996e-06,4.0419999999999996e-06,6.2079999999999514e-06,3.6249999999999932e-06,4.3748877942562103e-06,0.00016100000000000001,786432
65536,measured,10,1,handwritten,0,6.9160000000000004e-06,4.0409999999999999e-06,6.3339999999999837e-06,3.667000000000004e-06,4.3748877942562103e-06,0.000153583,786432
65536,measured,11,0,handwritten,0,6.9580000000000001e-06,3.9999999999999998e-06,6.3749999999999788e-06,3.6249999999999932e-06,4.3753534555435181e-06,0.000146,786432
65536,measured,11,1,generated,0,6.9580000000000001e-06,3.9169999999999999e-06,6.3749999999999788e-06,3.5409999999999988e-06,4.3748877942562103e-06,0.00015425000000000001,786432
65536,measured,12,0,generated,0,6.8750000000000002e-06,3.7919999999999999e-06,6.291999999999973e-06,3.457999999999993e-06,4.3748877942562103e-06,0.000164167,786432
65536,measured,12,1,handwritten,0,6.9999999999999999e-06,3.8750000000000002e-06,6.4169999999999896e-06,3.5000000000000038e-06,4.3753534555435181e-06,0.00014945799999999999,786432
65536,measured,13,0,handwritten,0,6.8750000000000002e-06,3.9169999999999999e-06,6.1669999999999564e-06,3.5419999999999874e-06,4.4163316488265991e-06,0.00015108299999999999,786432
65536,measured,13,1,generated,0,6.8750000000000002e-06,3.9160000000000003e-06,6.332999999999968e-06,3.5419999999999874e-06,4.3748877942562103e-06,0.00017075,786432
65536,measured,14,0,generated,0,6.917e-06,3.8750000000000002e-06,6.291999999999973e-06,3.5409999999999988e-06,4.3329782783985138e-06,0.000170917,786432
65536,measured,14,1,handwritten,0,6.9589999999999998e-06,3.9169999999999999e-06,6.4159999999999738e-06,3.5830000000000096e-06,4.3748877942562103e-06,0.00020779199999999999,786432
65536,measured,15,0,handwritten,0,6.8750000000000002e-06,3.7919999999999999e-06,6.2489999999999464e-06,3.457999999999993e-06,4.3748877942562103e-06,0.00016520799999999999,786432
65536,measured,15,1,generated,0,6.8750000000000002e-06,3.9589999999999997e-06,6.3749999999999788e-06,3.5419999999999874e-06,4.4582411646842957e-06,0.00015574999999999999,786432
65536,measured,16,0,generated,0,6.8750000000000002e-06,3.8750000000000002e-06,6.2079999999999514e-06,3.5000000000000038e-06,4.3748877942562103e-06,0.00016266699999999999,786432
65536,measured,16,1,handwritten,0,6.917e-06,3.9580000000000001e-06,6.2909999999999572e-06,3.5839999999999982e-06,4.4587068259716034e-06,0.0001485,786432
65536,measured,17,0,handwritten,0,6.8340000000000001e-06,3.9589999999999997e-06,6.2080000000001682e-06,3.5410000000000259e-06,4.3334439396858215e-06,0.00014908400000000001,786432
65536,measured,17,1,generated,0,6.8750000000000002e-06,3.9580000000000001e-06,6.250000000000179e-06,3.5829999999999825e-06,4.4582411646842957e-06,0.00015620799999999999,786432
65536,measured,18,0,generated,0,6.9160000000000004e-06,3.9580000000000001e-06,6.2080000000001682e-06,3.5829999999999825e-06,4.4582411646842957e-06,0.00017020800000000001,786432
65536,measured,18,1,handwritten,0,6.917e-06,3.9999999999999998e-06,6.3330000000000764e-06,3.6249999999999932e-06,4.3329782783985138e-06,0.00015929200000000001,786432
65536,measured,19,0,handwritten,0,6.7920000000000004e-06,3.8750000000000002e-06,6.1259999999999613e-06,3.4999999999999767e-06,4.3748877942562103e-06,0.00014920800000000001,786432
65536,measured,19,1,generated,0,6.8750000000000002e-06,3.9999999999999998e-06,6.3749999999998704e-06,3.6249999999999932e-06,4.3748877942562103e-06,0.00017345899999999999,786432
65536,measured,20,0,generated,0,6.8750000000000002e-06,3.9160000000000003e-06,6.250000000000179e-06,3.4999999999999767e-06,4.2920000851154327e-06,0.000172666,786432
65536,measured,20,1,handwritten,0,6.8750000000000002e-06,3.9169999999999999e-06,6.250000000000179e-06,3.5410000000000259e-06,4.3753534555435181e-06,0.00017045799999999999,786432
65536,measured,21,0,handwritten,0,6.8750000000000002e-06,3.8340000000000001e-06,6.2920000000001898e-06,3.4999999999999767e-06,4.3748877942562103e-06,0.000150583,786432
65536,measured,21,1,generated,0,6.917e-06,3.9999999999999998e-06,6.3750000000000872e-06,3.6249999999999932e-06,4.2920000851154327e-06,0.00015370800000000001,786432
65536,measured,22,0,generated,0,6.9160000000000004e-06,3.9169999999999999e-06,6.250000000000179e-06,3.5419999999999874e-06,4.3748877942562103e-06,0.00016775000000000001,786432
65536,measured,22,1,handwritten,0,6.917e-06,3.9580000000000001e-06,6.2490000000000549e-06,3.6249999999999932e-06,4.4167973101139069e-06,0.00014349999999999999,786432
65536,measured,23,0,handwritten,0,6.8340000000000001e-06,3.9580000000000001e-06,6.250000000000179e-06,3.5419999999999874e-06,4.3753534555435181e-06,0.00013124999999999999,786432
65536,measured,23,1,generated,0,6.8750000000000002e-06,3.9589999999999997e-06,6.2920000000001898e-06,3.5829999999999825e-06,4.3753534555435181e-06,0.00017079199999999999,786432
65536,measured,24,0,generated,0,6.8329999999999996e-06,3.9169999999999999e-06,6.2080000000001682e-06,3.5410000000000259e-06,4.3748877942562103e-06,0.000166708,786432
65536,measured,24,1,handwritten,0,6.8750000000000002e-06,3.9999999999999998e-06,6.2090000000000756e-06,3.6249999999999932e-06,4.2920000851154327e-06,0.00015387500000000001,786432
65536,measured,25,0,handwritten,0,6.8750000000000002e-06,3.9580000000000001e-06,6.2510000000000863e-06,3.5829999999999825e-06,4.3748877942562103e-06,0.000145792,786432
65536,measured,25,1,generated,0,6.8329999999999996e-06,3.9580000000000001e-06,6.2910000000000656e-06,3.5829999999999825e-06,4.3748877942562103e-06,0.00017133299999999999,786432
65536,measured,26,0,generated,0,6.8750000000000002e-06,3.9169999999999999e-06,6.250000000000179e-06,3.5419999999999874e-06,4.4582411646842957e-06,0.00015825,786432
65536,measured,26,1,handwritten,0,6.8750000000000002e-06,3.9580000000000001e-06,6.1670000000000648e-06,3.5839999999999982e-06,4.3748877942562103e-06,0.0001485,786432
65536,measured,27,0,handwritten,0,6.8750000000000002e-06,3.7919999999999999e-06,6.2920000000001898e-06,3.4160000000000093e-06,4.3334439396858215e-06,0.00012691699999999999,786432
65536,measured,27,1,generated,0,6.9160000000000004e-06,3.9160000000000003e-06,6.3330000000000764e-06,3.5419999999999874e-06,4.3748877942562103e-06,0.000170416,786432
65536,measured,28,0,generated,0,6.8750000000000002e-06,3.9169999999999999e-06,6.2920000000001898e-06,3.4999999999999767e-06,4.3748877942562103e-06,0.00017187499999999999,786432
65536,measured,28,1,handwritten,0,6.917e-06,3.9580000000000001e-06,6.250000000000179e-06,3.5839999999999982e-06,4.3753534555435181e-06,0.000147708,786432
65536,measured,29,0,handwritten,0,6.8750000000000002e-06,3.9169999999999999e-06,6.1670000000000648e-06,3.5419999999999874e-06,4.4582411646842957e-06,0.000155709,786432
65536,measured,29,1,generated,0,6.8750000000000002e-06,3.9999999999999998e-06,6.2490000000000549e-06,3.6249999999999932e-06,4.3753534555435181e-06,0.00017537499999999999,786432
65536,measured,30,0,generated,0,6.8750000000000002e-06,5.0420000000000002e-06,6.1660000000001575e-06,4.5830000000000068e-06,4.3753534555435181e-06,0.00017666700000000001,786432
65536,measured,30,1,handwritten,0,9.3330000000000003e-06,3.9580000000000001e-06,8.6660000000000556e-06,3.5829999999999825e-06,4.3334439396858215e-06,0.00016449999999999999,786432
65536,measured,31,0,handwritten,0,6.8329999999999996e-06,3.9999999999999998e-06,6.2090000000000756e-06,3.6249999999999932e-06,4.4582411646842957e-06,0.00015300000000000001,786432
65536,measured,31,1,generated,0,6.917e-06,3.9169999999999999e-06,6.2510000000000863e-06,3.5410000000000259e-06,4.3748877942562103e-06,0.00016320899999999999,786432
65536,measured,32,0,generated,0,6.8340000000000001e-06,3.9589999999999997e-06,6.2080000000001682e-06,3.5829999999999825e-06,4.291534423828125e-06,0.000165334,786432
65536,measured,32,1,handwritten,0,6.8750000000000002e-06,3.9580000000000001e-06,6.2920000000001898e-06,3.5829999999999825e-06,4.3753534555435181e-06,0.000179166,786432
65536,measured,33,0,handwritten,0,6.8329999999999996e-06,3.9169999999999999e-06,6.250000000000179e-06,3.5410000000000259e-06,4.3748877942562103e-06,0.00013241699999999999,786432
65536,measured,33,1,generated,0,6.917e-06,3.9999999999999998e-06,6.3750000000000872e-06,3.5829999999999825e-06,4.3748877942562103e-06,0.00016404200000000001,786432
65536,measured,34,0,generated,0,6.8750000000000002e-06,3.8750000000000002e-06,6.2080000000001682e-06,3.4999999999999767e-06,4.3748877942562103e-06,0.000164084,786432
65536,measured,34,1,handwritten,0,6.8750000000000002e-06,4.0419999999999996e-06,6.3749999999998704e-06,3.6659999999999883e-06,4.3753534555435181e-06,0.000134084,786432
65536,measured,35,0,handwritten,0,7.0840000000000003e-06,3.8750000000000002e-06,6.5009999999999027e-06,3.5419999999999874e-06,4.3748877942562103e-06,0.00014775000000000001,786432
65536,measured,35,1,generated,0,6.9589999999999998e-06,3.9580000000000001e-06,6.3330000000000764e-06,3.5419999999999874e-06,4.3748877942562103e-06,0.000174625,786432
65536,measured,36,0,generated,0,6.8750000000000002e-06,4.0419999999999996e-06,6.2920000000001898e-06,3.6659999999999883e-06,4.3748877942562103e-06,0.00017633300000000001,786432
65536,measured,36,1,handwritten,0,6.8329999999999996e-06,3.9589999999999997e-06,6.2510000000000863e-06,3.5410000000000259e-06,4.291534423828125e-06,0.00015100000000000001,786432
65536,measured,37,0,handwritten,0,6.8750000000000002e-06,3.9580000000000001e-06,6.250000000000179e-06,3.5839999999999982e-06,4.4163316488265991e-06,0.0001405,786432
65536,measured,37,1,generated,0,6.9999999999999999e-06,3.9589999999999997e-06,6.417000000000098e-06,3.5410000000000259e-06,4.3753534555435181e-06,0.000173709,786432
65536,measured,38,0,generated,0,6.8750000000000002e-06,3.8330000000000004e-06,6.250000000000179e-06,3.4999999999999767e-06,4.4582411646842957e-06,0.00018283399999999999,786432
65536,measured,38,1,handwritten,0,6.9580000000000001e-06,3.9589999999999997e-06,6.3339999999999837e-06,3.5410000000000259e-06,4.3748877942562103e-06,0.00013412499999999999,786432
65536,measured,39,0,handwritten,0,6.9999999999999999e-06,3.9999999999999998e-06,6.2920000000001898e-06,3.5829999999999825e-06,4.4582411646842957e-06,0.00014016699999999999,786432
65536,measured,39,1,generated,0,6.8750000000000002e-06,3.8340000000000001e-06,6.2920000000001898e-06,3.4999999999999767e-06,4.4163316488265991e-06,0.00016079199999999999,786432
65536,measured,40,0,generated,0,6.9160000000000004e-06,3.9589999999999997e-06,6.3750000000000872e-06,3.5419999999999874e-06,4.4582411646842957e-06,0.00016699999999999999,786432
65536,measured,40,1,handwritten,0,6.7920000000000004e-06,3.9169999999999999e-06,6.250000000000179e-06,3.5829999999999825e-06,4.3748877942562103e-06,0.00013095899999999999,786432
65536,measured,41,0,handwritten,0,6.917e-06,3.9160000000000003e-06,6.3330000000000764e-06,3.5419999999999874e-06,4.4163316488265991e-06,0.00014433299999999999,786432
65536,measured,41,1,generated,0,6.8750000000000002e-06,3.9999999999999998e-06,6.2910000000000656e-06,3.6249999999999932e-06,4.3748877942562103e-06,0.00017133400000000001,786432
65536,measured,42,0,generated,0,6.8750000000000002e-06,3.8750000000000002e-06,6.2080000000001682e-06,3.4580000000000201e-06,4.3753534555435181e-06,0.000174291,786432
65536,measured,42,1,handwritten,0,7.0419999999999997e-06,3.9169999999999999e-06,6.4579999999999846e-06,3.4999999999999767e-06,4.2920000851154327e-06,0.00014954200000000001,786432
65536,measured,43,0,handwritten,0,6.917e-06,4.0419999999999996e-06,6.3330000000000764e-06,3.6659999999999883e-06,4.3748877942562103e-06,0.000136792,786432
65536,measured,43,1,generated,0,6.9160000000000004e-06,3.8750000000000002e-06,6.3339999999999837e-06,3.4589999999999816e-06,4.3748877942562103e-06,0.000177708,786432
65536,measured,44,0,generated,0,6.8750000000000002e-06,3.9160000000000003e-06,6.3750000000000872e-06,3.5419999999999874e-06,4.3748877942562103e-06,0.00017441599999999999,786432
65536,measured,44,1,handwritten,0,6.8329999999999996e-06,3.9580000000000001e-06,6.2910000000000656e-06,3.5829999999999825e-06,4.3748877942562103e-06,0.00017837500000000001,786432
65536,measured,45,0,handwritten,0,6.917e-06,4.0829999999999997e-06,6.2910000000000656e-06,3.667000000000004e-06,4.3748877942562103e-06,0.000132125,786432
65536,measured,45,1,generated,0,6.917e-06,3.9580000000000001e-06,6.4159999999999738e-06,3.5419999999999874e-06,4.3748877942562103e-06,0.00016370800000000001,786432
65536,measured,46,0,generated,0,6.9580000000000001e-06,3.9589999999999997e-06,6.3330000000000764e-06,3.5829999999999825e-06,4.3748877942562103e-06,0.00017141699999999999,786432
65536,measured,46,1,handwritten,0,6.917e-06,3.9999999999999998e-06,6.3750000000000872e-06,3.5839999999999982e-06,4.3748877942562103e-06,0.00015754199999999999,786432
65536,measured,47,0,handwritten,0,6.8329999999999996e-06,4.25e-06,6.2090000000000756e-06,3.8750000000000264e-06,4.3753534555435181e-06,0.00012958300000000001,786432
65536,measured,47,1,generated,0,7.1659999999999997e-06,3.8750000000000002e-06,6.6669999999999143e-06,3.5419999999999874e-06,4.3748877942562103e-06,0.00017570800000000001,786432
65536,measured,48,0,generated,0,7.4590000000000001e-06,3.9169999999999999e-06,6.9579999999998341e-06,3.5419999999999874e-06,4.3748877942562103e-06,0.000177417,786432
65536,measured,48,1,handwritten,0,7.041e-06,4.0829999999999997e-06,6.4999999999999954e-06,3.7500000000000098e-06,4.3748877942562103e-06,0.00014075000000000001,786432
65536,measured,49,0,handwritten,0,7.3329999999999999e-06,3.9169999999999999e-06,6.8750000000001536e-06,3.5410000000000259e-06,4.3748877942562103e-06,0.00013533299999999999,786432
65536,measured,49,1,generated,0,6.9589999999999998e-06,3.8330000000000004e-06,6.375000000000304e-06,3.4999999999999767e-06,4.3748877942562103e-06,0.00015729200000000001,786432
65536,measured,50,0,generated,0,6.8750000000000002e-06,3.8330000000000004e-06,6.2920000000001898e-06,3.4999999999999767e-06,4.3748877942562103e-06,0.000161292,786432
65536,measured,50,1,handwritten,0,6.917e-06,3.9999999999999998e-06,6.4170000000003148e-06,3.5419999999999874e-06,4.4582411646842957e-06,0.00013325000000000001,786432
65536,measured,51,0,handwritten,0,6.8750000000000002e-06,4.1250000000000003e-06,6.2080000000001682e-06,3.7919999999999664e-06,4.4167973101139069e-06,0.00014145800000000001,786432
65536,measured,51,1,generated,0,7.2080000000000003e-06,4.1250000000000003e-06,6.5840000000000169e-06,3.7919999999999664e-06,4.4167973101139069e-06,0.00016804100000000001,786432
65536,measured,52,0,generated,0,7.0829999999999998e-06,4.0419999999999996e-06,6.5830000000001096e-06,3.6669999999999498e-06,4.3753534555435181e-06,0.00016495799999999999,786432
65536,measured,52,1,handwritten,0,1.0292000000000001e-05,3.9580000000000001e-06,9.5839999999999814e-06,3.5420000000000416e-06,4.3748877942562103e-06,0.00015908299999999999,786432
65536,measured,53,0,handwritten,0,7.2919999999999998e-06,3.9580000000000001e-06,6.6250000000001204e-06,3.5420000000000416e-06,4.4582411646842957e-06,0.00015525000000000001,786432
65536,measured,53,1,generated,0,7.2919999999999998e-06,3.7919999999999999e-06,6.6670000000001312e-06,3.3750000000000143e-06,4.3748877942562103e-06,0.000175334,786432
65536,measured,54,0,generated,0,6.8750000000000002e-06,3.8750000000000002e-06,6.1240000000001467e-06,3.4580000000000201e-06,4.3329782783985138e-06,0.00015200000000000001,786432
65536,measured,54,1,handwritten,0,6.8329999999999996e-06,3.8340000000000001e-06,5.999999999999929e-06,3.4580000000000201e-06,4.3748877942562103e-06,0.00014687500000000001,786432
65536,measured,55,0,handwritten,0,6.8329999999999996e-06,3.8340000000000001e-06,6.125000000000054e-06,3.4170000000000251e-06,4.4582411646842957e-06,0.00014604099999999999,786432
65536,measured,55,1,generated,0,6.8750000000000002e-06,3.7919999999999999e-06,6.0830000000000432e-06,3.4170000000000251e-06,4.3748877942562103e-06,0.000165916,786432
65536,measured,56,0,generated,0,6.8750000000000002e-06,3.7919999999999999e-06,6.0419999999999398e-06,3.3340000000000192e-06,4.3753534555435181e-06,0.000166167,786432
65536,measured,56,1,handwritten,0,6.8329999999999996e-06,3.7910000000000002e-06,6.125000000000054e-06,3.3750000000000143e-06,4.3753534555435181e-06,0.00015391600000000001,786432
65536,measured,57,0,handwritten,0,6.8329999999999996e-06,3.7919999999999999e-06,5.999999999999929e-06,3.3750000000000143e-06,4.3748877942562103e-06,0.000145,786432
65536,measured,57,1,generated,0,6.8750000000000002e-06,3.8750000000000002e-06,6.2090000000000756e-06,3.5000000000000309e-06,4.3748877942562103e-06,0.00015937500000000001,786432
65536,measured,58,0,generated,0,6.9999999999999999e-06,3.8750000000000002e-06,6.3329999999998596e-06,3.4170000000000251e-06,4.4167973101139069e-06,0.000156792,786432
65536,measured,58,1,handwritten,0,7.0829999999999998e-06,3.7910000000000002e-06,6.5839999999995832e-06,3.3750000000000143e-06,4.3748877942562103e-06,0.00016170799999999999,786432
65536,measured,59,0,handwritten,0,6.8329999999999996e-06,3.8340000000000001e-06,6.125000000000054e-06,3.4580000000000201e-06,4.3748877942562103e-06,0.00013670800000000001,786432
65536,measured,59,1,generated,0,6.8329999999999996e-06,3.8330000000000004e-06,6.1259999999999613e-06,3.4160000000000093e-06,4.3753534555435181e-06,0.00014637499999999999,786432
65536,measured,60,0,generated,0,6.8329999999999996e-06,3.7910000000000002e-06,6.0419999999999398e-06,3.3750000000000143e-06,4.3748877942562103e-06,0.00018341599999999999,786432
65536,measured,60,1,handwritten,0,6.8750000000000002e-06,3.7079999999999999e-06,6.0839999999999506e-06,3.3750000000000143e-06,4.3748877942562103e-06,0.00014825,786432
65536,measured,61,0,handwritten,0,6.8750000000000002e-06,3.7919999999999999e-06,6.0410000000000325e-06,3.3750000000000143e-06,4.3748877942562103e-06,0.00014595799999999999,786432
65536,measured,61,1,generated,0,6.8340000000000001e-06,3.8330000000000004e-06,6.0830000000000432e-06,3.4580000000000201e-06,4.3748877942562103e-06,0.000160917,786432
65536,measured,62,0,generated,0,6.8340000000000001e-06,3.8750000000000002e-06,5.999999999999929e-06,3.4160000000000093e-06,4.3748877942562103e-06,0.000164084,786432
65536,measured,62,1,handwritten,0,6.8329999999999996e-06,3.8330000000000004e-06,6.0419999999999398e-06,3.4170000000000251e-06,4.3748877942562103e-06,0.00013308300000000001,786432
65536,measured,63,0,handwritten,0,7.0829999999999998e-06,3.8330000000000004e-06,6.250000000000179e-06,3.4590000000000358e-06,4.3334439396858215e-06,0.00017729099999999999,786432
65536,measured,63,1,generated,0,6.7920000000000004e-06,3.7919999999999999e-06,6.0419999999999398e-06,3.4580000000000201e-06,4.3748877942562103e-06,0.00017891700000000001,786432
65536,measured,64,0,generated,0,6.9999999999999999e-06,3.8340000000000001e-06,6.250000000000179e-06,3.4580000000000201e-06,4.3748877942562103e-06,0.00016858300000000001,786432
65536,measured,64,1,handwritten,0,6.9999999999999999e-06,3.8750000000000002e-06,6.250000000000179e-06,3.5000000000000309e-06,4.3748877942562103e-06,0.00013574999999999999,786432
65536,measured,65,0,handwritten,0,7.1250000000000004e-06,3.9160000000000003e-06,6.5420000000000061e-06,3.5840000000000524e-06,4.3753534555435181e-06,0.000143833,786432
65536,measured,65,1,generated,0,6.917e-06,3.8340000000000001e-06,6.250000000000179e-06,3.4580000000000201e-06,4.4582411646842957e-06,0.000169708,786432
65536,measured,66,0,generated,0,6.9999999999999999e-06,3.7919999999999999e-06,6.4580000000004183e-06,3.4580000000000201e-06,4.4167973101139069e-06,0.00017795899999999999,786432
65536,measured,66,1,handwritten,0,6.8750000000000002e-06,3.8750000000000002e-06,6.3330000000002933e-06,3.4580000000000201e-06,4.3748877942562103e-06,0.00013937500000000001,786432
65536,measured,67,0,handwritten,0,7.1670000000000002e-06,3.9580000000000001e-06,6.5420000000000061e-06,3.2909999999999927e-06,4.4587068259716034e-06,0.000133375,786432
65536,measured,67,1,generated,0,6.9999999999999999e-06,3.9999999999999998e-06,6.2920000000001898e-06,3.6250000000000475e-06,4.291534423828125e-06,0.000159584,786432
65536,measured,68,0,generated,0,6.9589999999999998e-06,3.7500000000000001e-06,6.375000000000304e-06,3.3750000000000143e-06,4.3748877942562103e-06,0.00016220899999999999,786432
65536,measured,68,1,handwritten,0,6.8329999999999996e-06,3.8330000000000004e-06,6.0830000000000432e-06,3.4170000000000251e-06,4.3748877942562103e-06,0.000169958,786432
65536,measured,69,0,handwritten,0,6.8329999999999996e-06,3.8340000000000001e-06,6.0839999999999506e-06,3.4580000000000201e-06,4.4167973101139069e-06,0.00014433299999999999,786432
65536,measured,69,1,generated,0,6.8750000000000002e-06,3.7919999999999999e-06,6.1670000000000648e-06,3.4160000000000093e-06,4.3748877942562103e-06,0.00015629199999999999,786432
65536,measured,70,0,generated,0,6.8329999999999996e-06,3.7910000000000002e-06,6.0419999999999398e-06,3.4170000000000251e-06,4.3748877942562103e-06,0.00017004100000000001,786432
65536,measured,70,1,handwritten,0,6.8750000000000002e-06,3.7500000000000001e-06,6.0839999999999506e-06,3.3750000000000143e-06,4.4163316488265991e-06,0.00013262500000000001,786432
65536,measured,71,0,handwritten,0,6.8340000000000001e-06,3.8330000000000004e-06,6.0410000000000325e-06,3.3750000000000143e-06,4.3748877942562103e-06,0.000133125,786432
65536,measured,71,1,generated,0,6.8329999999999996e-06,3.7500000000000001e-06,6.0830000000000432e-06,3.4170000000000251e-06,4.3753534555435181e-06,0.000162292,786432
65536,measured,72,0,generated,0,6.8329999999999996e-06,3.8330000000000004e-06,6.0419999999999398e-06,3.4590000000000358e-06,4.4167973101139069e-06,0.00016345800000000001,786432
65536,measured,72,1,handwritten,0,6.8750000000000002e-06,3.8330000000000004e-06,5.999999999999929e-06,3.4170000000000251e-06,4.3748877942562103e-06,0.00014925,786432
65536,measured,73,0,handwritten,0,6.8329999999999996e-06,3.8330000000000004e-06,6.0419999999999398e-06,3.4590000000000358e-06,4.4167973101139069e-06,0.00014387499999999999,786432
65536,measured,73,1,generated,0,6.8750000000000002e-06,3.8750000000000002e-06,6.0410000000000325e-06,3.4580000000000201e-06,4.4582411646842957e-06,0.00017412499999999999,786432
65536,measured,74,0,generated,0,6.8329999999999996e-06,3.9160000000000003e-06,5.999999999999929e-06,3.5000000000000309e-06,4.4167973101139069e-06,0.00016924999999999999,786432
65536,measured,74,1,handwritten,0,6.8329999999999996e-06,3.8750000000000002e-06,5.999999999999929e-06,3.5000000000000309e-06,4.3753534555435181e-06,0.000135167,786432
65536,measured,75,0,handwritten,0,6.8750000000000002e-06,4.8749999999999999e-06,5.999999999999929e-06,4.4589999999999517e-06,4.3753534555435181e-06,0.00015183300000000001,786432
65536,measured,75,1,generated,0,9.1249999999999999e-06,4.8749999999999999e-06,8.3749999999997021e-06,4.4589999999999517e-06,4.4587068259716034e-06,0.00016020800000000001,786432
65536,measured,76,0,generated,0,7.0419999999999997e-06,4.9169999999999997e-06,6.250000000000179e-06,4.4999999999999468e-06,4.3748877942562103e-06,0.000167959,786432
65536,measured,76,1,handwritten,0,7.2919999999999998e-06,4.8330000000000001e-06,6.5420000000000061e-06,4.4170000000000494e-06,4.4167973101139069e-06,0.00015375,786432
65536,measured,77,0,handwritten,0,9.0829999999999993e-06,6.584e-06,8.3339999999995987e-06,6.166000000000049e-06,4.3753534555435181e-06,0.00017604200000000001,786432
65536,measured,77,1,generated,0,9.6670000000000008e-06,3.8750000000000002e-06,8.9580000000003164e-06,3.5410000000000259e-06,4.3748877942562103e-06,0.00024879200000000001,786432
65536,measured,78,0,generated,0,7.2919999999999998e-06,3.7079999999999999e-06,6.5839999999995832e-06,3.3340000000000192e-06,4.4582411646842957e-06,0.00012300000000000001,786432
65536,measured,78,1,handwritten,0,6.8329999999999996e-06,3.8330000000000004e-06,6.0830000000000432e-06,3.3750000000000143e-06,4.4167973101139069e-06,0.000132125,786432
65536,measured,79,0,handwritten,0,6.8340000000000001e-06,3.8340000000000001e-06,5.999999999999929e-06,3.4580000000000201e-06,4.3748877942562103e-06,0.00014770899999999999,786432
65536,measured,79,1,generated,0,6.8340000000000001e-06,3.9160000000000003e-06,6.0410000000000325e-06,3.5420000000000416e-06,4.3748877942562103e-06,0.00017187499999999999,786432
65536,measured,80,0,generated,0,6.7909999999999999e-06,3.8750000000000002e-06,5.9579999999999182e-06,3.5000000000000309e-06,4.4587068259716034e-06,0.00017387500000000001,786432
65536,measured,80,1,handwritten,0,6.8340000000000001e-06,3.9160000000000003e-06,6.0410000000000325e-06,3.5420000000000416e-06,4.3748877942562103e-06,0.00014487500000000001,786432
65536,measured,81,0,handwritten,0,6.7909999999999999e-06,4.9579999999999998e-06,5.999999999999929e-06,4.5839999999999683e-06,4.3748877942562103e-06,0.000151958,786432
65536,measured,81,1,generated,0,7.0829999999999998e-06,3.7910000000000002e-06,6.4170000000003148e-06,3.4170000000000251e-06,4.3748877942562103e-06,0.00016075,786432
65536,measured,82,0,generated,0,6.8340000000000001e-06,3.8750000000000002e-06,6.0419999999999398e-06,3.4590000000000358e-06,4.3748877942562103e-06,0.00014899999999999999,786432
65536,measured,82,1,handwritten,0,6.917e-06,3.7919999999999999e-06,6.125000000000054e-06,3.4160000000000093e-06,4.3748877942562103e-06,0.00015054200000000001,786432
65536,measured,83,0,handwritten,0,6.8329999999999996e-06,3.8330000000000004e-06,5.999999999999929e-06,3.3750000000000143e-06,4.4582411646842957e-06,0.00015695800000000001,786432
65536,measured,83,1,generated,0,6.8340000000000001e-06,3.7919999999999999e-06,6.0410000000000325e-06,3.3750000000000143e-06,4.3753534555435181e-06,0.00015833399999999999,786432
65536,measured,84,0,generated,0,6.917e-06,3.7919999999999999e-06,6.1660000000001575e-06,3.4170000000000251e-06,4.3748877942562103e-06,0.00017583400000000001,786432
65536,measured,84,1,handwritten,0,6.917e-06,3.7919999999999999e-06,6.2080000000001682e-06,3.3750000000000143e-06,4.3748877942562103e-06,0.00013945799999999999,786432
65536,measured,85,0,handwritten,0,6.917e-06,3.7919999999999999e-06,6.2080000000001682e-06,3.3340000000000192e-06,4.4587068259716034e-06,0.000139209,786432
65536,measured,85,1,generated,0,6.9580000000000001e-06,3.7910000000000002e-06,6.2090000000000756e-06,3.4170000000000251e-06,4.3748877942562103e-06,0.000169958,786432
65536,measured,86,0,generated,0,6.9160000000000004e-06,3.8330000000000004e-06,6.250000000000179e-06,3.4580000000000201e-06,4.3748877942562103e-06,0.000180333,786432
65536,measured,86,1,handwritten,0,6.9999999999999999e-06,3.8340000000000001e-06,6.375000000000304e-06,3.4580000000000201e-06,4.3748877942562103e-06,0.00013208299999999999,786432
65536,measured,87,0,handwritten,0,6.8329999999999996e-06,3.7919999999999999e-06,6.1259999999999613e-06,3.4170000000000251e-06,4.3748877942562103e-06,0.00013379200000000001,786432
65536,measured,87,1,generated,0,6.8750000000000002e-06,3.7919999999999999e-06,6.0410000000000325e-06,3.4170000000000251e-06,4.3748877942562103e-06,0.00017279099999999999,786432
65536,measured,88,0,generated,0,6.8750000000000002e-06,3.8330000000000004e-06,5.999999999999929e-06,3.3750000000000143e-06,4.4582411646842957e-06,0.00016783299999999999,786432
65536,measured,88,1,handwritten,0,6.8750000000000002e-06,3.7919999999999999e-06,6.0830000000000432e-06,3.4160000000000093e-06,4.3748877942562103e-06,0.00017574999999999999,786432
65536,measured,89,0,handwritten,0,6.8750000000000002e-06,3.8330000000000004e-06,6.125000000000054e-06,3.4590000000000358e-06,4.6249479055404663e-06,9.6416000000000007e-05,786432
65536,measured,89,1,generated,0,6.8340000000000001e-06,3.8340000000000001e-06,5.999999999999929e-06,3.4170000000000251e-06,4.3748877942562103e-06,0.000174334,786432
65536,measured,90,0,generated,0,6.8750000000000002e-06,3.8330000000000004e-06,6.0419999999999398e-06,3.4170000000000251e-06,4.3748877942562103e-06,0.00016966600000000001,786432
65536,measured,90,1,handwritten,0,6.8329999999999996e-06,3.9160000000000003e-06,6.0419999999999398e-06,3.4160000000000093e-06,4.3753534555435181e-06,0.00013895800000000001,786432
65536,measured,91,0,handwritten,0,6.7920000000000004e-06,3.7500000000000001e-06,6.0820000000001359e-06,3.4170000000000251e-06,4.4167973101139069e-06,0.00015483399999999999,786432
65536,measured,91,1,generated,0,6.8750000000000002e-06,3.9580000000000001e-06,6.0419999999999398e-06,3.5000000000000309e-06,4.3753534555435181e-06,0.00017170799999999999,786432
65536,measured,92,0,generated,0,6.8750000000000002e-06,3.9169999999999999e-06,6.1660000000001575e-06,3.5000000000000309e-06,4.291534423828125e-06,0.00017550000000000001,786432
65536,measured,92,1,handwritten,0,6.8329999999999996e-06,3.8330000000000004e-06,5.999999999999929e-06,3.4590000000000358e-06,4.3748877942562103e-06,0.00017725,786432
65536,measured,93,0,handwritten,0,6.8750000000000002e-06,3.8750000000000002e-06,5.999999999999929e-06,3.5420000000000416e-06,4.3748877942562103e-06,0.00015875000000000001,786432
65536,measured,93,1,generated,0,6.9999999999999999e-06,3.9589999999999997e-06,6.4590000000003256e-06,3.5830000000000367e-06,4.3748877942562103e-06,0.00017666700000000001,786432
65536,measured,94,0,generated,0,6.917e-06,3.9580000000000001e-06,6.2090000000000756e-06,3.5420000000000416e-06,4.3753534555435181e-06,0.00017854200000000001,786432
65536,measured,94,1,handwritten,0,6.9160000000000004e-06,3.9999999999999998e-06,6.2910000000002825e-06,3.6250000000000475e-06,4.4582411646842957e-06,0.000157541,786432
65536,measured,95,0,handwritten,0,6.8329999999999996e-06,3.9160000000000003e-06,6.3330000000002933e-06,3.5420000000000416e-06,4.3748877942562103e-06,0.00013370799999999999,786432
65536,measured,95,1,generated,0,6.7920000000000004e-06,3.9169999999999999e-06,6.1660000000001575e-06,3.5410000000000259e-06,4.3748877942562103e-06,0.00017508399999999999,786432
65536,measured,96,0,generated,0,6.8750000000000002e-06,3.9580000000000001e-06,6.125000000000054e-06,3.5840000000000524e-06,4.5001506805419922e-06,0.00017450000000000001,786432
65536,measured,96,1,handwritten,0,6.8329999999999996e-06,3.9169999999999999e-06,6.2910000000002825e-06,3.5420000000000416e-06,4.3748877942562103e-06,0.0001585,786432
65536,measured,97,0,handwritten,0,6.8750000000000002e-06,3.9169999999999999e-06,6.2910000000002825e-06,3.5410000000000259e-06,4.5001506805419922e-06,0.000132292,786432
65536,measured,97,1,generated,0,6.8750000000000002e-06,4.9169999999999997e-06,6.3340000000002006e-06,4.4999999999999468e-06,4.3753534555435181e-06,0.00017474999999999999,786432
65536,measured,98,0,generated,0,9.5000000000000005e-06,3.8330000000000004e-06,8.7920000000000879e-06,3.4170000000000251e-06,4.3748877942562103e-06,0.00016737499999999999,786432
65536,measured,98,1,handwritten,0,6.8340000000000001e-06,3.7500000000000001e-06,6.0419999999999398e-06,3.3750000000000143e-06,4.5001506805419922e-06,0.00015412499999999999,786432
65536,measured,99,0,handwritten,0,6.9999999999999999e-06,3.7500000000000001e-06,6.3740000000003967e-06,3.4170000000000251e-06,4.3753534555435181e-06,0.00013750000000000001,786432
65536,measured,99,1,generated,0,7.0840000000000003e-06,3.7910000000000002e-06,6.2920000000001898e-06,3.4170000000000251e-06,4.4582411646842957e-06,0.00016312499999999999,786432
1048576,warmup,0,0,generated,0,0.00069112500000000001,0.00035570799999999999,0.00069037500000000002,0.00035537500000000001,8.0541707575321198e-05,0.001686292,12582912
1048576,warmup,0,1,handwritten,0,0.00039104100000000001,6.3417000000000006e-05,0.0003903750000000001,6.3083000000000019e-05,0.00010725017637014389,0.00073237499999999995,12582912
1048576,warmup,1,0,handwritten,0,0.00015962499999999999,6.3374999999999995e-05,0.0001589159999999994,6.2959000000000018e-05,0.00010899966582655907,0.00052533300000000001,12582912
1048576,warmup,1,1,generated,0,0.000157417,5.8125000000000003e-05,0.00015674999999999977,5.7708000000000065e-05,0.00010550022125244141,0.00050600000000000005,12582912
1048576,warmup,2,0,generated,0,0.00016224999999999999,6.6333000000000003e-05,0.00016145799999999974,6.5916000000000065e-05,0.0001038750633597374,0.00051749999999999995,12582912
1048576,warmup,2,1,handwritten,0,0.000171375,5.9540999999999998e-05,0.00017062500000000064,5.9124999999999933e-05,0.00010337540879845619,0.00049741599999999998,12582912
1048576,warmup,3,0,handwritten,0,0.00016124999999999999,6.5042000000000005e-05,0.00016054100000000016,6.4541999999999898e-05,8.5083302110433578e-05,0.000478708,12582912
1048576,warmup,3,1,generated,0,0.00016354100000000001,5.7166999999999997e-05,0.0001627499999999997,5.6833000000000057e-05,0.00012299977242946625,0.00057887499999999996,12582912
1048576,warmup,4,0,generated,0,0.00015991599999999999,5.6292000000000002e-05,0.00015912499999999954,5.5958000000000049e-05,0.00010762456804513931,0.00051387500000000001,12582912
1048576,warmup,4,1,handwritten,0,0.00014704200000000001,6.0582999999999999e-05,0.00014629200000000012,6.0165999999999952e-05,8.6208339780569077e-05,0.00045433399999999998,12582912
1048576,warmup,5,0,handwritten,0,0.00015016699999999999,6.05e-05,0.00014941699999999978,6.0041999999999951e-05,9.2749949544668198e-05,0.00047124999999999999,12582912
1048576,warmup,5,1,generated,0,0.000147083,5.3958000000000001e-05,0.0001463749999999998,5.3499999999999945e-05,8.2625076174736023e-05,0.00045829099999999999,12582912
1048576,warmup,6,0,generated,0,0.00014812500000000001,5.5000000000000002e-05,0.00014754199999999964,5.4582999999999975e-05,8.8208355009555817e-05,0.000468875,12582912
1048576,warmup,6,1,handwritten,0,0.00014679100000000001,6.0582999999999999e-05,0.00014612499999999955,6.0166999999999859e-05,9.3000009655952454e-05,0.000464041,12582912
1048576,warmup,7,0,handwritten,0,0.00015566700000000001,6.3374999999999995e-05,0.00015491700000000094,6.29160000000001e-05,8.616643026471138e-05,0.00047729199999999998,12582912
1048576,warmup,7,1,generated,0,0.00015075000000000001,5.6833000000000003e-05,0.00015004100000000006,5.6500000000000127e-05,9.579164907336235e-05,0.000481125,12582912
1048576,warmup,8,0,generated,0,0.000147334,6.0291000000000003e-05,0.00014658399999999995,5.9833999999999929e-05,7.6791737228631973e-05,0.00045974999999999998,12582912
1048576,warmup,8,1,handwritten,0,0.00015200000000000001,6.0250000000000001e-05,0.0001512079999999999,5.9833000000000022e-05,9.0875197201967239e-05,0.00045554200000000002,12582912
1048576,warmup,9,0,handwritten,0,0.00014708399999999999,5.4042000000000002e-05,0.00014633300000000023,5.3624999999999853e-05,8.1500038504600525e-05,0.00044179199999999999,12582912
1048576,warmup,9,1,generated,0,0.00015120800000000001,5.4874999999999999e-05,0.00015045799999999915,5.4417000000000181e-05,8.4749888628721237e-05,0.00045679100000000001,12582912
1048576,measured,0,0,generated,0,0.00014954200000000001,5.8958e-05,0.00014874999999999958,5.858399999999998e-05,8.5250008851289749e-05,0.000474625,12582912
1048576,measured,0,1,handwritten,0,0.000158834,6.1167000000000006e-05,0.0001581680000000002,6.0833000000000154e-05,0.00010024989023804665,0.00048866700000000003,12582912
1048576,measured,1,0,handwritten,0,0.00016495799999999999,6.2792000000000005e-05,0.00016412500000000108,6.233299999999992e-05,0.00010600034147500992,0.00050312499999999999,12582912
1048576,measured,1,1,generated,0,0.00016158399999999999,6.2415999999999993e-05,0.00016079299999999935,6.1999999999999989e-05,9.7249634563922882e-05,0.00050266700000000004,12582912
1048576,measured,2,0,generated,0,0.00015666700000000001,5.9957999999999998e-05,0.00015579200000000008,5.9500000000000091e-05,8.6749903857707977e-05,0.00048149999999999999,12582912
1048576,measured,2,1,handwritten,0,0.000148042,6.0958000000000001e-05,0.0001473340000000007,6.0540999999999894e-05,8.0458354204893112e-05,0.00044362500000000001,12582912
1048576,measured,3,0,handwritten,0,0.00014683299999999999,6.0000000000000002e-05,0.0001460820000000005,5.9500000000000091e-05,8.0749858170747757e-05,0.00045154100000000002,12582912
1048576,measured,3,1,generated,0,0.00014829200000000001,6.5833000000000005e-05,0.0001475409999999993,6.5374999999999895e-05,9.399978443980217e-05,0.00048624999999999997,12582912
1048576,measured,4,0,generated,0,0.000160958,6.4375000000000006e-05,0.00016016699999999925,6.391700000000014e-05,0.00011125020682811737,0.00052279099999999999,12582912
1048576,measured,4,1,handwritten,0,0.00016937500000000001,7.25e-05,0.0001687500000000005,7.208300000000013e-05,9.1458205133676529e-05,0.00051604199999999998,12582912
1048576,measured,5,0,handwritten,0,0.00017083300000000001,6.6166000000000003e-05,0.00017016600000000111,6.5707999999999826e-05,0.0001137913204729557,0.000523666,12582912
1048576,measured,5,1,generated,0,0.00016512499999999999,6.2958000000000003e-05,0.00016454199999999843,6.2458000000000045e-05,0.00010762503370642662,0.00052554200000000004,12582912
1048576,measured,6,0,generated,0,0.00016466699999999999,5.9166999999999998e-05,0.0001640840000000001,5.8792000000000219e-05,0.00011500017717480659,0.00053487499999999998,12582912
1048576,measured,6,1,handwritten,0,0.00015829200000000001,6.5875000000000002e-05,0.0001575420000000001,6.5458000000000009e-05,0.00010641664266586304,0.00050054199999999998,12582912
1048576,measured,7,0,handwritten,0,0.000166625,6.9417000000000003e-05,0.00016599999999999948,6.8916999999999937e-05,0.00012504169717431068,0.00053962499999999996,12582912
1048576,measured,7,1,generated,0,0.000166,6.2249999999999995e-05,0.00016537500000000059,6.1792000000000184e-05,0.0001532495953142643,0.00052075000000000005,12582912
1048576,measured,8,0,generated,0,0.000154458,5.8875000000000001e-05,0.00015366699999999969,5.8458999999999855e-05,8.3500053733587265e-05,0.000477083,12582912
1048576,measured,8,1,handwritten,0,0.00015566700000000001,5.8417e-05,0.00015495800000000018,5.8041999999999903e-05,0.00010766694322228432,0.00048670799999999998,12582912
1048576,measured,9,0,handwritten,0,0.00015137500000000001,5.6666999999999998e-05,0.00015066599999999895,5.6291999999999887e-05,0.00010087480768561363,0.00049112500000000003,12582912
1048576,measured,9,1,generated,0,0.00015104199999999999,5.8582999999999998e-05,0.00015033400000000023,5.8209000000000038e-05,9.8250340670347214e-05,0.00049149999999999997,12582912
1048576,measured,10,0,generated,0,0.000152583,5.8e-05,0.00015187500000000097,5.7541999999999836e-05,0.0001099584624171257,0.00050287499999999996,12582912
1048576,measured,10,1,handwritten,0,0.00015304199999999999,6.0749999999999999e-05,0.00015237600000000094,6.0291999999999984e-05,8.8708009570837021e-05,0.00048383399999999999,12582912
1048576,measured,11,0,handwritten,0,0.00014737499999999999,6.1749999999999997e-05,0.00014662499999999919,6.1292000000000117e-05,7.7624805271625519e-05,0.00044554099999999998,12582912
1048576,measured,11,1,generated,0,0.000160292,6.2125000000000006e-05,0.00015908300000000083,6.1708000000000162e-05,8.9374836534261703e-05,0.00050016700000000004,12582912
1048576,measured,12,0,generated,0,0.00015316700000000001,5.4292000000000001e-05,0.0001525420000000003,5.3875000000000103e-05,8.6916610598564148e-05,0.00047399999999999997,12582912
1048576,measured,12,1,handwritten,0,0.000149875,5.3458000000000002e-05,0.00014912499999999995,5.3084000000000117e-05,7.7375210821628571e-05,0.00043658299999999999,12582912
1048576,measured,13,0,handwritten,0,0.00015287499999999999,5.8041000000000002e-05,0.00015216699999999993,5.7624999999999951e-05,9.8417047411203384e-05,0.000470958,12582912
1048576,measured,13,1,generated,0,0.00015037500000000001,5.8165999999999998e-05,0.00014966600000000142,5.7666999999999961e-05,9.104190394282341e-05,0.00048145799999999998,12582912
1048576,measured,14,0,generated,0,0.000149708,5.8417e-05,0.00014904200000000027,5.7917000000000211e-05,8.504185825586319e-05,0.00046795799999999998,12582912
1048576,measured,14,1,handwritten,0,0.00014879199999999999,6.0250000000000001e-05,0.00014812599999999843,5.9833999999999929e-05,9.4833318144083023e-05,0.00048787499999999997,12582912
1048576,measured,15,0,handwritten,0,0.000148333,5.825e-05,0.00014758299999999974,5.7833999999999663e-05,8.3124730736017227e-05,0.00045920800000000001,12582912
1048576,measured,15,1,generated,0,0.00014737499999999999,5.8458999999999997e-05,0.00014658300000000221,5.7749999999999642e-05,8.4875151515007019e-05,0.00047054200000000001,12582912
1048576,measured,16,0,generated,0,0.00015091700000000001,5.2833000000000001e-05,0.00015025100000000055,5.2416999999999915e-05,8.8333617895841599e-05,0.00048958300000000003,12582912
1048576,measured,16,1,handwritten,0,0.00014825,5.3458999999999998e-05,0.00014745899999999909,5.3041999999999673e-05,8.2874670624732971e-05,0.00045274999999999997,12582912
1048576,measured,17,0,handwritten,0,0.00014870899999999999,5.3167000000000001e-05,0.00014799899999999935,5.2833000000000394e-05,8.6666550487279892e-05,0.00044979200000000002,12582912
1048576,measured,17,1,generated,0,0.000148209,6.1791000000000005e-05,0.00014754200000000051,6.1333999999999694e-05,8.9250039309263229e-05,0.00047812499999999998,12582912
1048576,measured,18,0,generated,0,0.00014862499999999999,5.8041999999999998e-05,0.00014791700000000088,5.7625000000000384e-05,8.7624881416559219e-05,0.00047675000000000001,12582912
1048576,measured,18,1,handwritten,0,0.00014687500000000001,5.8041999999999998e-05,0.00014608399999999772,5.7625000000000384e-05,7.9582910984754562e-05,0.00043791700000000002,12582912
1048576,measured,19,0,handwritten,0,0.00014808399999999999,5.7707999999999997e-05,0.00014724999999999808,5.7250000000000009e-05,8.7624881416559219e-05,0.000464,12582912
1048576,measured,19,1,generated,0,0.000154041,6.0832999999999998e-05,0.00015329099999999984,6.041700000000011e-05,8.2249753177165985e-05,0.00047445799999999998,12582912
1048576,measured,20,0,generated,0,0.000149209,5.8334000000000001e-05,0.00014841700000000138,5.7917000000000211e-05,8.3291437476873398e-05,0.000461459,12582912
1048576,measured,20,1,handwritten,0,0.000148042,6.2415999999999993e-05,0.00014724999999999808,6.2000000000000423e-05,8.8499858975410461e-05,0.00046133300000000002,12582912
1048576,measured,21,0,handwritten,0,0.00014758300000000001,6.0374999999999997e-05,0.00014683399999999847,5.9916000000000136e-05,8.0708414316177368e-05,0.00046008300000000002,12582912
1048576,measured,21,1,generated,0,0.00015037500000000001,5.4583999999999998e-05,0.00014962400000000098,5.4208000000000034e-05,9.4625167548656464e-05,0.00047904099999999998,12582912
1048576,measured,22,0,generated,0,0.00014825,5.4333000000000003e-05,0.00014754200000000051,5.391699999999968e-05,8.3083752542734146e-05,0.00046712499999999998,12582912
1048576,measured,22,1,handwritten,0,0.00014891700000000001,5.4375e-05,0.00014816700000000113,5.3959000000000125e-05,8.3500053733587265e-05,0.00044612500000000002,12582912
1048576,measured,23,0,handwritten,0,0.00014862499999999999,5.4290999999999999e-05,0.00014783299999999999,5.391699999999968e-05,8.4541738033294678e-05,0.00045425000000000001,12582912
1048576,measured,23,1,generated,0,0.000147875,5.3999999999999998e-05,0.00014712500000000142,5.3624999999999853e-05,8.1500038504600525e-05,0.000474625,12582912
1048576,measured,24,0,generated,0,0.00014750000000000001,5.9542e-05,0.00014679199999999976,5.9082999999999705e-05,8.1375241279602051e-05,0.00045875000000000001,12582912
1048576,measured,24,1,handwritten,0,0.00014725,5.9791999999999999e-05,0.00014649900000000132,5.9332999999999955e-05,8.1750098615884781e-05,0.00044945899999999998,12582912
1048576,measured,25,0,handwritten,0,0.00014716600000000001,6.1582999999999996e-05,0.00014645899999999809,6.1084000000000312e-05,7.9666730016469955e-05,0.00044870799999999997,12582912
1048576,measured,25,1,generated,0,0.000147167,6.0124999999999998e-05,0.00014645900000000156,5.9624999999999782e-05,8.4375031292438507e-05,0.000472125,12582912
1048576,measured,26,0,generated,0,0.00014795800000000001,5.7583000000000001e-05,0.00014716700000000013,5.7124999999999884e-05,9.6250325441360474e-05,0.000505625,12582912
1048576,measured,26,1,handwritten,0,0.00016370800000000001,6.9208999999999994e-05,0.00016295900000000071,6.870799999999979e-05,0.00011062482371926308,0.00053395799999999996,12582912
1048576,measured,27,0,handwritten,0,0.00016120899999999999,5.3999999999999998e-05,0.00016054199999999963,5.3540999999999832e-05,0.0001116250641644001,0.00048349999999999999,12582912
1048576,measured,27,1,generated,0,0.00015187499999999999,5.3792000000000003e-05,0.00015112499999999848,5.3458000000000151e-05,8.4791798144578934e-05,0.000485167,12582912
1048576,measured,28,0,generated,0,0.00015145800000000001,7.4750000000000001e-05,0.00015075000000000158,7.4374999999999789e-05,0.00011100014671683311,0.00055779199999999999,12582912
1048576,measured,28,1,handwritten,0,0.000151125,6.9624999999999998e-05,0.00015033299999999902,6.9290999999999971e-05,0.00011325022205710411,0.00055558300000000001,12582912
1048576,measured,29,0,handwritten,0,0.000152125,7.1166000000000003e-05,0.00015137600000000168,7.0749999999999633e-05,0.00011012516915798187,0.00054183300000000003,12582912
1048576,measured,29,1,generated,0,0.00016416600000000001,9.1540999999999997e-05,0.00016345800000000174,9.0416999999999755e-05,0.00021687522530555725,0.00092741600000000003,12582912
1048576,measured,30,0,generated,0,0.000147959,7.4666999999999995e-05,0.00014720800000000284,7.4249999999999663e-05,0.00010987464338541031,0.00055895900000000004,12582912
1048576,measured,30,1,handwritten,0,0.000147792,6.2374999999999998e-05,0.00014695799999999912,6.1957999999999978e-05,0.00010845810174942017,0.00050266700000000004,12582912
1048576,measured,31,0,handwritten,0,0.00014991700000000001,8.0500000000000005e-05,0.00014916700000000213,8.0084000000000231e-05,0.00010824995115399361,0.000539125,12582912
1048576,measured,31,1,generated,0,0.00014845900000000001,7.4624999999999998e-05,0.00014766700000000063,7.4166999999999983e-05,0.00011062482371926308,0.00055312500000000001,12582912
1048576,measured,32,0,generated,0,0.000151583,7.4084000000000004e-05,0.00015079200000000029,7.3750000000000031e-05,0.00011024996638298035,0.000562792,12582912
1048576,measured,32,1,handwritten,0,0.000148083,7.6958000000000004e-05,0.00014720799999999937,7.6500000000000179e-05,0.00011116685345768929,0.00053883299999999996,12582912
1048576,measured,33,0,handwritten,0,0.00015091599999999999,7.6625000000000006e-05,0.00015016700000000313,7.6208000000000352e-05,0.00011150026693940163,0.00055225000000000001,12582912
1048576,measured,33,1,generated,0,0.000149042,7.3292000000000002e-05,0.00014820800000000037,7.2875000000000023e-05,0.0001105000264942646,0.00055816700000000004,12582912
1048576,measured,34,0,generated,0,0.00014854199999999999,7.3999999999999996e-05,0.00014779200000000076,7.3499999999999781e-05,0.00011087534949183464,0.00055037499999999997,12582912
1048576,measured,34,1,handwritten,0,0.00014725,6.1334000000000006e-05,0.00014641599999999991,6.0916999999999742e-05,0.00010862480849027634,0.00050529199999999996,12582912
1048576,measured,35,0,handwritten,0,0.00014912500000000001,7.9666999999999995e-05,0.00014829200000000126,7.9291999999999904e-05,0.00010762503370642662,0.00054362499999999995,12582912
1048576,measured,35,1,generated,0,0.00014775000000000001,7.4957999999999996e-05,0.00014704200000000001,7.4374999999999789e-05,0.00010862480849027634,0.00054958299999999997,12582912
1048576,measured,36,0,generated,0,0.000147875,7.5084000000000001e-05,0.00014704200000000001,7.4707999999999719e-05,0.00011070817708969116,0.00055383400000000001,12582912
1048576,measured,36,1,handwritten,0,0.000150667,6.9208000000000006e-05,0.00014991699999999941,6.8791999999999812e-05,8.9833512902259827e-05,0.00055349999999999996,12582912
1048576,measured,37,0,handwritten,0,0.00014975000000000001,5.3208000000000003e-05,0.00014904100000000253,5.2749999999999846e-05,9.1958325356245041e-05,0.000461125,12582912
1048576,measured,37,1,generated,0,0.00014895899999999999,5.2834000000000003e-05,0.00014825000000000255,5.2458000000000019e-05,8.1874895840883255e-05,0.00047358399999999998,12582912
1048576,measured,38,0,generated,0,0.000146,5.8167000000000001e-05,0.00014529200000000173,5.766599999999962e-05,7.2875060141086578e-05,0.000455709,12582912
1048576,measured,38,1,handwritten,0,0.00014633300000000001,6.0374999999999997e-05,0.00014545799999999762,5.9875000000000032e-05,7.3499977588653564e-05,0.00043816599999999998,12582912
1048576,measured,39,0,handwritten,0,0.00014975000000000001,5.3415999999999998e-05,0.00014908400000000072,5.3000000000000096e-05,8.3500053733587265e-05,0.00044874999999999998,12582912
1048576,measured,39,1,generated,0,0.00014745900000000001,5.8082999999999999e-05,0.00014679199999999976,5.7625000000000384e-05,7.2500202804803848e-05,0.0004505,12582912
1048576,measured,40,0,generated,0,0.00015091700000000001,6.2042e-05,0.00015016699999999966,6.1625000000000048e-05,7.4583571404218674e-05,0.00046854200000000001,12582912
1048576,measured,40,1,handwritten,0,0.00014829200000000001,5.3625000000000002e-05,0.00014750100000000127,5.3207999999999901e-05,7.8250188380479813e-05,0.00044549999999999999,12582912
1048576,measured,41,0,handwritten,0,0.00014895800000000001,5.4292000000000001e-05,0.00014820800000000037,5.3875000000000103e-05,9.0791843831539154e-05,0.00045466700000000002,12582912
1048576,measured,41,1,generated,0,0.00015345800000000001,5.3749999999999999e-05,0.00015266599999999922,5.3374999999999603e-05,9.9000055342912674e-05,0.00048179100000000002,12582912
1048576,measured,42,0,generated,0,0.00014633300000000001,5.8665999999999997e-05,0.0001454999999999998,5.8207999999999697e-05,8.0875121057033539e-05,0.00046120800000000001,12582912
1048576,measured,42,1,handwritten,0,0.00014654100000000001,5.8041999999999998e-05,0.00014583299999999799,5.7625000000000384e-05,7.9375226050615311e-05,0.00044012499999999998,12582912
1048576,measured,43,0,handwritten,0,0.00014679100000000001,5.3875000000000002e-05,0.00014595799999999812,5.3499999999999728e-05,8.0999918282032013e-05,0.00044475,12582912
1048576,measured,43,1,generated,0,0.00014791699999999999,6.4541000000000004e-05,0.00014725000000000155,6.4124999999999946e-05,8.9083332568407059e-05,0.00048741700000000003,12582912
1048576,measured,44,0,generated,0,0.00016391600000000001,6.1084e-05,0.00016320799999999802,6.0624999999999915e-05,0.00011650007218122482,0.00053362500000000003,12582912
1048576,measured,44,1,handwritten,0,0.00015254099999999999,6.1166000000000004e-05,0.0001518750000000027,6.075000000000004e-05,0.0001116669736802578,0.00050066599999999998,12582912
1048576,measured,45,0,handwritten,0,0.00015837499999999999,6.1249999999999998e-05,0.00015758299999999933,6.0833999999999194e-05,9.7000040113925934e-05,0.00048416600000000001,12582912
1048576,measured,45,1,generated,0,0.000147875,6.0541999999999997e-05,0.00014704100000000053,6.0083000000000705e-05,8.9625362306833267e-05,0.00047837500000000001,12582912
1048576,measured,46,0,generated,0,0.00014991599999999999,5.8125000000000003e-05,0.00014912400000000048,5.7708000000000065e-05,9.4291754066944122e-05,0.000484375,12582912
1048576,measured,46,1,handwritten,0,0.000146083,5.8625000000000002e-05,0.00014533300000000096,5.8249999999999275e-05,9.0875197201967239e-05,0.00047600000000000002,12582912
1048576,measured,47,0,handwritten,0,0.00014720799999999999,6.3332999999999998e-05,0.00014637399999999773,6.2915999999999667e-05,9.4958581030368805e-05,0.00046700000000000002,12582912
1048576,measured,47,1,generated,0,0.000145666,6.0834000000000001e-05,0.00014491700000000135,6.0374999999999665e-05,8.1792008131742477e-05,0.000469791,12582912
1048576,measured,48,0,generated,0,0.000145625,5.4625e-05,0.00014487499999999917,5.4250000000000478e-05,8.6333137005567551e-05,0.000462375,12582912
1048576,measured,48,1,handwritten,0,0.000146083,5.9874999999999998e-05,0.00014524999999999955,5.9415999999999636e-05,8.1625301390886307e-05,0.00044575000000000002,12582912
1048576,measured,49,0,handwritten,0,0.00015104199999999999,6.1500000000000004e-05,0.00015033300000000249,6.1083999999999444e-05,9.5875002443790436e-05,0.00049299999999999995,12582912
1048576,measured,49,1,generated,0,0.00014629199999999999,6.0208999999999999e-05,0.0001454999999999998,5.9750000000000775e-05,7.4708368629217148e-05,0.00045791700000000001,12582912
1048576,measured,50,0,generated,0,0.000156291,5.4874999999999999e-05,0.00015525000000000261,5.4500000000000728e-05,9.0333633124828339e-05,0.00047920800000000001,12582912
1048576,measured,50,1,handwritten,0,0.00014683400000000001,5.9624999999999999e-05,0.00014604199999999901,5.9167000000000594e-05,8.7624881416559219e-05,0.00046629199999999999,12582912
1048576,measured,51,0,handwritten,0,0.000145625,6.0207999999999997e-05,0.00014483299999999699,5.9791000000000011e-05,8.2375016063451767e-05,0.00044558299999999999,12582912
1048576,measured,51,1,generated,0,0.00014745900000000001,6.0333e-05,0.0001466670000000031,5.9916999999999609e-05,8.9624896645545959e-05,0.00047612499999999999,12582912
1048576,measured,52,0,generated,0,0.000146334,6.0958000000000001e-05,0.00014558299999999774,6.049999999999979e-05,9.0916641056537628e-05,0.00047966699999999997,12582912
1048576,measured,52,1,handwritten,0,0.00014733300000000001,6.1249999999999998e-05,0.0001465000000000008,6.0832999999999721e-05,9.5500145107507706e-05,0.000469333,12582912
1048576,measured,53,0,handwritten,0,0.000151166,6.3083999999999994e-05,0.00015049999999999786,6.2582999999999736e-05,0.00010716682299971581,0.00050325000000000001,12582912
1048576,measured,53,1,generated,0,0.00014579099999999999,5.9791999999999999e-05,0.00014508299999999724,5.93750000000004e-05,8.4708444774150848e-05,0.00047487499999999998,12582912
1048576,measured,54,0,generated,0,0.000146291,5.9874999999999998e-05,0.0001456670000000021,5.945800000000008e-05,8.4541738033294678e-05,0.00047375,12582912
1048576,measured,54,1,handwritten,0,0.00014879199999999999,6.1167000000000006e-05,0.00014804099999999459,6.075000000000004e-05,9.999983012676239e-05,0.00047433399999999998,12582912
1048576,measured,55,0,handwritten,0,0.00015941600000000001,7.3583000000000003e-05,0.00015870800000000046,7.2958999999999177e-05,0.00010020798072218895,0.00050445799999999995,12582912
1048576,measured,55,1,generated,0,0.000157959,6.2459000000000006e-05,0.00015725099999999714,6.1958000000000846e-05,0.00010675005614757538,0.00051295900000000001,12582912
1048576,measured,56,0,generated,0,0.000150292,6.0667e-05,0.00014954200000000251,6.020800000000083e-05,7.8874640166759491e-05,0.00046674999999999999,12582912
1048576,measured,56,1,handwritten,0,0.000153375,6.8665999999999996e-05,0.00015266700000000216,6.8291999999999312e-05,0.00010999990627169609,0.00054199999999999995,12582912
1048576,measured,57,0,handwritten,0,0.00015100000000000001,6.9208000000000006e-05,0.00015024999999999761,6.8749999999999367e-05,0.00011291680857539177,0.000536791,12582912
1048576,measured,57,1,generated,0,0.000154666,7.6959000000000006e-05,0.000153915999999997,7.6625000000000304e-05,0.00011283298954367638,0.00056316600000000004,12582912
1048576,measured,58,0,generated,0,0.00015712500000000001,9.0000000000000006e-05,0.00015645799999999821,8.8583999999999191e-05,0.00031670834869146347,0.00098170799999999997,12582912
1048576,measured,58,1,handwritten,0,0.000149209,6.9958999999999999e-05,0.00014841699999999791,6.9582999999999798e-05,0.00010779174044728279,0.00052833399999999999,12582912
1048576,measured,59,0,handwritten,0,0.00014920800000000001,6.8541000000000007e-05,0.00014841699999999791,6.7957999999999907e-05,0.00010945834219455719,0.00051479100000000001,12582912
1048576,measured,59,1,generated,0,0.00015108299999999999,7.1458000000000006e-05,0.00015033300000000249,7.1125000000000008e-05,0.00011075008660554886,0.00056295800000000001,12582912
1048576,measured,60,0,generated,0,0.00015366699999999999,7.1707999999999999e-05,0.00015295900000000112,7.1332999999999813e-05,0.00011100014671683311,0.00055629200000000001,12582912
1048576,measured,60,1,handwritten,0,0.00015233400000000001,7.025e-05,0.00015174999999999911,6.9916999999999202e-05,0.00011179130524396896,0.00053850000000000002,12582912
1048576,measured,61,0,handwritten,0,0.000149875,7.0834000000000007e-05,0.00014899999999999636,7.0458000000000673e-05,0.00011137500405311584,0.00053566699999999998,12582912
1048576,measured,61,1,generated,0,0.000149667,6.9917000000000002e-05,0.00014904100000000253,6.9582999999999798e-05,0.00010962504893541336,0.00054733400000000001,12582912
1048576,measured,62,0,generated,0,0.000151292,7.5582999999999998e-05,0.00015054199999999657,7.5208999999999693e-05,0.00011129165068268776,0.00056091699999999997,12582912
1048576,measured,62,1,handwritten,0,0.000163542,7.2917000000000007e-05,0.00016279200000000188,7.2542000000000093e-05,0.00012487499043345451,0.00058529199999999995,12582912
1048576,measured,63,0,handwritten,0,0.00016408300000000001,7.0500000000000006e-05,0.00016337500000000033,7.0166999999999452e-05,0.00012208335101604462,0.000575083,12582912
1048576,measured,63,1,generated,0,0.00015441700000000001,6.7125000000000005e-05,0.00015370900000000187,6.6665999999999948e-05,0.00011562509462237358,0.00054270900000000005,12582912
1048576,measured,64,0,generated,0,0.00015379200000000001,6.9333999999999997e-05,0.00015304099999999959,6.8999999999999617e-05,0.00012191664427518845,0.00058462499999999997,12582912
1048576,measured,64,1,handwritten,0,0.00014816699999999999,7.1124999999999994e-05,0.00014745800000000309,7.0791000000000603e-05,0.00011112494394183159,0.00054116699999999995,12582912
1048576,measured,65,0,handwritten,0,0.00015516600000000001,6.0417000000000001e-05,0.00015445800000000315,6.0083000000000705e-05,0.00010687485337257385,0.00049450000000000004,12582912
1048576,measured,65,1,generated,0,0.00016029099999999999,6.3874999999999994e-05,0.00015970800000000146,6.3541000000000292e-05,0.0001043747179210186,0.00051124999999999999,12582912
1048576,measured,66,0,generated,0,0.000163208,6.0417000000000001e-05,0.00016245899999999674,6.0041999999999734e-05,0.00010325014591217041,0.00052649999999999995,12582912
1048576,measured,66,1,handwritten,0,0.00016558299999999999,5.8125000000000003e-05,0.00016487500000000183,5.7750000000000509e-05,0.00012791668996214867,0.00053300000000000005,12582912
1048576,measured,67,0,handwritten,0,0.00016875000000000001,6.3374999999999995e-05,0.00016812399999999866,6.291699999999914e-05,0.00012616673484444618,0.00053708300000000005,12582912
1048576,measured,67,1,generated,0,0.00015650000000000001,6.3374999999999995e-05,0.00015570699999999799,6.2958000000000111e-05,0.00011208327487111092,0.00051999999999999995,12582912
1048576,measured,68,0,generated,0,0.00015620799999999999,6.5375000000000003e-05,0.00015554300000000104,6.4958000000000377e-05,0.00011479156091809273,0.00052958300000000003,12582912
1048576,measured,68,1,handwritten,0,0.00015820799999999999,6.4083000000000003e-05,0.00015741699999999997,6.3624999999999446e-05,0.00011845817789435387,0.00051725000000000002,12582912
1048576,measured,69,0,handwritten,0,0.000159875,5.7166999999999997e-05,0.00015924999999999967,5.6749999999999509e-05,0.0001233336515724659,0.00051437499999999997,12582912
1048576,measured,69,1,generated,0,0.00016170900000000001,6.7041999999999999e-05,0.00016095899999999524,6.6583000000000267e-05,0.00012445822358131409,0.00054520899999999995,12582912
1048576,measured,70,0,generated,0,0.00016295900000000001,6.2791000000000002e-05,0.00016220899999999649,6.2334000000000694e-05,0.00012100022286176682,0.00055012500000000005,12582912
1048576,measured,70,1,handwritten,0,0.000149958,6.0083000000000001e-05,0.00014916599999999919,5.9666999999999359e-05,0.00010908348485827446,0.00048887500000000005,12582912
1048576,measured,71,0,handwritten,0,0.00015008299999999999,6.0458000000000003e-05,0.00014933300000000149,6.0041000000000261e-05,0.00010999990627169609,0.00052733299999999995,12582912
1048576,measured,71,1,generated,0,0.000153917,6.1167000000000006e-05,0.0001532080000000019,6.066700000000036e-05,0.00010316679254174232,0.00050004200000000002,12582912
1048576,measured,72,0,generated,0,0.00015404200000000001,5.8167000000000001e-05,0.00015337600000000368,5.7708000000000065e-05,9.3750189989805222e-05,0.00048825000000000002,12582912
1048576,measured,72,1,handwritten,0,0.000145833,5.3458000000000002e-05,0.00014516600000000213,5.3041999999999673e-05,9.762495756149292e-05,0.000459083,12582912
1048576,measured,73,0,handwritten,0,0.00015375,5.4041e-05,0.00015283299999999805,5.3624999999999853e-05,9.0416520833969116e-05,0.00046508299999999998,12582912
1048576,measured,73,1,generated,0,0.00014533300000000001,5.8958e-05,0.00014458399999999622,5.8499999999999525e-05,7.6250173151493073e-05,0.00044874999999999998,12582912
1048576,measured,74,0,generated,0,0.00014420899999999999,5.3667e-05,0.0001434590000000055,5.3291000000000449e-05,7.3666684329509735e-05,0.000439042,12582912
1048576,measured,74,1,handwritten,0,0.00014704200000000001,6.1916999999999997e-05,0.00014625000000000055,6.1458000000000346e-05,9.0958084911108017e-05,0.00045479199999999998,12582912
1048576,measured,75,0,handwritten,0,0.00015191599999999999,6.1249999999999998e-05,0.00015116600000000119,6.0875000000000165e-05,0.00011279154568910599,0.00049291600000000004,12582912
1048576,measured,75,1,generated,0,0.00014670899999999999,6.0458000000000003e-05,0.0001458749999999967,5.995800000000058e-05,9.8375137895345688e-05,0.000495,12582912
1048576,measured,76,0,generated,0,0.00015425000000000001,5.4750000000000003e-05,0.00015354100000000009,5.4333000000000159e-05,0.00011037476360797882,0.00050166700000000002,12582912
1048576,measured,76,1,handwritten,0,0.000148083,6.0708000000000002e-05,0.00014729200000000026,6.024999999999954e-05,9.9166762083768845e-05,0.00047516600000000001,12582912
1048576,measured,77,0,handwritten,0,0.000151583,6.0250000000000001e-05,0.0001508750000000017,5.9833000000000455e-05,0.00010945834219455719,0.00053283300000000003,12582912
1048576,measured,77,1,generated,0,0.000146417,5.8417e-05,0.00014570900000000081,5.7958000000000315e-05,9.1833528131246567e-05,0.00047891699999999998,12582912
1048576,measured,78,0,generated,0,0.00015024999999999999,7.0667000000000006e-05,0.00014954099999999609,7.0083000000000298e-05,0.00010199984535574913,0.00050308299999999998,12582912
1048576,measured,78,1,handwritten,0,0.000159166,5.5999999999999999e-05,0.0001584160000000015,5.5499999999999994e-05,0.0001093749888241291,0.00048224999999999999,12582912
1048576,measured,79,0,handwritten,0,0.00015633300000000001,6.05e-05,0.0001555830000000008,6.0083000000000705e-05,0.00010145828127861023,0.00048679099999999998,12582912
1048576,measured,79,1,generated,0,0.00016604200000000001,6.5749999999999999e-05,0.00016545800000000027,6.5291000000000307e-05,0.00011399993672966957,0.00054483400000000001,12582912
1048576,measured,80,0,generated,0,0.000166625,5.7750000000000001e-05,0.00016604099999999872,5.7417000000000579e-05,0.00011641671881079674,0.00054016700000000003,12582912
1048576,measured,80,1,handwritten,0,0.00015595800000000001,5.8709000000000003e-05,0.00015529200000000132,5.833300000000069e-05,0.00010749977082014084,0.00050716699999999999,12582912
1048576,measured,81,0,handwritten,0,0.00015841600000000001,5.9667000000000003e-05,0.00015770799999999946,5.9250000000000275e-05,0.00010249996557831764,0.00048883300000000004,12582912
1048576,measured,81,1,generated,0,0.000150958,8.7040999999999996e-05,0.00015020899999999837,8.6667000000000341e-05,0.00016029179096221924,0.00085800000000000004,12582912
1048576,measured,82,0,generated,0,0.00016625,5.6957999999999999e-05,0.00016554099999999822,5.6624999999999384e-05,0.00010337494313716888,0.00050766699999999995,12582912
1048576,measured,82,1,handwritten,0,0.000157625,6.0667e-05,0.00015679199999999588,6.0166999999999859e-05,7.7333301305770874e-05,0.00045654199999999999,12582912
1048576,measured,83,0,handwritten,0,0.00015108400000000001,5.4290999999999999e-05,0.00015037600000000068,5.3792000000000423e-05,8.7874941527843475e-05,0.000452125,12582912
1048576,measured,83,1,generated,0,0.00014895800000000001,5.3625000000000002e-05,0.00014816599999999819,5.3249999999999478e-05,8.6375046521425247e-05,0.00046545799999999997,12582912
1048576,measured,84,0,generated,0,0.00015033399999999999,6.0291999999999998e-05,0.00014954200000000251,5.9874999999999165e-05,8.8958535343408585e-05,0.00047195899999999999,12582912
1048576,measured,84,1,handwritten,0,0.000149541,6.0083000000000001e-05,0.00014875000000000305,5.9583000000000205e-05,9.1708265244960785e-05,0.00047566600000000002,12582912
1048576,measured,85,0,handwritten,0,0.00014775000000000001,5.3667e-05,0.0001470000000000013,5.3332999999999159e-05,8.3875376731157303e-05,0.00046908300000000002,12582912
1048576,measured,85,1,generated,0,0.00014812500000000001,5.6084e-05,0.00014733299999999949,5.5625000000000119e-05,8.4083527326583862e-05,0.00046337499999999997,12582912
1048576,measured,86,0,generated,0,0.00014816699999999999,5.3208000000000003e-05,0.00014741699999999691,5.2833999999999867e-05,8.1666745245456696e-05,0.000459083,12582912
1048576,measured,86,1,handwritten,0,0.000147458,5.3667e-05,0.00014662500000000439,5.3249999999999478e-05,8.0291647464036942e-05,0.00043991700000000001,12582912
1048576,measured,87,0,handwritten,0,0.000151917,6.2040999999999998e-05,0.00015112499999999501,6.162499999999918e-05,9.7875017672777176e-05,0.00048495800000000001,12582912
1048576,measured,87,1,generated,0,0.00015695800000000001,5.9790999999999997e-05,0.00015608200000000183,5.9332999999999955e-05,9.3208160251379013e-05,0.00049308299999999995,12582912
1048576,measured,88,0,generated,0,0.000154833,6.0582999999999999e-05,0.00015400000000000136,6.0124999999999415e-05,9.2874746769666672e-05,0.00048945800000000002,12582912
1048576,measured,88,1,handwritten,0,0.00015016699999999999,5.4625e-05,0.00014929100000000278,5.4208000000000034e-05,8.2041602581739426e-05,0.00044825000000000003,12582912
1048576,measured,89,0,handwritten,0,0.000150125,5.9624999999999999e-05,0.00014945900000000456,5.9167000000000594e-05,8.2958489656448364e-05,0.00045249999999999999,12582912
1048576,measured,89,1,generated,0,0.00015349999999999999,6.0458999999999998e-05,0.00015283299999999805,5.999999999999929e-05,9.4791874289512634e-05,0.00048787499999999997,12582912
1048576,measured,90,0,generated,0,0.00015054200000000001,6.0374999999999997e-05,0.00014975000000000405,5.9916000000000136e-05,8.2499813288450241e-05,0.00047170900000000001,12582912
1048576,measured,90,1,handwritten,0,0.000149875,6.0166e-05,0.00014912499999999995,5.970800000000033e-05,8.3249993622303009e-05,0.00045691599999999997,12582912
1048576,measured,91,0,handwritten,0,0.000148584,5.9500000000000003e-05,0.0001477079999999964,5.912500000000015e-05,8.5374806076288223e-05,0.00045341700000000001,12582912
1048576,measured,91,1,generated,0,0.00015245800000000001,6.1875e-05,0.00015162500000000245,6.1458000000000346e-05,0.00010895822197198868,0.00051000000000000004,12582912
1048576,measured,92,0,generated,0,0.00014933399999999999,6.0291999999999998e-05,0.00014849999999999586,5.9750000000000775e-05,8.2874670624732971e-05,0.00046733400000000002,12582912
1048576,measured,92,1,handwritten,0,0.00014970900000000001,6.0207999999999997e-05,0.00014883400000000047,5.9791999999999484e-05,8.2083046436309814e-05,0.00045441699999999998,12582912
1048576,measured,93,0,handwritten,0,0.00014866599999999999,6.05e-05,0.00014783299999999999,5.999999999999929e-05,8.5333362221717834e-05,0.00045408299999999998,12582912
1048576,measured,93,1,generated,0,0.000152917,6.1834000000000005e-05,0.00015204099999999859,6.1333000000000221e-05,9.8041724413633347e-05,0.00049870899999999996,12582912
1048576,measured,94,0,generated,0,0.00014883299999999999,6.0832999999999998e-05,0.00014804200000000101,6.0374999999999665e-05,8.304184302687645e-05,0.00047020800000000001,12582912
1048576,measured,94,1,handwritten,0,0.000147458,6.0250000000000001e-05,0.00014666600000000363,5.9791999999999484e-05,8.0666504800319672e-05,0.00044129100000000001,12582912
1048576,measured,95,0,handwritten,0,0.00015087499999999999,6.0791999999999997e-05,0.0001502079999999989,6.0291000000000511e-05,0.00010091671720147133,0.00048233299999999999,12582912
1048576,measured,95,1,generated,0,0.000153666,6.1334000000000006e-05,0.0001530829999999983,6.091700000000061e-05,0.00010670861229300499,0.00051000000000000004,12582912
1048576,measured,96,0,generated,0,0.000155625,5.3499999999999999e-05,0.0001548750000000057,5.3124999999999353e-05,0.0001171664334833622,0.00050912500000000003,12582912
1048576,measured,96,1,handwritten,0,0.00015020800000000001,5.3625000000000002e-05,0.0001493750000000002,5.3249999999999478e-05,8.8874716311693192e-05,0.00045566600000000002,12582912
1048576,measured,97,0,handwritten,0,0.000152375,6.2374999999999998e-05,0.0001515829999999968,6.1958000000000846e-05,7.9708173871040344e-05,0.00045862499999999999,12582912
1048576,measured,97,1,generated,0,0.00014862499999999999,5.8e-05,0.00014783299999999999,5.758299999999994e-05,8.7000429630279541e-05,0.00046895800000000001,12582912
1048576,measured,98,0,generated,0,0.0001505,5.3291999999999997e-05,0.00014966600000000663,5.2916000000000074e-05,9.1542024165391922e-05,0.000475458,12582912
1048576,measured,98,1,handwritten,0,0.00014779100000000001,5.8875000000000001e-05,0.00014704100000000053,5.8416999999999844e-05,9.5458701252937317e-05,0.00046966599999999999,12582912
1048576,measured,99,0,handwritten,0,0.00015187499999999999,5.9957999999999998e-05,0.0001512079999999999,5.9540999999999761e-05,9.325006976723671e-05,0.00049291700000000005,12582912
1048576,measured,99,1,generated,0,0.00014612499999999999,5.825e-05,0.00014541700000000185,5.783300000000019e-05,7.2541646659374237e-05,0.00044637499999999999,12582912
16777216,warmup,0,0,generated,0,0.013466875,0.0045084590000000003,0.013462625000000006,0.0045069170000000009,0.0016979584470391273,0.024640292000000001,201326592
16777216,warmup,0,1,handwritten,0,0.0069971249999999999,0.001234083,0.006995749999999995,0.0012330000000000015,0.0029043750837445259,0.011520417,201326592
16777216,warmup,1,0,handwritten,0,0.00240325,0.0012422500000000001,0.0024022919999999864,0.0012401249999999982,0.0020912084728479385,0.0061697080000000003,201326592
16777216,warmup,1,1,generated,0,0.0024757500000000001,0.001253875,0.0024736679999999983,0.0012524580000000014,0.0024360418319702148,0.0065935840000000004,201326592
16777216,warmup,2,0,generated,0,0.0024568340000000002,0.0012209160000000001,0.0024557919999999983,0.0012195410000000011,0.002201541792601347,0.0063359169999999999,201326592
16777216,warmup,2,1,handwritten,0,0.0023882920000000002,0.0012507499999999999,0.0023875000000000007,0.0012492919999999991,0.0021941247396171093,0.0063188749999999998,201326592
16777216,warmup,3,0,handwritten,0,0.0024212090000000001,0.00120375,0.0024197499999999983,0.0012031659999999986,0.0024021663703024387,0.0064732920000000003,201326592
16777216,warmup,3,1,generated,0,0.0025370000000000002,0.001197584,0.0025359169999999986,0.0011970409999999994,0.0026784585788846016,0.0068507500000000001,201326592
16777216,warmup,4,0,generated,0,0.0024414580000000001,0.0013640410000000001,0.0024394999999999972,0.0013628340000000003,0.002320791594684124,0.0065785829999999998,201326592
16777216,warmup,4,1,handwritten,0,0.0024092079999999999,0.0012085830000000001,0.002407998999999994,0.0012078750000000006,0.0021575000137090683,0.0062148749999999999,201326592
16777216,warmup,5,0,handwritten,0,0.0027272500000000001,0.0012600409999999999,0.002724041999999996,0.0012587089999999967,0.0022517917677760124,0.0066407080000000004,201326592
16777216,warmup,5,1,generated,0,0.0024835410000000001,0.0012964579999999999,0.0024822919999999971,0.0012947499999999973,0.0021815421059727669,0.0064671249999999998,201326592
16777216,warmup,6,0,generated,0,0.002562375,0.0012459579999999999,0.0025609580000000021,0.0012445000000000025,0.0024960832670331001,0.0067880830000000003,201326592
16777216,warmup,6,1,handwritten,0,0.0025481660000000001,0.001278667,0.002544666000000001,0.0012775410000000001,0.0021525830961763859,0.0063897499999999996,201326592
16777216,warmup,7,0,handwritten,0,0.002523375,0.0013832919999999999,0.0025222510000000031,0.0013814580000000021,0.0016886251978576183,0.0060483330000000004,201326592
16777216,warmup,7,1,generated,0,0.0029984999999999999,0.0016051660000000001,0.0029971249999999894,0.001604042,0.0017915833741426468,0.0068668749999999997,201326592
16777216,warmup,8,0,generated,0,0.0025167499999999999,0.00147025,0.0025154589999999977,0.0014689579999999994,0.0017662919126451015,0.0061517919999999997,201326592
16777216,warmup,8,1,handwritten,0,0.0026405840000000001,0.001255875,0.0026390840000000138,0.001253457999999999,0.0023785834200680256,0.006743209,201326592
16777216,warmup,9,0,handwritten,0,0.0024300839999999999,0.001291541,0.0024287909999999857,0.0012896670000000013,0.0021268334239721298,0.006352,201326592
16777216,warmup,9,1,generated,0,0.0024810000000000001,0.0013265830000000001,0.0024787079999999961,0.0013249999999999998,0.0024559581652283669,0.0067312079999999998,201326592
16777216,measured,0,0,generated,0,0.0026467499999999998,0.0012576250000000001,0.0026453329999999997,0.0012561670000000025,0.0019869999960064888,0.0061451659999999996,201326592
16777216,measured,0,1,handwritten,0,0.0024581669999999998,0.0013658749999999999,0.0024567500000000075,0.0013641250000000008,0.0022958335466682911,0.0066014580000000002,201326592
16777216,measured,1,0,handwritten,0,0.0025612909999999998,0.0012956249999999999,0.0025596240000000103,0.0012937920000000019,0.0021907915361225605,0.0065191659999999998,201326592
16777216,measured,1,1,generated,0,0.002533834,0.001333,0.0025327069999999952,0.0013322080000000014,0.0023659584112465382,0.0067202090000000004,201326592
16777216,measured,2,0,generated,0,0.0027489160000000001,0.0012517089999999999,0.0027460410000000046,0.0012512079999999967,0.0019725416786968708,0.0063097910000000004,201326592
16777216,measured,2,1,handwritten,0,0.0024415420000000001,0.001204166,0.0024404990000000126,0.0012035000000000032,0.0022373748943209648,0.0063210000000000002,201326592
16777216,measured,3,0,handwritten,0,0.0026693329999999999,0.0012770839999999999,0.0026668339999999791,0.0012756250000000025,0.0020465832203626633,0.0064190419999999998,201326592
16777216,measured,3,1,generated,0,0.0023734170000000001,0.0013429169999999999,0.0023720409999999914,0.0013421249999999996,0.0020576664246618748,0.0062197499999999996,201326592
16777216,measured,4,0,generated,0,0.0025119999999999999,0.0012268330000000001,0.0025102499999999917,0.0012253340000000015,0.0021405834704637527,0.0063334580000000001,201326592
16777216,measured,4,1,handwritten,0,0.002403292,0.001281417,0.0024019170000000034,0.0012804579999999982,0.0020468332804739475,0.0061702500000000004,201326592
16777216,measured,5,0,handwritten,0,0.0024220420000000001,0.001259292,0.0024199159999999942,0.0012577920000000006,0.0021743751130998135,0.0062758340000000001,201326592
16777216,measured,5,1,generated,0,0.0025837500000000001,0.0012836670000000001,0.0025824590000000092,0.0012817079999999995,0.0019627083092927933,0.0063412499999999997,201326592
16777216,measured,6,0,generated,0,0.0024022499999999999,0.001239375,0.0024011669999999818,0.0012373330000000002,0.0020009167492389679,0.0061415000000000003,201326592
16777216,measured,6,1,handwritten,0,0.002441833,0.00124175,0.0024403749999999946,0.0012400419999999968,0.0020054583437740803,0.006106083,201326592
16777216,measured,7,0,handwritten,0,0.002464333,0.0013407079999999999,0.0024620840000000033,0.0013385419999999981,0.0028295419178903103,0.0070888330000000001,201326592
16777216,measured,7,1,generated,0,0.0025726659999999999,0.0012416669999999999,0.002571751000000011,0.0012395000000000045,0.0021188752725720406,0.0064318329999999996,201326592
16777216,measured,8,0,generated,0,0.0024822500000000001,0.001213958,0.0024812920000000238,0.0012131670000000011,0.0023499163798987865,0.0065499590000000002,201326592
16777216,measured,8,1,handwritten,0,0.0025939579999999999,0.001259458,0.0025929170000000001,0.0012578339999999993,0.001990749966353178,0.0060732080000000001,201326592
16777216,measured,9,0,handwritten,0,0.0024004999999999999,0.001185375,0.0023991260000000014,0.0011846249999999947,0.0024754996411502361,0.0064924589999999999,201326592
16777216,measured,9,1,generated,0,0.0026329999999999999,0.0013055409999999999,0.0026314159999999975,0.0013041250000000032,0.0023851664736866951,0.0067534159999999999,201326592
16777216,measured,10,0,generated,0,0.0024477919999999998,0.001249542,0.0024466250000000078,0.0012488330000000047,0.0021049166098237038,0.0062428340000000001,201326592
16777216,measured,10,1,handwritten,0,0.0024853750000000002,0.001226708,0.0024840839999999975,0.0012251249999999936,0.0022177500650286674,0.0064062499999999996,201326592
16777216,measured,11,0,handwritten,0,0.0024434589999999998,0.001244708,0.0024420410000000059,0.0012436660000000044,0.0018011662177741528,0.0059314169999999996,201326592
16777216,measured,11,1,generated,0,0.002399708,0.001306916,0.0023984999999999979,0.0013052499999999939,0.0021902499720454216,0.0063940000000000004,201326592
16777216,measured,12,0,generated,0,0.0025279999999999999,0.0013355000000000001,0.0025263749999999974,0.001333333000000006,0.0019763750024139881,0.0062954159999999999,201326592
16777216,measured,12,1,handwritten,0,0.0026238339999999998,0.001356875,0.0026225840000000111,0.0013555829999999935,0.0017475415952503681,0.0061595840000000001,201326592
16777216,measured,13,0,handwritten,0,0.0025930839999999998,0.001363667,0.0025901250000000264,0.0013625830000000005,0.0016852496191859245,0.0060546669999999997,201326592
16777216,measured,13,1,generated,0,0.002775792,0.0018380829999999999,0.0027717090000000111,0.0018367910000000043,0.002080125268548727,0.0071577919999999996,201326592
16777216,measured,14,0,generated,0,0.0026789579999999999,0.001542833,0.0026759170000000276,0.0015416250000000048,0.0018391250632703304,0.0065537080000000001,201326592
16777216,measured,14,1,handwritten,0,0.0028049580000000002,0.001183042,0.0028027919999999984,0.0011820409999999948,0.001692499965429306,0.0060899170000000002,201326592
16777216,measured,15,0,handwritten,0,0.0024827920000000002,0.0012862500000000001,0.0024805410000000028,0.0012856249999999986,0.0022017913870513439,0.0063559999999999997,201326592
16777216,measured,15,1,generated,0,0.0025989160000000002,0.0012522919999999999,0.0025972910000000016,0.001251374999999999,0.002024166751652956,0.0063385000000000004,201326592
16777216,measured,16,0,generated,0,0.002544667,0.0012607919999999999,0.0025430000000000175,0.0012601250000000008,0.0023097498342394829,0.0065599170000000002,201326592
16777216,measured,16,1,handwritten,0,0.0025095,0.001191084,0.0025079580000000323,0.0011905829999999951,0.0018222499638795853,0.0059533750000000003,201326592
16777216,measured,17,0,handwritten,0,0.0024973339999999999,0.0012256249999999999,0.0024961669999999936,0.0012251249999999936,0.0022975415922701359,0.0065071249999999999,201326592
16777216,measured,17,1,generated,0,0.0025685840000000001,0.0013147499999999999,0.0025662509999999639,0.0013131660000000045,0.0027000834234058857,0.0070910419999999997,201326592
16777216,measured,18,0,generated,0,0.002399333,0.0012835839999999999,0.0023978749999999938,0.0012828329999999971,0.0019838330335915089,0.0061015419999999997,201326592
16777216,measured,18,1,handwritten,0,0.0025057909999999998,0.0012179160000000001,0.002504083999999962,0.0012159999999999949,0.0021484582684934139,0.0063619159999999996,201326592
16777216,measured,19,0,handwritten,0,0.002423583,0.001370666,0.0024220830000000193,0.0013691249999999988,0.0020012916065752506,0.0062322080000000004,201326592
16777216,measured,19,1,generated,0,0.0024213749999999999,0.0013546669999999999,0.0024199160000000219,0.0013531249999999967,0.0022586248815059662,0.0065374170000000002,201326592
16777216,measured,20,0,generated,0,0.0024434999999999999,0.0012520420000000001,0.002442208999999973,0.0012505000000000016,0.0019847084768116474,0.0061290420000000003,201326592
16777216,measured,20,1,handwritten,0,0.0025309590000000002,0.001365083,0.002529083000000043,0.0013630409999999954,0.0024722497910261154,0.0068128750000000004,201326592
16777216,measured,21,0,handwritten,0,0.0024645829999999998,0.001273375,0.0024630419999999709,0.0012715830000000067,0.0021966253407299519,0.0063882080000000003,201326592
16777216,measured,21,1,generated,0,0.0025179999999999998,0.0013142920000000001,0.0025167920000000454,0.0013134580000000035,0.0028324169106781483,0.0071004170000000004,201326592
16777216,measured,22,0,generated,0,0.0025178750000000001,0.0012804579999999999,0.0025151250000000069,0.0012790830000000003,0.0023050000891089439,0.0065767079999999997,201326592
16777216,measured,22,1,handwritten,0,0.0025497919999999999,0.001320875,0.0025483749999999916,0.001320541999999994,0.0020912499167025089,0.0063464999999999997,201326592
16777216,measured,23,0,handwritten,0,0.002595417,0.0013425830000000001,0.0025927500000000325,0.0013409590000000027,0.0023856251500546932,0.0067545419999999997,201326592
16777216,measured,23,1,generated,0,0.0025891249999999998,0.001352916,0.0025877489999999725,0.0013502499999999973,0.00206754170358181,0.0064703750000000004,201326592
16777216,measured,24,0,generated,0,0.0025885000000000001,0.0014955000000000001,0.0025859590000000265,0.0014942500000000025,0.0025853752158582211,0.0071539999999999998,201326592
16777216,measured,24,1,handwritten,0,0.0025501669999999999,0.001311083,0.0025490000000000235,0.001308875000000001,0.0023366250097751617,0.0066877919999999997,201326592
16777216,measured,25,0,handwritten,0,0.0026135419999999999,0.0013138749999999999,0.0026122909999999888,0.0013132089999999957,0.0026222500018775463,0.0069360000000000003,201326592
16777216,measured,25,1,generated,0,0.0027268750000000001,0.001387875,0.0027234580000000119,0.0013858749999999947,0.0025848746299743652,0.0071838329999999997,201326592
16777216,measured,26,0,generated,0,0.00252075,0.0013181250000000001,0.0025194170000000238,0.0013166250000000018,0.0022785416804254055,0.0066124579999999999,201326592
16777216,measured,26,1,handwritten,0,0.0025304580000000002,0.0013994159999999999,0.0025288750000000415,0.0013970829999999934,0.0027609164826571941,0.0071899160000000002,201326592
16777216,measured,27,0,handwritten,0,0.0026164159999999999,0.001294375,0.0026151249999999959,0.001292709000000003,0.0022057080641388893,0.0065232500000000004,201326592
16777216,measured,27,1,generated,0,0.0025506249999999999,0.0012949579999999999,0.0025490839999999793,0.001294417000000006,0.0029778750613331795,0.0073201669999999998,201326592
16777216,measured,28,0,generated,0,0.002563708,0.001304833,0.0025621259999999979,0.0013030410000000048,0.0023818332701921463,0.0067666669999999996,201326592
16777216,measured,28,1,handwritten,0,0.0025711250000000001,0.0013404999999999999,0.0025697080000000039,0.0013382079999999935,0.0020909998565912247,0.0064678340000000004,201326592
16777216,measured,29,0,handwritten,0,0.0024421249999999999,0.001336208,0.0024404999999999566,0.0013355830000000013,0.0022307499311864376,0.0064686250000000004,201326592
16777216,measured,29,1,generated,0,0.0025297499999999999,0.0012787499999999999,0.0025282919999999875,0.0012780000000000014,0.0023533334024250507,0.0066275830000000003,201326592
16777216,measured,30,0,generated,0,0.0025952499999999999,0.0015044170000000001,0.0025942489999999929,0.0015032499999999976,0.0022321245633065701,0.0067862089999999996,201326592
16777216,measured,30,1,handwritten,0,0.0025585,0.0013462909999999999,0.0025565000000000171,0.0013454589999999933,0.0017402083612978458,0.0060925409999999999,201326592
16777216,measured,31,0,handwritten,0,0.0024302909999999998,0.001228542,0.0024291669999999543,0.0012276249999999961,0.0016863751225173473,0.0057741659999999998,201326592
16777216,measured,31,1,generated,0,0.0025395000000000001,0.0012067499999999999,0.0025377500000000053,0.0012062090000000136,0.001660624984651804,0.0058540420000000003,201326592
16777216,measured,32,0,generated,0,0.0024841249999999998,0.001286333,0.0024829160000000017,0.0012840829999999914,0.0019791251979768276,0.0062009170000000002,201326592
16777216,measured,32,1,handwritten,0,0.00247825,0.001311542,0.0024771259999999962,0.0013100000000000056,0.0022490834817290306,0.0065220419999999996,201326592
16777216,measured,33,0,handwritten,0,0.0026021249999999998,0.001222,0.0026001669999999866,0.0012212920000000127,0.0016565835103392601,0.0058587919999999998,201326592
16777216,measured,33,1,generated,0,0.0025940410000000001,0.00164975,0.002591958999999977,0.0016488339999999879,0.0020338334143161774,0.0067216250000000002,201326592
16777216,measured,34,0,generated,0,0.0024858340000000001,0.0012082079999999999,0.0024839580000000083,0.0012075410000000064,0.0016795000992715359,0.0058186669999999996,201326592
16777216,measured,34,1,handwritten,0,0.0025080419999999998,0.001239583,0.0025069169999999974,0.0012388329999999947,0.0017559584230184555,0.0059390830000000004,201326592
16777216,measured,35,0,handwritten,0,0.0025575839999999999,0.001250875,0.0025563339999999934,0.0012500830000000129,0.0016791247762739658,0.0056597499999999999,201326592
16777216,measured,35,1,generated,0,0.0024103330000000002,0.0014124999999999999,0.0024091669999999898,0.0014117499999999894,0.0017112917266786098,0.0059905410000000003,201326592
16777216,measured,36,0,generated,0,0.0028127500000000001,0.0012401669999999999,0.0028106259999999827,0.0012395000000000045,0.0016627917066216469,0.0063214999999999999,201326592
16777216,measured,36,1,handwritten,0,0.002456209,0.0013242919999999999,0.0024547080000000276,0.0013235420000000109,0.0017913752235472202,0.0059862090000000001,201326592
16777216,measured,37,0,handwritten,0,0.002540666,0.0012483329999999999,0.0025387909999999847,0.0012476670000000079,0.0019946666434407234,0.006209333,201326592
16777216,measured,37,1,generated,0,0.002538041,0.00118925,0.0025368339999999878,0.0011885409999999874,0.0016708751209080219,0.0057740409999999997,201326592
16777216,measured,38,0,generated,0,0.002636125,0.001286333,0.0026338340000000016,0.0012852499999999878,0.0016782497987151146,0.0060601250000000004,201326592
16777216,measured,38,1,handwritten,0,0.0025950000000000001,0.0012550829999999999,0.0025935839999999821,0.0012541670000000005,0.0016724998131394386,0.005878917,201326592
16777216,measured,39,0,handwritten,0,0.0026957090000000001,0.0013451660000000001,0.0026927510000000487,0.0013441250000000016,0.0016955416649580002,0.0061159999999999999,201326592
16777216,measured,39,1,generated,0,0.0025035410000000002,0.0012268330000000001,0.0025022920000000171,0.0012259589999999987,0.0020056250505149364,0.0061742910000000002,201326592
16777216,measured,40,0,generated,0,0.0027326659999999999,0.001371333,0.0027301240000000004,0.001370375000000007,0.0025189584121108055,0.0070758330000000001,201326592
16777216,measured,40,1,handwritten,0,0.0025630829999999999,0.001341042,0.0025616669999999897,0.0013402090000000089,0.0017547500319778919,0.0060939169999999999,201326592
16777216,measured,41,0,handwritten,0,0.0024512079999999999,0.0012266250000000001,0.0024499580000000298,0.0012255419999999961,0.002213458064943552,0.0063626250000000002,201326592
16777216,measured,41,1,generated,0,0.0025597910000000001,0.0012349170000000001,0.0025573750000000284,0.0012336249999999882,0.0025232085026800632,0.0068071249999999998,201326592
16777216,measured,42,0,generated,0,0.002428,0.001239375,0.0024268739999999678,0.0012386669999999989,0.0021542082540690899,0.0062875420000000001,201326592
16777216,measured,42,1,handwritten,0,0.002444459,0.001204583,0.0024431249999999904,0.0012034579999999906,0.0022613336332142353,0.006364125,201326592
16777216,measured,43,0,handwritten,0,0.0024109579999999999,0.001286541,0.0024095829999999929,0.0012850000000000084,0.0021478333510458469,0.0063321660000000002,201326592
16777216,measured,43,1,generated,0,0.0024057499999999999,0.001216041,0.0024043759999999859,0.0012140840000000042,0.0020883753895759583,0.0061651249999999996,201326592
16777216,measured,44,0,generated,0,0.0024191669999999998,0.0013005409999999999,0.002418083999999987,0.0012999589999999894,0.0023797503672540188,0.0065625830000000003,201326592
16777216,measured,44,1,handwritten,0,0.002469958,0.0012168750000000001,0.0024679579999999923,0.0012151669999999892,0.0021764584816992283,0.0063371249999999999,201326592
16777216,measured,45,0,handwritten,0,0.0025228329999999999,0.001233917,0.002521541000000016,0.0012333750000000088,0.0018598330207169056,0.0059757919999999997,201326592
16777216,measured,45,1,generated,0,0.0024206660000000001,0.001228292,0.0024193340000000507,0.001226625000000009,0.0023170001804828644,0.0064679999999999998,201326592
16777216,measured,46,0,generated,0,0.0023870829999999999,0.0012121670000000001,0.0023862510000000059,0.0012103750000000135,0.0020150835625827312,0.0061096249999999996,201326592
16777216,measured,46,1,handwritten,0,0.0025997500000000001,0.001301541,0.0025973329999999795,0.0013004580000000043,0.0016849166713654995,0.0059640420000000001,201326592
16777216,measured,47,0,handwritten,0,0.0024057919999999999,0.001220917,0.0024044579999999982,0.0012200420000000045,0.0016638748347759247,0.0057259169999999996,201326592
16777216,measured,47,1,generated,0,0.002418791,0.00120925,0.0024167910000000292,0.0012077500000000074,0.0021855831146240234,0.0063101659999999999,201326592
16777216,measured,48,0,generated,0,0.0025070829999999998,0.0012218330000000001,0.0025060829999999923,0.0012212500000000071,0.0018516248092055321,0.0059897919999999999,201326592
16777216,measured,48,1,handwritten,0,0.0024482089999999998,0.0011988330000000001,0.0024468340000000088,0.0011976670000000134,0.0021719997748732567,0.0062718749999999997,201326592
16777216,measured,49,0,handwritten,0,0.002464833,0.001229792,0.0024639999999999107,0.0012282499999999863,0.001988499891012907,0.0061615000000000003,201326592
16777216,measured,49,1,generated,0,0.0025029169999999999,0.00133125,0.0025007089999999899,0.0013295829999999953,0.0022134999744594097,0.0064931670000000002,201326592
16777216,measured,50,0,generated,0,0.002498625,0.001271459,0.0024975830000000254,0.0012698750000000036,0.0020472914911806583,0.0063187499999999997,201326592
16777216,measured,50,1,handwritten,0,0.0024422910000000001,0.0012941669999999999,0.0024410000000000265,0.0012926659999999979,0.0022409581579267979,0.0064533749999999999,201326592
16777216,measured,51,0,handwritten,0,0.0024078340000000002,0.0012197499999999999,0.0024069580000000146,0.0012179999999999969,0.0021459166891872883,0.006230167,201326592
16777216,measured,51,1,generated,0,0.0024983750000000002,0.0013357919999999999,0.0024967909999999982,0.0013340000000000019,0.002698458731174469,0.0070216660000000002,201326592
16777216,measured,52,0,generated,0,0.0025318340000000002,0.0012685420000000001,0.0025302500000000672,0.001266832999999995,0.0022435416467487812,0.0064995840000000001,201326592
16777216,measured,52,1,handwritten,0,0.0024099999999999998,0.001200333,0.0024089579999999611,0.0011994999999999922,0.002125750295817852,0.0061467079999999999,201326592
16777216,measured,53,0,handwritten,0,0.002555,0.0012537920000000001,0.0025535420000000197,0.0012522500000000103,0.0019951253198087215,0.0061974580000000003,201326592
16777216,measured,53,1,generated,0,0.0024334999999999999,0.0012016660000000001,0.0024324579999999152,0.0012011249999999973,0.0021576252765953541,0.0062297910000000001,201326592
16777216,measured,54,0,generated,0,0.0024353339999999999,0.001236125,0.002433873999999947,0.0012345410000000057,0.0021422496065497398,0.0063018340000000001,201326592
16777216,measured,54,1,handwritten,0,0.0024290829999999998,0.0012272920000000001,0.0024282509999999924,0.0012264999999999915,0.0018327916041016579,0.0059080829999999997,201326592
16777216,measured,55,0,handwritten,0,0.0024516669999999998,0.001226125,0.0024503330000000823,0.0012248330000000085,0.0021905833855271339,0.0063137089999999998,201326592
16777216,measured,55,1,generated,0,0.002447416,0.0012164999999999999,0.0024464590000000674,0.0012154580000000026,0.0020816251635551453,0.0062137499999999997,201326592
16777216,measured,56,0,generated,0,0.0024268340000000001,0.0012244160000000001,0.0024252499999999344,0.0012225419999999931,0.0022377916611731052,0.00639275,201326592
16777216,measured,56,1,handwritten,0,0.0025109160000000002,0.001247583,0.0025097500000000883,0.0012459160000000136,0.0019367500208318233,0.0061138329999999999,201326592
16777216,measured,57,0,handwritten,0,0.0024478339999999999,0.0012375000000000001,0.0024461669999999991,0.0012361250000000046,0.0021785413846373558,0.0063313750000000002,201326592
16777216,measured,57,1,generated,0,0.0024303749999999998,0.001223083,0.0024290829999999985,0.0012210840000000112,0.0020361663773655891,0.0061899169999999996,201326592
16777216,measured,58,0,generated,0,0.0026144580000000001,0.0013047919999999999,0.002612209000000032,0.001303166999999994,0.0022426252253353596,0.0065946249999999998,201326592
16777216,measured,58,1,handwritten,0,0.0024194170000000001,0.001234792,0.002418083999999987,0.0012331250000000016,0.0019898749887943268,0.00611175,201326592
16777216,measured,59,0,handwritten,0,0.0024175830000000001,0.001237625,0.0024166239999999783,0.0012362079999999886,0.0021906662732362747,0.0063149160000000003,201326592
16777216,measured,59,1,generated,0,0.0024090420000000001,0.001206167,0.0024082500000000007,0.0012053330000000029,0.0018404582515358925,0.0058752500000000003,201326592
16777216,measured,60,0,generated,0,0.0024014589999999999,0.0012494579999999999,0.0024001259999999469,0.0012477079999999863,0.002158499788492918,0.0063115000000000003,201326592
16777216,measured,60,1,handwritten,0,0.0024733749999999999,0.0012179999999999999,0.0024718740000000405,0.0012161669999999902,0.002059458289295435,0.0061982909999999999,201326592
16777216,measured,61,0,handwritten,0,0.0024167080000000001,0.0012249159999999999,0.0024154589999999532,0.0012235830000000003,0.002153041772544384,0.0062690829999999999,201326592
16777216,measured,61,1,generated,0,0.0024122499999999999,0.001211583,0.002410416999999998,0.0012097919999999873,0.0022510001435875893,0.0063214170000000002,201326592
16777216,measured,62,0,generated,0,0.0024292089999999999,0.001219709,0.0024280010000000685,0.0012190420000000035,0.0021632499992847443,0.0062795840000000004,201326592
16777216,measured,62,1,handwritten,0,0.002444875,0.0012074589999999999,0.0024436679999999544,0.0012057079999999998,0.002093583345413208,0.0062292500000000004,201326592
16777216,measured,63,0,handwritten,0,0.002508583,0.0012461670000000001,0.0025072919999999943,0.001245374999999993,0.0028703752905130386,0.0070524170000000001,201326592
16777216,measured,63,1,generated,0,0.002407167,0.0012440420000000001,0.0024061260000000084,0.0012425829999999916,0.0023593748919665813,0.0064992920000000003,201326592
16777216,measured,64,0,generated,0,0.0024199590000000002,0.0012906250000000001,0.0024187490000000533,0.0012897920000000118,0.0021325419656932354,0.0062860839999999999,201326592
16777216,measured,64,1,handwritten,0,0.0023919169999999999,0.0012125,0.002390333999999994,0.0012108329999999945,0.002259375061839819,0.0063319170000000003,201326592
16777216,measured,65,0,handwritten,0,0.0024177920000000002,0.0012093749999999999,0.0024163329999999927,0.0012073750000000105,0.0021192082203924656,0.0062560840000000003,201326592
16777216,measured,65,1,generated,0,0.0024414580000000001,0.0012322909999999999,0.0024396250000000563,0.0012306669999999909,0.0022395001724362373,0.0064057910000000001,201326592
16777216,measured,66,0,generated,0,0.0024202500000000001,0.0012147080000000001,0.00241900000000006,0.0012140419999999985,0.0019625416025519371,0.0061130000000000004,201326592
16777216,measured,66,1,handwritten,0,0.0024184160000000001,0.00122075,0.00241712500000002,0.0012192500000000051,0.0020993747748434544,0.0062135000000000003,201326592
16777216,measured,67,0,handwritten,0,0.0024370419999999999,0.0012272089999999999,0.002435666000000003,0.0012252500000000111,0.0020947498269379139,0.0062361250000000003,201326592
16777216,measured,67,1,generated,0,0.0023850410000000001,0.0012370409999999999,0.0023841669999999926,0.0012354589999999943,0.0024829995818436146,0.0066054160000000002,201326592
16777216,measured,68,0,generated,0,0.0024797920000000002,0.001216125,0.0024785410000000008,0.0012136670000000016,0.0020902915857732296,0.0062183749999999999,201326592
16777216,measured,68,1,handwritten,0,0.0024397500000000001,0.0012158749999999999,0.002438417000000026,0.0012142079999999944,0.0021714167669415474,0.0063037910000000004,201326592
16777216,measured,69,0,handwritten,0,0.0024238749999999998,0.0011956670000000001,0.0024228330000000131,0.0011948750000000119,0.0022242497652769089,0.0062673750000000004,201326592
16777216,measured,69,1,generated,0,0.0025279170000000002,0.0011984160000000001,0.0025267509999999938,0.0011975830000000021,0.0025518336333334446,0.0067093750000000001,201326592
16777216,measured,70,0,generated,0,0.0023925830000000002,0.0012285830000000001,0.0023916670000000417,0.0012265419999999971,0.002232416532933712,0.0063589170000000004,201326592
16777216,measured,70,1,handwritten,0,0.0024347919999999999,0.001218708,0.0024337089999999506,0.0012168330000000005,0.0020078751258552074,0.006124834,201326592
16777216,measured,71,0,handwritten,0,0.0025371249999999999,0.0012555000000000001,0.0025358750000000763,0.0012536250000000082,0.0019922913052141666,0.0060210419999999999,201326592
16777216,measured,71,1,generated,0,0.002556666,0.0012112080000000001,0.00255475000000005,0.0012106659999999991,0.0030767498537898064,0.0070289999999999997,201326592
16777216,measured,72,0,generated,0,0.0024863749999999999,0.001241916,0.002484542000000034,0.0012405410000000117,0.0024493332020938396,0.0066392500000000002,201326592
16777216,measured,72,1,handwritten,0,0.0023765000000000001,0.001204625,0.0023757079999999764,0.001203958000000005,0.0019053746946156025,0.0059337499999999998,201326592
16777216,measured,73,0,handwritten,0,0.002353375,0.0012079580000000001,0.00235166600000003,0.0012064589999999931,0.0022462084889411926,0.0062830000000000004,201326592
16777216,measured,73,1,generated,0,0.0023730410000000002,0.001207666,0.0023721249999999472,0.0012061250000000023,0.0020723752677440643,0.0062094159999999997,201326592
16777216,measured,74,0,generated,0,0.0024485829999999998,0.0012142500000000001,0.0024474159999999801,0.0012129999999999919,0.0021934583783149719,0.0063574160000000003,201326592
16777216,measured,74,1,handwritten,0,0.0024765410000000001,0.0012767500000000001,0.0024752499999999289,0.0012752920000000112,0.0021886248141527176,0.0063562499999999999,201326592
16777216,measured,75,0,handwritten,0,0.002534625,0.0012638339999999999,0.0025336249999999838,0.0012622499999999925,0.0022483747452497482,0.0065258750000000004,201326592
16777216,measured,75,1,generated,0,0.0024297500000000001,0.00119625,0.0024284580000000222,0.0011944170000000032,0.0021463753655552864,0.006266125,201326592
16777216,measured,76,0,generated,0,0.0024916249999999999,0.001294709,0.002490084000000059,0.0012931250000000061,0.0029464582912623882,0.0072254169999999996,201326592
16777216,measured,76,1,handwritten,0,0.0025975,0.0012058329999999999,0.0025950419999999363,0.001204040999999989,0.0021051247604191303,0.0064165000000000003,201326592
16777216,measured,77,0,handwritten,0,0.0023961249999999998,0.0012946660000000001,0.0023947089999999394,0.0012939999999999896,0.0021744999103248119,0.006311583,201326592
16777216,measured,77,1,generated,0,0.0023987909999999999,0.0012006670000000001,0.0023970000000000935,0.0011989169999999938,0.0022264579311013222,0.0063377909999999997,201326592
16777216,measured,78,0,generated,0,0.0023891250000000002,0.001172291,0.0023882920000000141,0.0011716669999999874,0.0016743750311434269,0.0056764160000000001,201326592
16777216,measured,78,1,handwritten,0,0.0024880420000000002,0.0012398750000000001,0.002486417000000074,0.0012378329999999937,0.0022293748334050179,0.0064312500000000003,201326592
16777216,measured,79,0,handwritten,0,0.0024498340000000001,0.0012847920000000001,0.0024486249999999821,0.0012837079999999945,0.002061791718006134,0.0062192920000000004,201326592
16777216,measured,79,1,generated,0,0.0024411670000000002,0.0012836670000000001,0.0024397499999999628,0.0012827499999999992,0.0021375417709350586,0.0063280419999999999,201326592
16777216,measured,80,0,generated,0,0.0024789170000000002,0.00122175,0.002477873999999991,0.0012209589999999937,0.0016618748195469379,0.0058126250000000001,201326592
16777216,measured,80,1,handwritten,0,0.0026153330000000001,0.001237625,0.002613540999999997,0.0012356659999999964,0.0022718752734363079,0.0066206249999999998,201326592
16777216,measured,81,0,handwritten,0,0.0025484589999999999,0.0012435840000000001,0.0025472500000000009,0.0012407500000000127,0.0021503749303519726,0.0063846249999999997,201326592
16777216,measured,81,1,generated,0,0.0025183330000000002,0.0012812500000000001,0.0025173750000000439,0.0012796669999999843,0.002640875056385994,0.0069567079999999998,201326592
16777216,measured,82,0,generated,0,0.0025305409999999999,0.001234083,0.0025290009999999752,0.0012325409999999759,0.002419124823063612,0.0066581660000000001,201326592
16777216,measured,82,1,handwritten,0,0.0024508749999999999,0.001195167,0.0024494170000000093,0.0011943340000000191,0.0022726249881088734,0.0062168329999999997,201326592
16777216,measured,83,0,handwritten,0,0.0024027499999999999,0.0012107909999999999,0.0024011670000000374,0.0012090410000000218,0.0022421665489673615,0.0063460829999999998,201326592
16777216,measured,83,1,generated,0,0.0023842080000000001,0.001167958,0.0023834590000000322,0.0011674159999999767,0.002333624754101038,0.0063320420000000004,201326592
16777216,measured,84,0,generated,0,0.0025769579999999999,0.001240875,0.0025747919999999924,0.0012396669999999999,0.0022191666066646576,0.0064477500000000004,201326592
16777216,measured,84,1,handwritten,0,0.00235075,0.001247417,0.0023499590000000126,0.0012467500000000187,0.002165874931961298,0.0061987919999999998,201326592
16777216,measured,85,0,handwritten,0,0.002389792,0.001199875,0.0023889580000000521,0.0011981670000000277,0.0021254164166748524,0.0062146670000000001,201326592
16777216,measured,85,1,generated,0,0.0023726250000000002,0.001261875,0.0023718749999999122,0.0012608749999999946,0.0020481250248849392,0.0061418330000000002,201326592
16777216,measured,86,0,generated,0,0.0023934999999999998,0.0011919999999999999,0.0023922499999999847,0.00119029100000001,0.0021589999087154865,0.0062291669999999999,201326592
16777216,measured,86,1,handwritten,0,0.002363333,0.0011980420000000001,0.0023622500000000102,0.0011960830000000144,0.0020994581282138824,0.0061361669999999997,201326592
16777216,measured,87,0,handwritten,0,0.002550208,0.001202875,0.0025482499999999186,0.0012013330000000266,0.0024020001292228699,0.0066367500000000003,201326592
16777216,measured,87,1,generated,0,0.0024640420000000001,0.0012199579999999999,0.0024627500000000691,0.0012193750000000225,0.0019580833613872528,0.0060177499999999997,201326592
16777216,measured,88,0,generated,0,0.0023877080000000001,0.00119775,0.0023866249999999756,0.0011963329999999939,0.0022393749095499516,0.0063315410000000004,201326592
16777216,measured,88,1,handwritten,0,0.002359042,0.0011859590000000001,0.0023580420000000046,0.0011852079999999932,0.0018719583749771118,0.0058685830000000001,201326592
16777216,measured,89,0,handwritten,0,0.0023677500000000001,0.00130875,0.0023660409999999299,0.0013070840000000139,0.0021965415216982365,0.0063466670000000003,201326592
16777216,measured,89,1,generated,0,0.0023862499999999999,0.001193625,0.0023850830000000656,0.0011927500000000202,0.0019465833902359009,0.0060203330000000001,201326592
16777216,measured,90,0,generated,0,0.0023555830000000001,0.0012036659999999999,0.0023547910000000227,0.0012019999999999809,0.0021384996362030506,0.0061909579999999999,201326592
16777216,measured,90,1,handwritten,0,0.0023627499999999998,0.001200125,0.0023620000000000863,0.0011989170000000215,0.0018990002572536469,0.005891917,201326592
16777216,measured,91,0,handwritten,0,0.0025894580000000002,0.001392917,0.0025874580000000424,0.0013912500000000105,0.0022840830497443676,0.0067637920000000002,201326592
16777216,measured,91,1,generated,0,0.0028104169999999999,0.001197083,0.002809540999999971,0.0011950419999999795,0.0029375837184488773,0.0072076670000000001,201326592
16777216,measured,92,0,generated,0,0.0024459999999999998,0.0012589999999999999,0.0024441250000000192,0.0012574169999999829,0.0024748747237026691,0.0066864580000000002,201326592
16777216,measured,92,1,handwritten,0,0.0024174159999999999,0.001210792,0.002414750000000021,0.0012091249999999776,0.002225333359092474,0.0063119999999999999,201326592
16777216,measured,93,0,handwritten,0,0.002471708,0.0012251250000000001,0.0024699169999999881,0.0012240000000000029,0.0022168750874698162,0.0063897499999999996,201326592
16777216,measured,93,1,generated,0,0.0024362920000000001,0.0012016660000000001,0.0024347089999999794,0.0012003749999999758,0.0019405833445489407,0.0060686250000000002,201326592
16777216,measured,94,0,generated,0,0.0024556669999999999,0.0011903339999999999,0.0024547919999999834,0.0011895410000000162,0.0023366250097751617,0.0062650839999999998,201326592
16777216,measured,94,1,handwritten,0,0.0024022919999999999,0.0012135830000000001,0.0024003750000000101,0.0012118329999999955,0.0021945000626146793,0.0062891249999999996,201326592
16777216,measured,95,0,handwritten,0,0.0023781660000000001,0.0011884580000000001,0.0023770000000000735,0.0011876670000000034,0.0021862499415874481,0.0061926660000000003,201326592
16777216,measured,95,1,generated,0,0.0025631249999999999,0.001255583,0.0025611660000000036,0.0012542500000000123,0.0020037083886563778,0.0062342500000000002,201326592
16777216,measured,96,0,generated,0,0.0023762499999999999,0.0012157089999999999,0.0023749579999999826,0.0012152080000000232,0.0022487500682473183,0.0063012500000000004,201326592
16777216,measured,96,1,handwritten,0,0.0024051670000000002,0.0012040830000000001,0.002404291999999919,0.0012022079999999824,0.0022173747420310974,0.0063095,201326592
16777216,measured,97,0,handwritten,0,0.0029139579999999999,0.001396916,0.0029114989999999841,0.0013957920000000068,0.0019340831786394119,0.0066956660000000003,201326592
16777216,measured,97,1,generated,0,0.002493875,0.0013091660000000001,0.0024916260000000801,0.0013074579999999836,0.0025852085091173649,0.0068955830000000003,201326592
16777216,measured,98,0,generated,0,0.002408791,0.0012454160000000001,0.0024075420000000403,0.001243625000000026,0.0020294166170060635,0.0061627909999999999,201326592
16777216,measured,98,1,handwritten,0,0.0023467499999999999,0.0012008329999999999,0.0023459160000000034,0.001199167000000001,0.0024516666308045387,0.0064920830000000001,201326592
16777216,measured,99,0,handwritten,0,0.0024087079999999999,0.0012026249999999999,0.0024072090000000212,0.001200833999999984,0.0021323747932910919,0.0061643330000000001,201326592
16777216,measured,99,1,generated,0,0.0024086250000000002,0.0012337909999999999,0.0024073749999999894,0.0012320000000000109,0.002236541360616684,0.0063869160000000003,201326592
