elements,phase,iteration,order,variant,pipeline_compile_seconds,h2d_api_seconds,d2h_api_seconds,h2d_copy_seconds,d2h_copy_seconds,gpu_seconds,total_seconds,runtime_owned_peak_buffer_bytes
1024,warmup,0,0,generated,0.27891645799999998,1.9580000000000001e-06,7.6249999999999998e-06,7.0800000000000004e-07,2.8329999999999998e-06,2.125278115272522e-06,0.28805799999999998,12288
1024,warmup,0,1,handwritten,0.0085943749999999874,2.7089999999999998e-06,1.1667e-05,1.1669999999999998e-06,6.6600000000000006e-07,6.5001659095287323e-06,0.0089691670000000001,12288
1024,warmup,1,0,handwritten,0,3.709e-06,3.9169999999999999e-06,1.2080000000000005e-06,7.499999999999996e-07,2.0833685994148254e-06,0.001006084,12288
1024,warmup,1,1,generated,0,2.3329999999999999e-06,2.7080000000000002e-06,8.3399999999999998e-07,4.1599999999999991e-07,3.8000289350748062e-05,0.00082479099999999996,12288
1024,warmup,2,0,generated,0,1.375e-06,2.6542000000000001e-05,6.2499999999999995e-07,6.6699999999999971e-07,0.00049137510359287262,0.001067917,12288
1024,warmup,2,1,handwritten,0,2.2919999999999998e-06,1.917e-06,1.3329999999999998e-06,3.749999999999998e-07,5.316687747836113e-05,0.001348917,12288
1024,warmup,3,0,handwritten,0,1.167e-06,3.7500000000000001e-06,5.4199999999999922e-07,5.4200000000000006e-07,2.0000152289867401e-06,0.0060252079999999998,12288
1024,warmup,3,1,generated,0,1.792e-06,5.9580000000000004e-06,8.7500000000000094e-07,1.4589999999999991e-06,0.00049737468361854553,0.00099675000000000002,12288
1024,warmup,4,0,generated,0,3.2909999999999999e-06,3.9160000000000003e-06,1.9999999999999995e-06,8.3300000000000033e-07,6.8875029683113098e-05,0.00039516600000000002,12288
1024,warmup,4,1,handwritten,0,3.625e-06,4.8339999999999998e-06,2.1250000000000008e-06,3.6670000000000006e-06,0.00056400010362267494,0.00087350000000000004,12288
1024,warmup,5,0,handwritten,0,1.0839999999999999e-06,3.3749999999999999e-06,4.1699999999999957e-07,5.8399999999999983e-07,1.9581057131290436e-06,0.000325042,12288
1024,warmup,5,1,generated,0,2.125e-06,1.75e-06,7.0800000000000068e-07,3.3300000000000003e-07,1.7085112631320953e-06,0.00034587499999999999,12288
1024,warmup,6,0,generated,0,1.2079999999999999e-06,3.1659999999999998e-06,4.1600000000000076e-07,5.000000000000003e-07,1.7499551177024841e-06,0.00021133299999999999,12288
1024,warmup,6,1,handwritten,0,2.2079999999999999e-06,1.209e-06,7.489999999999991e-07,3.3300000000000003e-07,1.62515789270401e-06,0.00042704199999999998,12288
1024,warmup,7,0,handwritten,0,1.2920000000000001e-06,1.125e-06,6.2600000000000044e-07,2.0800000000000038e-07,1.7499551177024841e-06,0.00024391699999999999,12288
1024,warmup,7,1,generated,0,1.0410000000000001e-06,1.2920000000000001e-06,3.3300000000000172e-07,1.6700000000000026e-07,8.6124986410140991e-05,0.00060700000000000001,12288
1024,warmup,8,0,generated,0,1.125e-06,1.917e-06,3.3400000000000053e-07,2.499999999999993e-07,1.8333084881305695e-06,0.00051658300000000004,12288
1024,warmup,8,1,handwritten,0,2.2079999999999999e-06,4.0409999999999999e-06,1.3749999999999995e-06,6.6700000000000056e-07,2.0000152289867401e-06,0.00026570800000000002,12288
1024,warmup,9,0,handwritten,0,2.2500000000000001e-06,1.792e-06,7.499999999999979e-07,3.3300000000000003e-07,1.6670674085617065e-06,0.00033362499999999999,12288
1024,warmup,9,1,generated,0,2.334e-06,1.6670000000000001e-06,9.5799999999999998e-07,2.9100000000000111e-07,1.7918646335601807e-06,0.00026579199999999999,12288
1024,measured,0,0,generated,0,2.0420000000000001e-06,1.6249999999999999e-06,6.2600000000000044e-07,3.7499999999999895e-07,1.7085112631320953e-06,0.00027716699999999998,12288
1024,measured,0,1,handwritten,0,2.1670000000000002e-06,2.1670000000000002e-06,7.0899999999999948e-07,4.1699999999999957e-07,1.7499551177024841e-06,0.000283458,12288
1024,measured,1,0,handwritten,0,7.875e-06,1.0410000000000001e-06,6.1670000000000004e-06,1.6700000000000026e-07,1.6666017472743988e-06,0.000274166,12288
1024,measured,1,1,generated,0,1.0410000000000001e-06,9.9999999999999995e-07,3.7499999999999895e-07,1.6700000000000026e-07,1.7499551177024841e-06,0.000281458,12288
1024,measured,2,0,generated,0,9.9999999999999995e-07,1.0419999999999999e-06,2.5000000000000608e-07,2.0799999999999869e-07,1.8333084881305695e-06,0.00054220799999999997,12288
1024,measured,2,1,handwritten,0,1.083e-06,9.3340000000000008e-06,4.1700000000000634e-07,3.7499999999999895e-07,0.00045804167166352272,0.00096779199999999998,12288
1024,measured,3,0,handwritten,0,2.125e-06,7.92e-07,1.3749999999999995e-06,2.0799999999999869e-07,0.00013754190877079964,0.000348,12288
1024,measured,3,1,generated,0,1.0839999999999999e-06,8.3300000000000001e-07,4.1700000000000634e-07,1.6700000000000026e-07,2.0000152289867401e-06,0.00031825000000000001,12288
1024,measured,4,0,generated,0,9.5799999999999998e-07,9.5900000000000005e-07,2.499999999999993e-07,1.6700000000000026e-07,1.7918646335601807e-06,0.00017024999999999999,12288
1024,measured,4,1,handwritten,0,8.7499999999999999e-07,7.92e-07,1.6700000000000026e-07,1.6700000000000026e-07,1.7499551177024841e-06,0.000182292,12288
1024,measured,5,0,handwritten,0,8.7499999999999999e-07,6.2500000000000005e-07,1.6599999999999807e-07,1.6700000000000026e-07,1.7499551177024841e-06,0.00015666700000000001,12288
1024,measured,5,1,generated,0,8.7499999999999999e-07,7.9100000000000003e-07,2.0800000000000207e-07,1.6700000000000026e-07,1.7913989722728729e-06,0.00021450000000000001,12288
1024,measured,6,0,generated,0,8.7499999999999999e-07,3.9999999999999998e-06,2.5000000000000608e-07,5.4199999999999922e-07,1.7499551177024841e-06,0.00027724999999999999,12288
1024,measured,6,1,handwritten,0,1.0419999999999999e-06,3.0000000000000001e-06,2.9100000000000111e-07,4.1699999999999957e-07,0.00016587506979703903,0.00033683299999999998,12288
1024,measured,7,0,handwritten,0,2.125e-06,2.7957999999999999e-05,5.8300000000000441e-07,4.1600000000000076e-07,2.7999747544527054e-05,0.00026504099999999999,12288
1024,measured,7,1,generated,0,2.4590000000000001e-06,9.9999999999999995e-07,7.920000000000019e-07,2.9100000000000111e-07,3.1124800443649292e-05,0.00031362499999999999,12288
1024,measured,8,0,generated,0,9.9999999999999995e-07,2.875e-06,2.499999999999993e-07,3.7499999999999895e-07,2.3624859750270844e-05,0.00049804199999999997,12288
1024,measured,8,1,handwritten,0,1.125e-06,9.5799999999999998e-07,2.920000000000033e-07,2.0799999999999869e-07,3.004167228937149e-05,0.00032970800000000001,12288
1024,measured,9,0,handwritten,0,1.542e-06,2.7920000000000001e-06,8.3300000000000371e-07,4.1699999999999957e-07,2.1375250071287155e-05,0.00020083300000000001,12288
1024,measured,9,1,generated,0,2.0420000000000001e-06,7.9100000000000003e-07,5.8299999999999764e-07,2.9100000000000111e-07,2.8875190764665604e-05,0.000375292,12288
1024,measured,10,0,generated,0,1.0419999999999999e-06,7.92e-07,3.3400000000000053e-07,2.499999999999993e-07,3.0291732400655746e-05,0.00039504200000000002,12288
1024,measured,10,1,handwritten,0,1.0839999999999999e-06,8.7499999999999999e-07,4.1599999999999737e-07,2.0900000000000088e-07,2.7750153094530106e-05,0.00018808400000000001,12288
1024,measured,11,0,handwritten,0,9.1699999999999997e-07,3.1250000000000001e-06,1.6700000000000026e-07,2.9199999999999991e-07,4.8374757170677185e-05,0.00024399999999999999,12288
1024,measured,11,1,generated,0,2.1670000000000002e-06,1.6670000000000001e-06,7.0800000000000068e-07,3.3299999999999834e-07,5.6791584938764572e-05,0.00033399999999999999,12288
1024,measured,12,0,generated,0,2.2919999999999998e-06,7.92e-07,1.000000000000004e-06,2.0900000000000088e-07,3.3751130104064941e-06,0.00018208300000000001,12288
1024,measured,12,1,handwritten,0,9.9999999999999995e-07,6.2500000000000005e-07,2.499999999999993e-07,1.2499999999999965e-07,1.7499551177024841e-06,0.000121375,12288
1024,measured,13,0,handwritten,0,9.9999999999999995e-07,1.5e-06,3.3299999999999834e-07,3.3400000000000053e-07,1.7499551177024841e-06,0.000194625,12288
1024,measured,13,1,generated,0,1.083e-06,1.4580000000000001e-06,2.5000000000000608e-07,2.9199999999999991e-07,1.8747523427009583e-06,0.00022979200000000001,12288
1024,measured,14,0,generated,0,1.9580000000000001e-06,7.92e-07,5.8299999999999764e-07,2.0799999999999869e-07,1.7080456018447876e-06,0.00016795800000000001,12288
1024,measured,14,1,handwritten,0,1.2079999999999999e-06,1.9580000000000001e-06,4.999999999999986e-07,3.7499999999999895e-07,1.6666017472743988e-06,0.000212,12288
1024,measured,15,0,handwritten,0,1.875e-06,1.2079999999999999e-06,4.1600000000000415e-07,2.0799999999999869e-07,1.7499551177024841e-06,0.0002165,12288
1024,measured,15,1,generated,0,2.0829999999999998e-06,1.666e-06,6.6700000000000564e-07,3.7499999999999895e-07,1.7918646335601807e-06,0.00019695800000000001,12288
1024,measured,16,0,generated,0,8.2090000000000005e-06,3.083e-06,8.7500000000000094e-07,6.2500000000000164e-07,8.5625331848859787e-05,0.00038808400000000002,12288
1024,measured,16,1,handwritten,0,3.1669999999999999e-06,1.5e-06,1.7500000000000019e-06,2.499999999999993e-07,1.875218003988266e-06,0.00031250000000000001,12288
1024,measured,17,0,handwritten,0,1.9999999999999999e-06,1.2500000000000001e-06,5.8400000000000661e-07,2.499999999999993e-07,1.8333084881305695e-06,0.00021745900000000001,12288
1024,measured,17,1,generated,0,1.9999999999999999e-06,1.209e-06,5.8399999999999983e-07,2.9199999999999991e-07,1.8333084881305695e-06,0.00020304200000000001,12288
1024,measured,18,0,generated,0,1.209e-06,8.7499999999999999e-07,4.5900000000000357e-07,2.9100000000000111e-07,1.8333084881305695e-06,0.00016287499999999999,12288
1024,measured,18,1,handwritten,0,8.7499999999999999e-07,2.0829999999999998e-06,2.5000000000000608e-07,3.7499999999999895e-07,1.7499551177024841e-06,0.00016875000000000001,12288
1024,measured,19,0,handwritten,0,1.9589999999999998e-06,1.2500000000000001e-06,5.8399999999999983e-07,2.0799999999999869e-07,1.7504207789897919e-06,0.00017829200000000001,12288
1024,measured,19,1,generated,0,1.875e-06,8.3399999999999998e-07,5.420000000000026e-07,2.0799999999999869e-07,1.7085112631320953e-06,0.00032633299999999999,12288
1024,measured,20,0,generated,0,8.6670000000000002e-06,9.5799999999999998e-07,3.7400000000000015e-07,2.499999999999993e-07,1.7499551177024841e-06,0.00024720800000000001,12288
1024,measured,20,1,handwritten,0,1.542e-06,6.6599999999999996e-07,4.5800000000000137e-07,1.6600000000000146e-07,1.8333084881305695e-06,0.000220917,12288
1024,measured,21,0,handwritten,0,1.083e-06,6.6700000000000003e-07,4.1699999999999957e-07,1.6700000000000026e-07,1.7913989722728729e-06,0.000272,12288
1024,measured,21,1,generated,0,1.0419999999999999e-06,3.1250000000000001e-06,3.3300000000000511e-07,5.4100000000000041e-07,1.875218003988266e-06,0.00020762499999999999,12288
1024,measured,22,0,generated,0,2.2500000000000001e-06,1.875e-06,8.3300000000000371e-07,1.2910000000000017e-06,9.4999559223651886e-06,0.00042495800000000002,12288
1024,measured,22,1,handwritten,0,1.2079999999999999e-06,5.0000000000000004e-06,4.1700000000000634e-07,5.4100000000000041e-07,0.00016895821318030357,0.00033966699999999999,12288
1024,measured,23,0,handwritten,0,3.6669999999999998e-06,9.9999999999999995e-07,2.2499999999999937e-06,4.1699999999999957e-07,0.00011595850810408592,0.00040387499999999999,12288
1024,measured,23,1,generated,0,1.125e-06,2.1670000000000002e-06,4.5900000000000357e-07,3.3299999999999834e-07,2.1248124539852142e-06,0.00028258299999999999,12288
1024,measured,24,0,generated,0,2.1670000000000002e-06,1.0542e-05,7.9099999999999971e-07,9.9159999999999979e-06,1.6666017472743988e-06,0.00025312499999999999,12288
1024,measured,24,1,handwritten,0,1.167e-06,2.9579999999999999e-06,4.5800000000000137e-07,4.1699999999999957e-07,1.8333084881305695e-06,0.000305583,12288
1024,measured,25,0,handwritten,0,2.334e-06,1.083e-06,9.1700000000000494e-07,2.9100000000000111e-07,1.6666017472743988e-06,0.00029504200000000003,12288
1024,measured,25,1,generated,0,1.1659999999999999e-06,1.1659999999999999e-06,4.159999999999906e-07,1.6700000000000026e-07,0.00010454142466187477,0.000413416,12288
1024,measured,26,0,generated,0,1.167e-06,8.7499999999999999e-07,4.5899999999999001e-07,2.0800000000000207e-07,0.00015133339911699295,0.00030716700000000001,12288
1024,measured,26,1,handwritten,0,1.2500000000000001e-06,1.2079999999999999e-06,5.0100000000000079e-07,2.499999999999993e-07,2.4124979972839355e-05,0.00015487500000000001,12288
1024,measured,27,0,handwritten,0,1.125e-06,3.6660000000000001e-06,2.5000000000000608e-07,4.1599999999999737e-07,2.1624844521284103e-05,0.00014200000000000001,12288
1024,measured,27,1,generated,0,2.0420000000000001e-06,7.9100000000000003e-07,5.0000000000001215e-07,1.6700000000000026e-07,4.5875087380409241e-05,0.00027687499999999999,12288
1024,measured,28,0,generated,0,9.9999999999999995e-07,1.792e-06,2.9100000000000111e-07,2.920000000000033e-07,3.7124846130609512e-05,0.00025287500000000001,12288
1024,measured,28,1,handwritten,0,2.2089999999999999e-06,1.291e-06,7.920000000000019e-07,3.3299999999999834e-07,2.1166633814573288e-05,0.000172542,12288
1024,measured,29,0,handwritten,0,1.9580000000000001e-06,8.3300000000000001e-07,5.4200000000000938e-07,2.0800000000000207e-07,2.3124739527702332e-05,0.00016162500000000001,12288
1024,measured,29,1,generated,0,1.5e-06,9.9999999999999995e-07,4.5900000000000357e-07,2.499999999999993e-07,3.5749748349189758e-05,0.00016587500000000001,12288
1024,measured,30,0,generated,0,9.9999999999999995e-07,7.0900000000000001e-07,2.4999999999999252e-07,1.6700000000000026e-07,3.0916649848222733e-05,0.000168541,12288
1024,measured,30,1,handwritten,0,9.5799999999999998e-07,6.6700000000000003e-07,2.920000000000033e-07,1.6700000000000026e-07,2.8333626687526703e-05,0.00014408300000000001,12288
1024,measured,31,0,handwritten,0,8.3300000000000001e-07,7.9100000000000003e-07,1.6600000000001162e-07,2.499999999999993e-07,7.3291826993227005e-05,0.00018929099999999999,12288
1024,measured,31,1,generated,0,8.7499999999999999e-07,1.1167e-05,1.6600000000001162e-07,9.1249999999999982e-06,5.8500096201896667e-05,0.000193,12288
1024,measured,32,0,generated,0,2.2089999999999999e-06,7.5000000000000002e-07,6.6599999999999667e-07,2.499999999999993e-07,2.9750168323516846e-05,0.00015837499999999999,12288
1024,measured,32,1,handwritten,0,1.167e-06,5.8400000000000004e-07,4.5800000000000137e-07,1.6700000000000026e-07,2.8999987989664078e-05,0.00012279200000000001,12288
1024,measured,33,0,handwritten,0,7.92e-07,1.542e-06,1.6600000000001162e-07,2.920000000000033e-07,5.0375238060951233e-05,0.00020591699999999999,12288
1024,measured,33,1,generated,0,1.9999999999999999e-06,1.2079999999999999e-06,6.6700000000001242e-07,2.499999999999993e-07,3.6875251680612564e-05,0.00019045800000000001,12288
1024,measured,34,0,generated,0,1.708e-06,8.3399999999999998e-07,4.1699999999999279e-07,2.0800000000000207e-07,2.5750137865543365e-05,0.000173167,12288
1024,measured,34,1,handwritten,0,1.167e-06,1.167e-06,4.5800000000000137e-07,2.499999999999993e-07,2.8958078473806381e-05,0.000142958,12288
1024,measured,35,0,handwritten,0,1.875e-06,7.5000000000000002e-07,4.9899999999999641e-07,2.0800000000000207e-07,3.7000048905611038e-05,0.00016262500000000001,12288
1024,measured,35,1,generated,0,9.9999999999999995e-07,1.2500000000000001e-06,3.7499999999999556e-07,2.920000000000033e-07,1.7499551177024841e-06,0.000242167,12288
1024,measured,36,0,generated,0,1.75e-06,1.4169999999999999e-06,4.5900000000000357e-07,3.7500000000000234e-07,0.00040629180148243904,0.00060012499999999996,12288
1024,measured,36,1,handwritten,0,1.917e-06,1.542e-06,5.4199999999999583e-07,2.499999999999993e-07,0.00020712520927190781,0.00037533400000000001,12288
1024,measured,37,0,handwritten,0,1.75e-06,1.4589999999999999e-06,3.3299999999999834e-07,2.920000000000033e-07,1.9166618585586548e-06,0.000137,12288
1024,measured,37,1,generated,0,1.917e-06,1.75e-06,5.4099999999999363e-07,2.499999999999993e-07,1.8333084881305695e-06,0.000234625,12288
1024,measured,38,0,generated,0,1.917e-06,1.2500000000000001e-06,1.123999999999998e-06,2.920000000000033e-07,3.1749717891216278e-05,0.000205708,12288
1024,measured,38,1,handwritten,0,1.792e-06,9.1699999999999997e-07,4.5800000000000137e-07,2.0800000000000207e-07,1.875218003988266e-06,0.00011416700000000001,12288
1024,measured,39,0,handwritten,0,1.0410000000000001e-06,1.6249999999999999e-06,3.3299999999999834e-07,2.499999999999993e-07,1.8333084881305695e-06,0.000227958,12288
1024,measured,39,1,generated,0,1.8339999999999999e-06,7.0900000000000001e-07,5.4100000000000719e-07,2.0899999999999749e-07,1.875218003988266e-06,0.0001985,12288
1024,measured,40,0,generated,0,1.0419999999999999e-06,6.6700000000000003e-07,3.3299999999999834e-07,1.2500000000000304e-07,1.7499551177024841e-06,0.00019233400000000001,12288
1024,measured,40,1,handwritten,0,8.7499999999999999e-07,8.3300000000000001e-07,1.6700000000000026e-07,1.6700000000000026e-07,1.8333084881305695e-06,0.00019824999999999999,12288
1024,measured,41,0,handwritten,0,9.5900000000000005e-07,6.2500000000000005e-07,2.0899999999999749e-07,1.2500000000000304e-07,1.8333084881305695e-06,0.00020466700000000001,12288
1024,measured,41,1,generated,0,8.7499999999999999e-07,8.3300000000000001e-07,1.6600000000001162e-07,1.6599999999999807e-07,1.7499551177024841e-06,0.00017754199999999999,12288
1024,measured,42,0,generated,0,9.1699999999999997e-07,7.0800000000000004e-07,2.0899999999999749e-07,1.6599999999999807e-07,1.8333084881305695e-06,0.00017262500000000001,12288
1024,measured,42,1,handwritten,0,8.7499999999999999e-07,6.2500000000000005e-07,1.6700000000000026e-07,1.6700000000000026e-07,1.8333084881305695e-06,0.00020249999999999999,12288
1024,measured,43,0,handwritten,0,8.7499999999999999e-07,1.9580000000000001e-06,1.6700000000000026e-07,5.8299999999999764e-07,1.7085112631320953e-06,0.0002085,12288
1024,measured,43,1,generated,0,1.916e-06,1.2920000000000001e-06,4.999999999999986e-07,2.499999999999993e-07,1.7499551177024841e-06,0.00027079099999999999,12288
1024,measured,44,0,generated,0,1.875e-06,9.5799999999999998e-07,4.9899999999999641e-07,2.499999999999993e-07,1.7499551177024841e-06,0.000269125,12288
1024,measured,44,1,handwritten,0,2.1670000000000002e-06,1.542e-06,7.0800000000000745e-07,2.920000000000033e-07,1.9166618585586548e-06,0.00016187499999999999,12288
1024,measured,45,0,handwritten,0,3.416e-06,1.5e-06,2.0830000000000002e-06,4.1699999999999957e-07,1.7913989722728729e-06,0.00031325,12288
1024,measured,45,1,generated,0,2.2089999999999999e-06,9.5799999999999998e-07,9.5799999999999998e-07,1.6700000000000026e-07,1.7080456018447876e-06,0.00017450000000000001,12288
1024,measured,46,0,generated,0,1.209e-06,8.7499999999999999e-07,4.159999999999906e-07,2.0800000000000207e-07,1.8333084881305695e-06,0.00020608399999999999,12288
1024,measured,46,1,handwritten,0,1.0839999999999999e-06,6.6599999999999996e-07,2.920000000000033e-07,1.6599999999999807e-07,1.6666017472743988e-06,0.00019629200000000001,12288
1024,measured,47,0,handwritten,0,9.9999999999999995e-07,7.5000000000000002e-07,2.920000000000033e-07,1.6599999999999807e-07,1.8333084881305695e-06,0.00024654199999999999,12288
1024,measured,47,1,generated,0,9.5900000000000005e-07,7.5000000000000002e-07,2.4999999999999252e-07,1.6700000000000026e-07,1.62515789270401e-06,0.00020870900000000001,12288
1024,measured,48,0,generated,0,9.9999999999999995e-07,2.125e-06,3.3400000000000053e-07,4.1600000000000415e-07,1.7504207789897919e-06,0.00020945800000000001,12288
1024,measured,48,1,handwritten,0,1.2500000000000001e-06,7.5000000000000002e-07,2.0800000000000885e-07,1.6700000000000026e-07,1.8333084881305695e-06,0.00015275,12288
1024,measured,49,0,handwritten,0,1.083e-06,1.4580000000000001e-06,3.7500000000000912e-07,2.5000000000000608e-07,1.6666017472743988e-06,0.00019824999999999999,12288
1024,measured,49,1,generated,0,1.8330000000000001e-06,1.4169999999999999e-06,4.5900000000000357e-07,2.079999999999953e-07,1.7504207789897919e-06,0.00022529099999999999,12288
1024,measured,50,0,generated,0,1.875e-06,7.92e-07,4.5900000000000357e-07,2.920000000000033e-07,1.62515789270401e-06,0.00025429100000000002,12288
1024,measured,50,1,handwritten,0,1.0419999999999999e-06,7.0800000000000004e-07,2.920000000000033e-07,1.6599999999999807e-07,1.7499551177024841e-06,0.00020266699999999999,12288
1024,measured,51,0,handwritten,0,9.16e-07,6.6700000000000003e-07,2.0800000000000885e-07,1.6700000000000026e-07,1.7499551177024841e-06,0.000195625,12288
1024,measured,51,1,generated,0,8.7499999999999999e-07,7.0900000000000001e-07,1.6600000000001162e-07,1.6700000000000026e-07,1.7913989722728729e-06,0.00015195900000000001,12288
1024,measured,52,0,generated,0,9.1699999999999997e-07,6.6700000000000003e-07,2.0800000000000885e-07,1.6599999999999807e-07,1.8333084881305695e-06,0.00019412499999999999,12288
1024,measured,52,1,handwritten,0,9.1699999999999997e-07,6.2500000000000005e-07,2.0899999999999749e-07,1.6599999999999807e-07,1.8333084881305695e-06,0.00016775000000000001,12288
1024,measured,53,0,handwritten,0,8.7499999999999999e-07,7.5000000000000002e-07,1.6700000000000026e-07,2.5000000000000608e-07,1.7499551177024841e-06,0.0001875,12288
1024,measured,53,1,generated,0,8.7499999999999999e-07,6.2500000000000005e-07,1.6700000000000026e-07,1.6700000000000026e-07,1.8333084881305695e-06,0.00020000000000000001,12288
1024,measured,54,0,generated,0,8.3399999999999998e-07,6.6700000000000003e-07,1.6700000000000026e-07,2.0899999999999749e-07,1.7918646335601807e-06,0.000208209,12288
1024,measured,54,1,handwritten,0,8.7499999999999999e-07,2.125e-06,2.0699999999999311e-07,3.7499999999999556e-07,1.7499551177024841e-06,0.00018024999999999999,12288
1024,measured,55,0,handwritten,0,2.2089999999999999e-06,1.2500000000000001e-06,6.6699999999999887e-07,2.0899999999999749e-07,1.7918646335601807e-06,0.00019625,12288
1024,measured,55,1,generated,0,9.9999999999999995e-07,6.6599999999999996e-07,2.9100000000000111e-07,2.079999999999953e-07,1.7499551177024841e-06,0.00015233299999999999,12288
1024,measured,56,0,generated,0,9.1699999999999997e-07,7.5000000000000002e-07,2.0899999999999749e-07,1.2500000000000304e-07,1.7913989722728729e-06,0.00015750000000000001,12288
1024,measured,56,1,handwritten,0,9.5799999999999998e-07,6.6700000000000003e-07,2.5000000000000608e-07,1.2500000000000304e-07,0.00043841684237122536,0.00069462500000000004,12288
1024,measured,57,0,handwritten,0,1.375e-06,7.92e-07,6.6699999999999887e-07,2.079999999999953e-07,0.00022733351215720177,0.00035666700000000002,12288
1024,measured,57,1,generated,0,1.0419999999999999e-06,7.0900000000000001e-07,3.3400000000000053e-07,1.2500000000000304e-07,2.0000152289867401e-06,0.000161292,12288
1024,measured,58,0,generated,0,9.5900000000000005e-07,3.7919999999999999e-06,2.0899999999999749e-07,4.5900000000000357e-07,1.8747523427009583e-06,0.000246209,12288
1024,measured,58,1,handwritten,0,2.2089999999999999e-06,1.5829999999999999e-06,7.4999999999999113e-07,3.3400000000000053e-07,1.9166618585586548e-06,0.000201125,12288
1024,measured,59,0,handwritten,0,1.8339999999999999e-06,1.0839999999999999e-06,3.7499999999999556e-07,2.920000000000033e-07,0.00011362461373209953,0.00035175000000000001,12288
1024,measured,59,1,generated,0,1.2079999999999999e-06,8.3300000000000001e-07,3.3400000000000053e-07,1.6599999999999807e-07,1.9166618585586548e-06,0.00024370800000000001,12288
1024,measured,60,0,generated,0,1.0839999999999999e-06,7.0900000000000001e-07,3.7599999999999776e-07,1.2500000000000304e-07,1.7499551177024841e-06,0.00021420900000000001,12288
1024,measured,60,1,handwritten,0,9.9999999999999995e-07,6.2500000000000005e-07,2.0899999999999749e-07,1.6700000000000026e-07,1.7918646335601807e-06,0.000173833,12288
1024,measured,61,0,handwritten,0,8.3300000000000001e-07,5.8299999999999997e-07,1.2500000000000304e-07,1.6599999999999807e-07,1.7499551177024841e-06,0.000179333,12288
1024,measured,61,1,generated,0,1.083e-06,2.2079999999999999e-06,4.1700000000000634e-07,4.5900000000000357e-07,1.7499551177024841e-06,0.000228583,12288
1024,measured,62,0,generated,0,2.1660000000000001e-06,8.7499999999999999e-07,7.5000000000000468e-07,2.5000000000000608e-07,1.7499551177024841e-06,0.000241625,12288
1024,measured,62,1,handwritten,0,1.0410000000000001e-06,1.7090000000000001e-06,4.1700000000000634e-07,3.7499999999999556e-07,1.7080456018447876e-06,0.000245875,12288
1024,measured,63,0,handwritten,0,1.9589999999999998e-06,8.7090000000000008e-06,5.8300000000000441e-07,2.9100000000000111e-07,9.6247531473636627e-06,0.00040233400000000001,12288
1024,measured,63,1,generated,0,1.0410000000000001e-06,8.7499999999999999e-07,2.920000000000033e-07,1.6700000000000026e-07,1.7499551177024841e-06,0.00025999999999999998,12288
1024,measured,64,0,generated,0,9.9999999999999995e-07,6.6700000000000003e-07,2.5000000000000608e-07,1.6700000000000026e-07,1.8747523427009583e-06,0.00018512499999999999,12288
1024,measured,64,1,handwritten,0,9.5799999999999998e-07,7.5000000000000002e-07,2.5000000000000608e-07,1.6700000000000026e-07,1.7080456018447876e-06,0.00018054099999999999,12288
1024,measured,65,0,handwritten,0,9.5799999999999998e-07,7.0800000000000004e-07,2.4900000000000388e-07,1.6599999999999807e-07,1.7913989722728729e-06,0.00022070799999999999,12288
1024,measured,65,1,generated,0,9.5799999999999998e-07,9.1699999999999997e-07,2.9100000000000111e-07,2.0899999999999749e-07,2.2919848561286926e-06,0.00020225000000000001,12288
1024,measured,66,0,generated,0,1.083e-06,6.6700000000000003e-07,2.9100000000000111e-07,1.6700000000000026e-07,1.6666017472743988e-06,0.00016183300000000001,12288
1024,measured,66,1,handwritten,0,9.5799999999999998e-07,3.3330000000000001e-06,2.920000000000033e-07,5.8400000000000661e-07,1.7913989722728729e-06,0.000216333,12288
1024,measured,67,0,handwritten,0,2.041e-06,7.0900000000000001e-07,7.0900000000000964e-07,2.0899999999999749e-07,1.6666017472743988e-06,0.00019437499999999999,12288
1024,measured,67,1,generated,0,1.375e-06,6.6700000000000003e-07,2.920000000000033e-07,1.6700000000000026e-07,1.7085112631320953e-06,0.000147625,12288
1024,measured,68,0,generated,0,9.5799999999999998e-07,7.5000000000000002e-07,2.0800000000000885e-07,2.0899999999999749e-07,1.6666017472743988e-06,0.00019391699999999999,12288
1024,measured,68,1,handwritten,0,9.9999999999999995e-07,0.000197958,2.9199999999998975e-07,4.999999999999986e-07,8.9998356997966766e-06,0.00067429199999999995,12288
1024,measured,69,0,handwritten,0,1.542e-06,2.5840000000000002e-06,3.7400000000000692e-07,4.1600000000000415e-07,2.0000152289867401e-06,0.00024274999999999999,12288
1024,measured,69,1,generated,0,2.0420000000000001e-06,1.0839999999999999e-06,6.6800000000000106e-07,2.9100000000000111e-07,1.875218003988266e-06,0.00025870899999999998,12288
1024,measured,70,0,generated,0,1.0410000000000001e-06,7.5000000000000002e-07,3.3299999999998478e-07,1.6700000000000026e-07,4.4250395148992538e-05,0.00030754099999999999,12288
1024,measured,70,1,handwritten,0,1.375e-06,1.3340000000000001e-06,5.4199999999999583e-07,2.079999999999953e-07,0.00032362528145313263,0.00044224999999999999,12288
1024,measured,71,0,handwritten,0,9.9999999999999995e-07,7.0800000000000004e-07,2.5000000000000608e-07,1.6700000000000026e-07,7.4625015258789062e-05,0.00018474999999999999,12288
1024,measured,71,1,generated,0,2.0839999999999999e-06,7.0800000000000004e-07,5.0100000000000079e-07,1.6700000000000026e-07,2.8749927878379822e-05,0.00016862499999999999,12288
1024,measured,72,0,generated,0,9.5900000000000005e-07,6.6700000000000003e-07,2.5099999999999472e-07,1.6599999999999807e-07,2.750009298324585e-05,0.000143292,12288
1024,measured,72,1,handwritten,0,8.3300000000000001e-07,5.8299999999999997e-07,1.6600000000001162e-07,1.2500000000000304e-07,2.5500077754259109e-05,0.000119917,12288
1024,measured,73,0,handwritten,0,7.9100000000000003e-07,1.7499999999999998e-05,1.6600000000001162e-07,1.3083999999999999e-05,0.00054358318448066711,0.000774375,12288
1024,measured,73,1,generated,0,3.8750000000000002e-06,1.917e-06,2.0830000000000002e-06,3.3400000000000053e-07,0.00020441645756363869,0.00047754200000000002,12288
1024,measured,74,0,generated,0,2.3329999999999999e-06,1.083e-06,9.999999999999972e-07,2.920000000000033e-07,0.00013187527656555176,0.00033662500000000001,12288
1024,measured,74,1,handwritten,0,1.1659999999999999e-06,3.5420000000000001e-06,3.7400000000000692e-07,1.9579999999999972e-06,6.6791661083698273e-05,0.00027883299999999998,12288
1024,measured,75,0,handwritten,0,1.9580000000000001e-06,1.375e-06,5.4199999999999583e-07,2.5000000000000608e-07,2.9250048100948334e-05,0.00018470800000000001,12288
1024,measured,75,1,generated,0,2.125e-06,1.375e-06,6.6700000000001242e-07,2.5000000000000608e-07,2.8999987989664078e-05,0.00021170800000000001,12288
1024,measured,76,0,generated,0,2.3750000000000001e-06,1.333e-06,9.5900000000000217e-07,2.5000000000000608e-07,3.1624920666217804e-05,0.00021170800000000001,12288
1024,measured,76,1,handwritten,0,1.917e-06,1.6249999999999999e-06,5.4199999999999583e-07,3.3299999999999834e-07,7.5666699558496475e-05,0.000195959,12288
1024,measured,77,0,handwritten,0,1.9999999999999999e-06,1.2500000000000001e-06,5.8400000000000661e-07,2.920000000000033e-07,2.7250032871961594e-05,0.00017604099999999999,12288
1024,measured,77,1,generated,0,1.209e-06,2.4169999999999999e-06,4.1700000000000634e-07,3.3299999999999834e-07,1.7416663467884064e-05,0.00027545899999999998,12288
1024,measured,78,0,generated,0,2.0839999999999999e-06,4.459e-06,6.6599999999999667e-07,5.8300000000000441e-07,5.4958276450634003e-05,0.00040412500000000002,12288
1024,measured,78,1,handwritten,0,3.5420000000000001e-06,3.208e-06,2.1240000000000224e-06,7.079999999999939e-07,8.8750384747982025e-06,0.000517958,12288
1024,measured,79,0,handwritten,0,2.1660000000000001e-06,1.2500000000000001e-06,6.6699999999998531e-07,2.920000000000033e-07,2.7166679501533508e-05,0.00021904100000000001,12288
1024,measured,79,1,generated,0,1.125e-06,9.9999999999999995e-07,4.1699999999997924e-07,1.6700000000000026e-07,2.2500753402709961e-06,0.000274417,12288
1024,measured,80,0,generated,0,9.16e-07,7.92e-07,2.5000000000000608e-07,3.3299999999999834e-07,1.7499551177024841e-06,0.00019845799999999999,12288
1024,measured,80,1,handwritten,0,8.3399999999999998e-07,8.7499999999999999e-07,1.6700000000000026e-07,2.079999999999953e-07,1.7085112631320953e-06,0.00020358400000000001,12288
1024,measured,81,0,handwritten,0,9.16e-07,6.6700000000000003e-07,2.079999999999953e-07,1.6700000000000026e-07,1.8333084881305695e-06,0.00024233300000000001,12288
1024,measured,81,1,generated,0,8.3300000000000001e-07,6.2500000000000005e-07,1.6600000000001162e-07,1.6700000000000026e-07,1.6666017472743988e-06,0.000206042,12288
1024,measured,82,0,generated,0,8.3300000000000001e-07,5.8400000000000004e-07,1.6700000000000026e-07,1.6700000000000026e-07,1.7499551177024841e-06,0.000174,12288
1024,measured,82,1,handwritten,0,8.3300000000000001e-07,6.6700000000000003e-07,1.6600000000001162e-07,1.6599999999999807e-07,1.7918646335601807e-06,0.000185458,12288
1024,measured,83,0,handwritten,0,8.7499999999999999e-07,5.8400000000000004e-07,1.6700000000000026e-07,1.2500000000000304e-07,1.62515789270401e-06,0.000198209,12288
1024,measured,83,1,generated,0,8.7499999999999999e-07,2.7920000000000001e-06,1.6700000000000026e-07,4.999999999999986e-07,1.7499551177024841e-06,0.000267917,12288
1024,measured,84,0,generated,0,2.2079999999999999e-06,7.5000000000000002e-07,7.9099999999998616e-07,2.079999999999953e-07,1.6246922314167023e-06,0.00021520799999999999,12288
1024,measured,84,1,handwritten,0,9.5900000000000005e-07,1.8339999999999999e-06,2.9199999999998975e-07,4.5900000000000357e-07,1.62515789270401e-06,0.00020799999999999999,12288
1024,measured,85,0,handwritten,0,1.916e-06,6.6599999999999996e-07,4.9899999999999641e-07,2.079999999999953e-07,1.8333084881305695e-06,0.000190958,12288
1024,measured,85,1,generated,0,1.2500000000000001e-06,6.6599999999999996e-07,5.4199999999999583e-07,1.2500000000000304e-07,1.7080456018447876e-06,0.00020354100000000001,12288
1024,measured,86,0,generated,0,1.125e-06,1.375e-06,4.1699999999997924e-07,2.920000000000033e-07,1.7499551177024841e-06,0.00020504200000000001,12288
1024,measured,86,1,handwritten,0,1.9589999999999998e-06,6.3749999999999999e-06,5.4300000000001157e-07,9.1700000000000494e-07,0.0004492499865591526,0.00078541699999999995,12288
1024,measured,87,0,handwritten,0,3.4580000000000002e-06,8.3399999999999998e-07,2.1249999999999839e-06,2.5000000000000608e-07,0.00016549974679946899,0.000326292,12288
1024,measured,87,1,generated,0,1.0410000000000001e-06,1.708e-06,2.9100000000000111e-07,2.5000000000000608e-07,1.7499551177024841e-06,0.00021170800000000001,12288
1024,measured,88,0,generated,0,2.0420000000000001e-06,8.3300000000000001e-07,5.0100000000000079e-07,2.5000000000000608e-07,1.7504207789897919e-06,0.00029704200000000002,12288
1024,measured,88,1,handwritten,0,1.125e-06,6.6700000000000003e-07,3.7499999999999556e-07,1.2500000000000304e-07,1.7085112631320953e-06,0.00018808299999999999,12288
1024,measured,89,0,handwritten,0,8.7499999999999999e-07,6.2500000000000005e-07,1.6700000000000026e-07,1.2500000000000304e-07,1.7499551177024841e-06,0.000180125,12288
1024,measured,89,1,generated,0,8.3300000000000001e-07,6.2500000000000005e-07,1.6600000000001162e-07,1.6599999999999807e-07,1.7918646335601807e-06,0.00017045799999999999,12288
1024,measured,90,0,generated,0,8.7499999999999999e-07,9.8749999999999995e-06,1.6700000000000026e-07,2.3330000000000063e-06,8.9583918452262878e-06,0.00040858300000000001,12288
1024,measured,90,1,handwritten,0,1.3708e-05,6.2500000000000005e-07,3.0420000000000024e-06,1.2500000000000304e-07,1.9166618585586548e-06,0.000332166,12288
1024,measured,91,0,handwritten,0,9.5799999999999998e-07,6.6700000000000003e-07,2.9100000000000111e-07,1.2500000000000304e-07,2.0000152289867401e-06,0.0001895,12288
1024,measured,91,1,generated,0,9.5799999999999998e-07,6.2500000000000005e-07,2.079999999999953e-07,1.6700000000000026e-07,1.875218003988266e-06,0.000229958,12288
1024,measured,92,0,generated,0,9.5799999999999998e-07,6.2500000000000005e-07,2.079999999999953e-07,1.2500000000000304e-07,1.9585713744163513e-06,0.00016795800000000001,12288
1024,measured,92,1,handwritten,0,8.7499999999999999e-07,6.6700000000000003e-07,2.4900000000001744e-07,1.6700000000000026e-07,1.7499551177024841e-06,0.00018458400000000001,12288
1024,measured,93,0,handwritten,0,9.5799999999999998e-07,5.8400000000000004e-07,1.6700000000000026e-07,1.2500000000000304e-07,1.7080456018447876e-06,0.00020829099999999999,12288
1024,measured,93,1,generated,0,8.7499999999999999e-07,7.92e-07,2.5000000000000608e-07,2.079999999999953e-07,1.7918646335601807e-06,0.00016016700000000001,12288
1024,measured,94,0,generated,0,9.1699999999999997e-07,4.0419999999999996e-06,2.0899999999998394e-07,4.5900000000000357e-07,1.7913989722728729e-06,0.00026483300000000002,12288
1024,measured,94,1,handwritten,0,2.0839999999999999e-06,1.4580000000000001e-06,6.2500000000000164e-07,2.5000000000000608e-07,1.7499551177024841e-06,0.00018504200000000001,12288
1024,measured,95,0,handwritten,0,2.0829999999999998e-06,9.5799999999999998e-07,6.2500000000000164e-07,1.6700000000000026e-07,1.7499551177024841e-06,0.000207958,12288
1024,measured,95,1,generated,0,1.375e-06,6.6599999999999996e-07,3.3400000000000053e-07,1.6599999999999807e-07,1.62515789270401e-06,0.00019720800000000001,12288
1024,measured,96,0,generated,0,9.1699999999999997e-07,1.666e-06,1.6700000000000026e-07,3.3299999999999834e-07,1.7499551177024841e-06,0.0002475,12288
1024,measured,96,1,handwritten,0,2.0420000000000001e-06,1.4160000000000001e-06,7.0899999999999609e-07,3.7499999999999556e-07,1.7499551177024841e-06,0.00016962499999999999,12288
1024,measured,97,0,handwritten,0,1.792e-06,8.3399999999999998e-07,3.7600000000001131e-07,2.0899999999999749e-07,0.00010375026613473892,0.00031908400000000002,12288
1024,measured,97,1,generated,0,9.9999999999999995e-07,6.6700000000000003e-07,2.9199999999998975e-07,1.2500000000000304e-07,1.6666017472743988e-06,0.000213375,12288
1024,measured,98,0,generated,0,9.5799999999999998e-07,1.375e-06,2.079999999999953e-07,3.3299999999999834e-07,1.6246922314167023e-06,0.000183833,12288
1024,measured,98,1,handwritten,0,1.9580000000000001e-06,9.9999999999999995e-07,5.4199999999999583e-07,2.079999999999953e-07,1.6666017472743988e-06,0.00015604200000000001,12288
1024,measured,99,0,handwritten,0,1.5e-06,8.3300000000000001e-07,3.7499999999999556e-07,1.6700000000000026e-07,1.7499551177024841e-06,0.00019699999999999999,12288
1024,measured,99,1,generated,0,1.375e-06,1.75e-06,2.9100000000000111e-07,3.7499999999999556e-07,1.6666017472743988e-06,0.00021654199999999999,12288
65536,warmup,0,0,generated,0,8.3666999999999997e-05,1.0499999999999999e-05,8.116699999999999e-05,8.5000000000000033e-06,4.7502107918262482e-06,0.00040520900000000002,786432
65536,warmup,0,1,handwritten,0,2.2583e-05,5.7080000000000002e-06,2.050000000000001e-05,4.9999999999999996e-06,4.6249479055404663e-06,0.00023412500000000001,786432
65536,warmup,1,0,handwritten,0,9.4169999999999998e-06,4.9579999999999998e-06,8.3759999999999889e-06,4.2910000000000035e-06,4.6249479055404663e-06,0.000167792,786432
65536,warmup,1,1,generated,0,3.6000000000000001e-05,4.4170000000000002e-06,1.4999999999999985e-05,3.8330000000000021e-06,4.5835040509700775e-06,0.000298917,786432
65536,warmup,2,0,generated,0,8.6670000000000002e-06,4.459e-06,7.7489999999999829e-06,3.8749999999999993e-06,4.6249479055404663e-06,0.00021408399999999999,786432
65536,warmup,2,1,handwritten,0,9.4169999999999998e-06,1.4541e-05,8.3330000000000166e-06,1.1791999999999998e-05,0.00076424982398748398,0.001022542,786432
65536,warmup,3,0,handwritten,0,9.8330000000000006e-06,5.6250000000000004e-06,9.040999999999997e-06,4.958999999999991e-06,4.8750080168247223e-06,0.00022212499999999999,786432
65536,warmup,3,1,generated,0,9.0829999999999993e-06,4.25e-06,8.2920000000000216e-06,3.7079999999999991e-06,4.6668574213981628e-06,0.000225875,786432
65536,warmup,4,0,generated,0,8.7080000000000003e-06,1.3667e-05,7.917000000000026e-06,1.1166999999999997e-05,4.5420601963996887e-06,0.00024850000000000002,786432
65536,warmup,4,1,handwritten,0,2.2082999999999998e-05,1.1375e-05,8.6239999999999906e-06,9.7909999999999881e-06,4.7502107918262482e-06,0.00028170799999999998,786432
65536,warmup,5,0,handwritten,0,9.0000000000000002e-06,4.6670000000000004e-06,8.0420000000000426e-06,4.0829999999999946e-06,4.6663917601108551e-06,0.00020954200000000001,786432
65536,warmup,5,1,generated,0,3.9458000000000001e-05,5.2079999999999999e-06,3.8334000000000003e-05,4.6249999999999904e-06,4.6249479055404663e-06,0.00025591600000000002,786432
65536,warmup,6,0,generated,0,9.8330000000000006e-06,5.9083000000000003e-05,9.0419999999999585e-06,5.4707999999999992e-05,4.3875072151422501e-05,0.00056529099999999999,786432
65536,warmup,6,1,handwritten,0,1.3416e-05,1.1583000000000001e-05,1.2083999999999988e-05,9.0830000000000077e-06,0.00012875022366642952,0.00044354099999999999,786432
65536,warmup,7,0,handwritten,0,2.6125000000000001e-05,9.7079999999999992e-06,2.3833000000000014e-05,8.2499999999999837e-06,7.2458293288946152e-05,0.00035716699999999998,786432
65536,warmup,7,1,generated,0,2.1959000000000001e-05,9.2089999999999994e-06,2.0291999999999988e-05,8.208e-06,7.3625240474939346e-05,0.00030445899999999998,786432
65536,warmup,8,0,generated,0,2.1790999999999999e-05,5.5829999999999997e-06,2.0000000000000052e-05,4.8340000000000015e-06,7.0833135396242142e-05,0.00032287499999999997,786432
65536,warmup,8,1,handwritten,0,3.3167000000000003e-05,4.6249999999999998e-06,8.8749999999999853e-06,3.9999999999999888e-06,3.2375101000070572e-05,0.000196792,786432
65536,warmup,9,0,handwritten,0,1.0708e-05,3.9416999999999999e-05,9.9160000000000047e-06,3.7625000000000007e-05,3.6291778087615967e-05,0.00025291700000000002,786432
65536,warmup,9,1,generated,0,2.4583000000000002e-05,3.4084000000000001e-05,2.2791999999999995e-05,3.2499999999999977e-05,3.8999598473310471e-05,0.00029375000000000001,786432
65536,measured,0,0,generated,0,2.3584e-05,5.3340000000000001e-06,2.1999999999999993e-05,4.6250000000000176e-06,5.9791840612888336e-05,0.00025283400000000001,786432
65536,measured,0,1,handwritten,0,1.0208e-05,5.7080000000000002e-06,8.9579999999999911e-06,5.0839999999999805e-06,5.8333389461040497e-06,0.000120708,786432
65536,measured,1,0,handwritten,0,2.9167e-05,8.9169999999999995e-06,2.7541999999999974e-05,7.6669999999999928e-06,5.5003911256790161e-06,0.00029141699999999998,786432
65536,measured,1,1,generated,0,2.4417e-05,5.7919999999999998e-06,2.2790999999999979e-05,5.1249999999999755e-06,4.7497451305389404e-06,0.00028979199999999998,786432
65536,measured,2,0,generated,0,9.5829999999999996e-06,9.8749999999999995e-06,8.6259999999999679e-06,8.208e-06,4.541594535112381e-06,0.00021395799999999999,786432
65536,measured,2,1,handwritten,0,1.9042000000000002e-05,1.1083999999999999e-05,1.7458999999999942e-05,9.0830000000000077e-06,0.00017070863395929337,0.00041870900000000002,786432
65536,measured,3,0,handwritten,0,8.6670000000000002e-06,9.5410000000000006e-06,7.7909999999999395e-06,8.3749999999999732e-06,4.791654646396637e-06,0.00024487499999999998,786432
65536,measured,3,1,generated,0,9.4579999999999999e-06,4.7090000000000001e-06,8.5010000000000597e-06,4.1250000000000054e-06,4.7497451305389404e-06,0.00024025000000000001,786432
65536,measured,4,0,generated,0,9.2089999999999994e-06,8.8750000000000006e-06,8.3760000000000431e-06,7.5830000000000255e-06,4.7083012759685516e-06,0.000191709,786432
65536,measured,4,1,handwritten,0,8.7499999999999992e-06,1.4708e-05,7.7910000000000479e-06,1.3125000000000007e-05,4.6249479055404663e-06,0.000204625,786432
65536,measured,5,0,handwritten,0,8.6249999999999996e-06,1.3541e-05,7.7499999999999444e-06,1.0750000000000017e-05,0.00079437531530857086,0.001074291,786432
65536,measured,5,1,generated,0,2.5457999999999999e-05,4.916e-06,2.416699999999996e-05,4.3339999999999893e-06,4.9164518713951111e-06,0.00024862499999999999,786432
65536,measured,6,0,generated,0,8.7499999999999992e-06,4.5410000000000002e-06,7.8329999999999502e-06,3.9999999999999888e-06,4.6249479055404663e-06,0.00017308300000000001,786432
65536,measured,6,1,handwritten,0,9.1249999999999999e-06,4.4580000000000003e-06,8.2510000000000265e-06,3.8750000000000264e-06,4.7083012759685516e-06,0.00016629200000000001,786432
65536,measured,7,0,handwritten,0,9.1249999999999999e-06,4.5000000000000001e-06,8.3330000000000166e-06,3.7500000000000098e-06,4.6249479055404663e-06,0.00018908400000000001,786432
65536,measured,7,1,generated,0,9.0420000000000008e-06,4.9590000000000003e-06,8.0410000000000811e-06,4.3749999999999844e-06,4.7497451305389404e-06,0.00025187499999999998,786432
65536,measured,8,0,generated,0,1.5999999999999999e-05,4.5000000000000001e-06,8.374999999999919e-06,3.957999999999978e-06,4.6249479055404663e-06,0.00027454200000000002,786432
65536,measured,8,1,handwritten,0,8.5420000000000005e-06,8.8750000000000006e-06,7.7090000000000578e-06,7.5419999999999762e-06,4.7083012759685516e-06,0.00022791700000000001,786432
65536,measured,9,0,handwritten,0,9.0829999999999993e-06,1.0375e-05,7.9169999999998634e-06,8.4999999999999898e-06,4.7083012759685516e-06,0.00035204099999999999,786432
65536,measured,9,1,generated,0,8.4333999999999996e-05,5.0000000000000004e-06,4.3583000000000033e-05,4.250000000000022e-06,4.791654646396637e-06,0.00040729200000000002,786432
65536,measured,10,0,generated,0,2.4666999999999999e-05,1.6792000000000001e-05,2.3584000000000105e-05,1.462499999999999e-05,1.0374933481216431e-05,0.00030354200000000002,786432
65536,measured,10,1,handwritten,0,3.2042000000000003e-05,4.9590000000000003e-06,2.987399999999983e-05,4.3329999999999736e-06,8.8375061750411987e-05,0.00030020900000000001,786432
65536,measured,11,0,handwritten,0,8.6659999999999997e-06,5.2499999999999997e-06,7.8750000000000694e-06,4.6250000000000176e-06,7.7125150710344315e-05,0.00021024999999999999,786432
65536,measured,11,1,generated,0,2.05e-05,4.6249999999999998e-06,1.9625000000000111e-05,3.9159999999999673e-06,6.6374894231557846e-05,0.00037345899999999998,786432
65536,measured,12,0,generated,0,8.4579999999999993e-06,1.3584000000000001e-05,7.541999999999922e-06,1.1999999999999966e-05,4.312535747885704e-05,0.000206042,786432
65536,measured,12,1,handwritten,0,8.7499999999999992e-06,4.4580000000000003e-06,7.833999999999966e-06,3.8749999999999722e-06,3.5416800528764725e-05,0.00015408300000000001,786432
65536,measured,13,0,handwritten,0,8.9169999999999995e-06,4.4580000000000003e-06,7.9589999999998742e-06,3.8749999999999722e-06,4.1416846215724945e-05,0.00015275,786432
65536,measured,13,1,generated,0,1.5834000000000001e-05,4.792e-06,1.4208999999999836e-05,4.0840000000000104e-06,6.5001659095287323e-06,0.00013945900000000001,786432
65536,measured,14,0,generated,0,8.9160000000000007e-06,4.4170000000000002e-06,8.082999999999875e-06,3.8749999999999722e-06,0.00011887494474649429,0.00025775,786432
65536,measured,14,1,handwritten,0,9.9159999999999996e-06,4.4580000000000003e-06,8.5409999999999306e-06,3.957999999999978e-06,3.6417040973901749e-05,0.00015020800000000001,786432
65536,measured,15,0,handwritten,0,9.0829999999999993e-06,4.4159999999999997e-06,8.0839999999999992e-06,3.9159999999999673e-06,3.3999793231487274e-05,0.00015270799999999999,786432
65536,measured,15,1,generated,0,8.6670000000000002e-06,4.6249999999999998e-06,7.8750000000000694e-06,3.9589999999999938e-06,3.1124800443649292e-05,0.000180292,786432
65536,measured,16,0,generated,0,9.0829999999999993e-06,4.2919999999999997e-06,8.2489999999998866e-06,3.6250000000000475e-06,3.1250063329935074e-05,0.000173542,786432
65536,measured,16,1,handwritten,0,8.8750000000000006e-06,4.5000000000000001e-06,8.0830000000000918e-06,3.8749999999999722e-06,3.150012344121933e-05,0.000144917,786432
65536,measured,17,0,handwritten,0,2.0290999999999999e-05,5.2089999999999996e-06,1.8498999999999946e-05,4.5829999999999526e-06,3.0083116143941879e-05,0.00022637499999999999,786432
65536,measured,17,1,generated,0,2.4958000000000001e-05,5.4999999999999999e-06,2.3125000000000142e-05,4.7079999999999692e-06,5.3751282393932343e-06,0.00036983300000000002,786432
65536,measured,18,0,generated,0,3.3374999999999998e-05,1.1708e-05,3.0290999999999998e-05,1.0125000000000043e-05,4.625413566827774e-06,0.00025887499999999999,786432
65536,measured,18,1,handwritten,0,2.8917000000000001e-05,8.9169999999999995e-06,2.6374999999999923e-05,7.6250000000000363e-06,4.6249479055404663e-06,0.00026316700000000002,786432
65536,measured,19,0,handwritten,0,8.6659999999999997e-06,8.3750000000000003e-06,7.8330000000000587e-06,7.7919999999999552e-06,1.7250422388315201e-05,0.00042400000000000001,786432
65536,measured,19,1,generated,0,1.6458999999999999e-05,5.75e-06,1.5624999999999797e-05,5.0000000000000131e-06,0.00051320809870958328,0.00068833399999999997,786432
65536,measured,20,0,generated,0,1.3625000000000001e-05,8.7499999999999992e-06,1.2292000000000119e-05,7.9579999999999668e-06,4.9583613872528076e-06,0.00025179199999999998,786432
65536,measured,20,1,handwritten,0,9.3340000000000008e-06,4.2919999999999997e-06,8.4580000000000332e-06,3.7499999999999556e-06,4.6249479055404663e-06,0.00016654199999999999,786432
65536,measured,21,0,handwritten,0,8.9160000000000007e-06,4.7500000000000003e-06,8.0830000000000918e-06,3.957999999999978e-06,0.00021633366122841835,0.00048866600000000001,786432
65536,measured,21,1,generated,0,1.1124999999999999e-05,3.7833000000000002e-05,1.0000000000000026e-05,3.5292000000000027e-05,5.0002709031105042e-06,0.00038795799999999999,786432
65536,measured,22,0,generated,0,2.4290999999999998e-05,5.7080000000000002e-06,2.2457000000000032e-05,5.1250000000000297e-06,8.5416249930858612e-06,0.00042958299999999998,786432
65536,measured,22,1,handwritten,0,1.0125e-05,1.3416e-05,9.2919999999999375e-06,3.7909999999999507e-06,4.791654646396637e-06,0.00036612500000000002,786432
65536,measured,23,0,handwritten,0,8.833e-06,4.583e-06,7.9169999999998634e-06,3.9999999999999888e-06,4.6249479055404663e-06,0.00029066699999999999,786432
65536,measured,23,1,generated,0,9.6670000000000008e-06,4.5000000000000001e-06,8.8340000000000987e-06,3.957999999999978e-06,4.7083012759685516e-06,0.00019512500000000001,786432
65536,measured,24,0,generated,0,9.7079999999999992e-06,4.792e-06,8.9159999999998719e-06,4.2080000000000112e-06,4.6663917601108551e-06,0.00018924999999999999,786432
65536,measured,24,1,handwritten,0,2.3209000000000001e-05,1.1165999999999999e-05,1.925000000000017e-05,1.0333999999999973e-05,4.7497451305389404e-06,0.00020987499999999999,786432
65536,measured,25,0,handwritten,0,8.7499999999999992e-06,4.3329999999999998e-06,7.9159999999999561e-06,3.7909999999999507e-06,4.625413566827774e-06,0.000152125,786432
65536,measured,25,1,generated,0,8.0409999999999998e-06,4.5000000000000001e-06,7.2079999999998673e-06,3.9589999999999938e-06,4.7497451305389404e-06,0.00019279099999999999,786432
65536,measured,26,0,generated,0,7.9999999999999996e-06,4.3329999999999998e-06,7.2079999999998673e-06,3.7919999999999664e-06,4.7083012759685516e-06,0.00017674999999999999,786432
65536,measured,26,1,handwritten,0,8.0830000000000004e-06,4.4170000000000002e-06,7.2499999999998781e-06,3.8749999999999722e-06,4.541594535112381e-06,0.00015899999999999999,786432
65536,measured,27,0,handwritten,0,7.9999999999999996e-06,4.459e-06,7.2499999999998781e-06,3.916999999999983e-06,4.7083012759685516e-06,0.00014666599999999999,786432
65536,measured,27,1,generated,0,8.2919999999999996e-06,4.5000000000000001e-06,7.5010000000000354e-06,3.7499999999999556e-06,4.6249479055404663e-06,0.00020429199999999999,786432
65536,measured,28,0,generated,0,7.7919999999999993e-06,4.5419999999999999e-06,7.0420000000000725e-06,3.9589999999999938e-06,4.7083012759685516e-06,0.00027862500000000001,786432
65536,measured,28,1,handwritten,0,8.9160000000000007e-06,4.2910000000000001e-06,8.082999999999875e-06,3.7499999999999556e-06,4.5835040509700775e-06,0.000174833,786432
65536,measured,29,0,handwritten,0,8.1249999999999993e-06,4.2089999999999999e-06,7.4159999999998897e-06,3.7089999999999606e-06,4.541594535112381e-06,0.00015891599999999999,786432
65536,measured,29,1,generated,0,8.0830000000000004e-06,4.1670000000000001e-06,7.3329999999999923e-06,3.6669999999999498e-06,4.6663917601108551e-06,0.00017812500000000001,786432
65536,measured,30,0,generated,0,7.9589999999999995e-06,4.25e-06,7.2079999999998673e-06,3.7499999999999556e-06,4.6249479055404663e-06,0.000168834,786432
65536,measured,30,1,handwritten,0,7.875e-06,4.3329999999999998e-06,7.1249999999999699e-06,3.7499999999999556e-06,4.6249479055404663e-06,0.00015595800000000001,786432
65536,measured,31,0,handwritten,0,9.3749999999999992e-06,4.6249999999999998e-06,8.5829999999999414e-06,4.1250000000000054e-06,4.5835040509700775e-06,0.000158333,786432
65536,measured,31,1,generated,0,9.166e-06,4.25e-06,8.4160000000000224e-06,3.7080000000000533e-06,4.541594535112381e-06,0.00016408300000000001,786432
65536,measured,32,0,generated,0,7.5830000000000001e-06,4.2919999999999997e-06,6.8329999999999259e-06,3.7499999999999556e-06,4.5835040509700775e-06,0.000166417,786432
65536,measured,32,1,handwritten,0,8.0830000000000004e-06,4.5839999999999996e-06,7.2500000000000949e-06,3.9999999999999888e-06,4.6249479055404663e-06,0.00014825,786432
65536,measured,33,0,handwritten,0,1.4083000000000001e-05,5.6250000000000004e-06,1.3167000000000127e-05,4.9170000000000073e-06,4.5001506805419922e-06,0.000172583,786432
65536,measured,33,1,generated,0,1.7207999999999999e-05,1.5041e-05,1.2290999999999995e-05,1.1500000000000008e-05,0.00075937528163194656,0.0010694579999999999,786432
65536,measured,34,0,generated,0,9.9580000000000002e-06,5.1669999999999998e-06,9.0830000000000077e-06,3.9999999999999888e-06,5.1665119826793671e-06,0.000223625,786432
65536,measured,34,1,handwritten,0,1.5291999999999999e-05,4.7500000000000003e-06,1.4499999999999973e-05,4.0419999999999996e-06,4.7502107918262482e-06,0.00014958300000000001,786432
65536,measured,35,0,handwritten,0,8.7499999999999992e-06,4.4170000000000002e-06,8.0000000000001945e-06,3.8749999999999722e-06,4.6668574213981628e-06,0.00018379099999999999,786432
65536,measured,35,1,generated,0,4.2500000000000003e-05,4.3749999999999996e-06,3.9542000000000049e-05,3.8749999999999722e-06,4.6249479055404663e-06,0.00022975,786432
65536,measured,36,0,generated,0,8.4999999999999999e-06,4.4170000000000002e-06,7.6669999999998302e-06,3.8329999999999614e-06,4.541594535112381e-06,0.000177875,786432
65536,measured,36,1,handwritten,0,8.5830000000000007e-06,4.4170000000000002e-06,7.7919999999999552e-06,3.8749999999999722e-06,4.6249479055404663e-06,0.00018470800000000001,786432
65536,measured,37,0,handwritten,0,8.9160000000000007e-06,9.1670000000000005e-06,8.0419999999997716e-06,7.833999999999966e-06,4.5830383896827698e-06,0.000159708,786432
65536,measured,37,1,generated,0,8.5830000000000007e-06,4.8339999999999998e-06,7.6669999999998302e-06,4.250000000000022e-06,4.6249479055404663e-06,0.000157625,786432
65536,measured,38,0,generated,0,9.2499999999999995e-06,4.3340000000000003e-06,8.4169999999997129e-06,3.8749999999999722e-06,4.6249479055404663e-06,0.00017329199999999999,786432
65536,measured,38,1,handwritten,0,1.45e-05,9.7499999999999998e-06,1.3124999999999682e-05,8.2500000000000108e-06,4.6249479055404663e-06,0.00027879199999999998,786432
65536,measured,39,0,handwritten,0,1.9667e-05,8.8750000000000006e-06,1.8041999999999798e-05,7.5420000000000305e-06,4.6249479055404663e-06,0.00019429199999999999,786432
65536,measured,39,1,generated,0,4.1499999999999999e-05,6.4579999999999998e-06,3.9916999999999991e-05,5.6669999999999984e-06,4.9169175326824188e-06,0.00030458299999999998,786432
65536,measured,40,0,generated,0,1.0875e-05,4.7500000000000003e-06,1.008300000000014e-05,3.8749999999999722e-06,4.7083012759685516e-06,0.00025754199999999998,786432
65536,measured,40,1,handwritten,0,8.5830000000000007e-06,4.3749999999999996e-06,7.708999999999841e-06,3.8329999999999614e-06,4.791654646396637e-06,0.00017245800000000001,786432
65536,measured,41,0,handwritten,0,8.6659999999999997e-06,4.459e-06,7.8740000000001621e-06,3.7919999999999664e-06,4.6249479055404663e-06,0.00014687500000000001,786432
65536,measured,41,1,generated,0,8.3329999999999997e-06,4.1670000000000001e-06,7.5409999999997979e-06,3.6250000000000475e-06,4.5835040509700775e-06,0.00018941699999999999,786432
65536,measured,42,0,generated,0,7.7079999999999997e-06,4.3749999999999996e-06,6.8740000000000294e-06,3.8329999999999614e-06,4.6249479055404663e-06,0.00018141699999999999,786432
65536,measured,42,1,handwritten,0,8.208e-06,4.3340000000000003e-06,7.4159999999996729e-06,3.8339999999999772e-06,4.541594535112381e-06,0.000161917,786432
65536,measured,43,0,handwritten,0,8.0839999999999992e-06,4.4170000000000002e-06,7.2920000000003225e-06,3.916999999999983e-06,4.6249479055404663e-06,0.00014395900000000001,786432
65536,measured,43,1,generated,0,7.875e-06,4.6584e-05,7.1250000000001867e-06,4.5665999999999979e-05,4.5830383896827698e-06,0.00023758300000000001,786432
65536,measured,44,0,generated,0,8.6249999999999996e-06,4.2089999999999999e-06,7.7919999999999552e-06,3.6669999999999498e-06,4.6249479055404663e-06,0.00018425000000000001,786432
65536,measured,44,1,handwritten,0,8.2500000000000006e-06,5.0839999999999999e-06,7.3739999999996621e-06,4.4999999999999468e-06,4.625413566827774e-06,0.00016820800000000001,786432
65536,measured,45,0,handwritten,0,1.2999999999999999e-05,1.6291999999999999e-05,7.7079999999999337e-06,1.3791999999999993e-05,4.5835040509700775e-06,0.000259292,786432
65536,measured,45,1,generated,0,8.5420000000000005e-06,4.6249999999999998e-06,7.708999999999841e-06,3.916999999999983e-06,4.6249479055404663e-06,0.000205875,786432
65536,measured,46,0,generated,0,8.4169999999999992e-06,4.6249999999999998e-06,7.5409999999997979e-06,4.0409999999999838e-06,4.6249479055404663e-06,0.000194625,786432
65536,measured,46,1,handwritten,0,2.4499999999999999e-05,1.6249999999999999e-05,2.2500000000000384e-05,1.4209000000000053e-05,4.6249479055404663e-06,0.00027616700000000001,786432
65536,measured,47,0,handwritten,0,9.7499999999999998e-06,4.5419999999999999e-06,8.8749999999997685e-06,3.957999999999978e-06,0.00026000011712312698,0.00040766700000000001,786432
65536,measured,47,1,generated,0,8.2919999999999996e-06,5.3750000000000002e-06,7.4579999999996836e-06,4.6669999999999741e-06,0.0010664584115147591,0.0012557919999999999,786432
65536,measured,48,0,generated,0,9.5829999999999996e-06,4.4170000000000002e-06,8.7920000000000879e-06,3.7909999999999507e-06,8.6999963968992233e-05,0.00026108300000000001,786432
65536,measured,48,1,handwritten,0,9.1249999999999999e-06,4.4159999999999997e-06,8.3339999999995987e-06,3.8749999999999722e-06,3.2874755561351776e-05,0.00014650000000000001,786432
65536,measured,49,0,handwritten,0,7.8329999999999994e-06,4.25e-06,7.0410000000001652e-06,3.7919999999999664e-06,3.445800393819809e-05,0.00014279200000000001,786432
65536,measured,49,1,generated,0,7.875e-06,4.25e-06,7.1250000000001867e-06,3.7499999999999556e-06,1.9500032067298889e-05,0.000143583,786432
65536,measured,50,0,generated,0,7.875e-06,4.2919999999999997e-06,7.0410000000001652e-06,3.7080000000000533e-06,3.2625161111354828e-05,0.00015837499999999999,786432
65536,measured,50,1,handwritten,0,7.8339999999999999e-06,4.3749999999999996e-06,7.0420000000000725e-06,3.8329999999999614e-06,3.187498077750206e-05,0.00016379200000000001,786432
65536,measured,51,0,handwritten,0,9.2499999999999995e-06,5.0830000000000003e-06,8.4579999999998164e-06,4.4160000000000336e-06,3.1624920666217804e-05,0.00014870899999999999,786432
65536,measured,51,1,generated,0,9.6250000000000002e-06,4.5419999999999999e-06,8.8749999999997685e-06,4.0409999999999838e-06,3.2208394259214401e-05,0.000171125,786432
65536,measured,52,0,generated,0,8.4589999999999998e-06,4.3329999999999998e-06,7.5830000000002423e-06,3.7919999999999664e-06,3.2333191484212875e-05,0.00015525000000000001,786432
65536,measured,52,1,handwritten,0,8.6249999999999996e-06,4.2080000000000002e-06,7.833999999999966e-06,3.7080000000000533e-06,2.8250273317098618e-05,0.00016825,786432
65536,measured,53,0,handwritten,0,8.4999999999999999e-06,4.5419999999999999e-06,7.708999999999841e-06,4.0419999999999996e-06,2.9791612178087234e-05,0.000137458,786432
65536,measured,53,1,generated,0,7.9999999999999996e-06,4.3329999999999998e-06,7.2919999999998888e-06,3.7909999999999507e-06,2.6708468794822693e-05,0.000151583,786432
65536,measured,54,0,generated,0,9.0839999999999998e-06,1.2583e-05,8.2920000000000216e-06,9.1249999999999101e-06,5.9581361711025238e-06,0.000196042,786432
65536,measured,54,1,handwritten,0,8.9666000000000005e-05,9.7499999999999998e-06,8.6873999999999806e-05,8.1659999999999892e-06,5.1250681281089783e-06,0.00030612499999999997,786432
65536,measured,55,0,handwritten,0,2.1999999999999999e-05,6.584e-06,2.0374999999999994e-05,5.7080000000001019e-06,2.9458198696374893e-05,0.000364209,786432
65536,measured,55,1,generated,0,8.7090000000000008e-06,4.9579999999999998e-06,7.8750000000000694e-06,4.0829999999999946e-06,0.00021429173648357391,0.00040424999999999999,786432
65536,measured,56,0,generated,0,1.1e-05,4.583e-06,1.0208999999999739e-05,4.0000000000000972e-06,4.7497451305389404e-06,0.00025670800000000002,786432
65536,measured,56,1,handwritten,0,9.0839999999999998e-06,4.583e-06,8.208e-06,4.0409999999999838e-06,4.6249479055404663e-06,0.00021104199999999999,786432
65536,measured,57,0,handwritten,0,8.6249999999999996e-06,4.3340000000000003e-06,7.8750000000000694e-06,3.8340000000000856e-06,4.5420601963996887e-06,0.00023049999999999999,786432
65536,measured,57,1,generated,0,8.9169999999999995e-06,4.7500000000000003e-06,8.1659999999999892e-06,3.9580000000000864e-06,4.7502107918262482e-06,0.00019470800000000001,786432
65536,measured,58,0,generated,0,9.0410000000000003e-06,1.5667000000000001e-05,8.208e-06,8.6669999999999629e-06,4.541594535112381e-06,0.00020049999999999999,786432
65536,measured,58,1,handwritten,0,8.5420000000000005e-06,4.2089999999999999e-06,7.6669999999998302e-06,3.6669999999999498e-06,4.5835040509700775e-06,0.00015404200000000001,786432
65536,measured,59,0,handwritten,0,7.7079999999999997e-06,4.1670000000000001e-06,6.9580000000000509e-06,3.6669999999999498e-06,4.7083012759685516e-06,0.000143125,786432
65536,measured,59,1,generated,0,7.875e-06,4.5419999999999999e-06,7.1670000000001975e-06,4.0000000000000972e-06,4.5835040509700775e-06,0.00019241700000000001,786432
65536,measured,60,0,generated,0,8.6249999999999996e-06,4.7079999999999996e-06,7.7910000000000479e-06,4.042000000000108e-06,4.7502107918262482e-06,0.00025295800000000001,786432
65536,measured,60,1,handwritten,0,8.5839999999999995e-06,4.3749999999999996e-06,7.833999999999966e-06,3.7909999999999507e-06,4.5835040509700775e-06,0.00019754199999999999,786432
65536,measured,61,0,handwritten,0,8.3329999999999997e-06,4.6659999999999999e-06,7.4579999999996836e-06,4.0839999999999019e-06,4.9583613872528076e-06,0.00016349999999999999,786432
65536,measured,61,1,generated,0,9.1249999999999999e-06,4.2910000000000001e-06,8.333000000000125e-06,3.750000000000064e-06,4.7502107918262482e-06,0.00018404200000000001,786432
65536,measured,62,0,generated,0,8.7499999999999992e-06,4.4580000000000003e-06,7.8759999999999768e-06,3.9160000000000757e-06,4.5830383896827698e-06,0.00018391699999999999,786432
65536,measured,62,1,handwritten,0,8.7919999999999998e-06,9.0420000000000008e-06,8.0000000000001945e-06,8.2920000000000216e-06,4.625413566827774e-06,0.000177875,786432
65536,measured,63,0,handwritten,0,8.9160000000000007e-06,1.0665999999999999e-05,8.0410000000002979e-06,1.0124999999999934e-05,9.8752789199352264e-06,0.00034204100000000001,786432
65536,measured,63,1,generated,0,2.1375000000000001e-05,5.8329999999999999e-06,2.0416000000000097e-05,5.3329999999999437e-06,0.00053608370944857597,0.00071979200000000002,786432
65536,measured,64,0,generated,0,9.0420000000000008e-06,4.583e-06,8.2089999999999073e-06,3.9160000000000757e-06,4.8750080168247223e-06,0.00027266699999999998,786432
65536,measured,64,1,handwritten,0,8.3329999999999997e-06,4.3340000000000003e-06,7.5409999999997979e-06,3.7920000000000748e-06,4.6663917601108551e-06,0.00016908299999999999,786432
65536,measured,65,0,handwritten,0,8.2500000000000006e-06,4.2919999999999997e-06,7.3750000000000031e-06,3.7080000000000533e-06,4.6249479055404663e-06,0.00021020899999999999,786432
65536,measured,65,1,generated,0,8.208e-06,4.2080000000000002e-06,7.3750000000000031e-06,3.6660000000000425e-06,4.5420601963996887e-06,0.00017737499999999999,786432
65536,measured,66,0,generated,0,7.7079999999999997e-06,4.5000000000000001e-06,6.9160000000000402e-06,4.0000000000000972e-06,4.5835040509700775e-06,0.000153542,786432
65536,measured,66,1,handwritten,0,7.6669999999999996e-06,4.2089999999999999e-06,6.8749999999999367e-06,3.6669999999999498e-06,4.541594535112381e-06,0.00013920800000000001,786432
65536,measured,67,0,handwritten,0,7.5830000000000001e-06,4.2089999999999999e-06,6.7089999999997083e-06,3.6669999999999498e-06,4.5835040509700775e-06,0.00017304199999999999,786432
65536,measured,67,1,generated,0,7.7500000000000003e-06,4.1670000000000001e-06,6.9580000000000509e-06,3.6669999999999498e-06,4.7083012759685516e-06,0.00018104199999999999,786432
65536,measured,68,0,generated,0,7.7079999999999997e-06,4.2080000000000002e-06,6.8339999999998333e-06,3.6669999999999498e-06,4.625413566827774e-06,0.00016733300000000001,786432
65536,measured,68,1,handwritten,0,7.7500000000000003e-06,4.2910000000000001e-06,6.9589999999999583e-06,3.7089999999999606e-06,4.6249479055404663e-06,0.0001395,786432
65536,measured,69,0,handwritten,0,7.6669999999999996e-06,4.25e-06,6.8339999999998333e-06,3.6669999999999498e-06,4.7083012759685516e-06,0.00015387500000000001,786432
65536,measured,69,1,generated,0,7.9999999999999996e-06,4.583e-06,7.1660000000002902e-06,3.916999999999983e-06,4.625413566827774e-06,0.00018045800000000001,786432
65536,measured,70,0,generated,0,8.0420000000000003e-06,4.3749999999999996e-06,7.2079999999998673e-06,3.8340000000000856e-06,4.5835040509700775e-06,0.00016837500000000001,786432
65536,measured,70,1,handwritten,0,8.0420000000000003e-06,4.5419999999999999e-06,7.2909999999999815e-06,3.916999999999983e-06,4.6249479055404663e-06,0.00015233299999999999,786432
65536,measured,71,0,handwritten,0,8.7919999999999998e-06,1.1667e-05,8.0000000000001945e-06,8.500000000000044e-06,4.625413566827774e-06,0.000186334,786432
65536,measured,71,1,generated,0,1.0166000000000001e-05,4.9169999999999997e-06,9.2500000000001435e-06,4.3750000000000386e-06,4.7083012759685516e-06,0.00035487499999999999,786432
65536,measured,72,0,generated,0,8.3750000000000003e-06,4.4580000000000003e-06,7.5409999999997979e-06,3.8749999999999722e-06,4.6249479055404663e-06,0.00017654199999999999,786432
65536,measured,72,1,handwritten,0,8.6249999999999996e-06,4.3749999999999996e-06,7.7910000000000479e-06,3.7920000000000748e-06,4.6249479055404663e-06,0.00014545899999999999,786432
65536,measured,73,0,handwritten,0,8.6249999999999996e-06,4.4159999999999997e-06,7.7499999999999444e-06,3.8749999999999722e-06,4.7502107918262482e-06,0.000148042,786432
65536,measured,73,1,generated,0,8.541e-06,1.0625000000000001e-05,7.6679999999997375e-06,8.6669999999999629e-06,4.625413566827774e-06,0.00019133299999999999,786432
65536,measured,74,0,generated,0,2.2334e-05,5.7910000000000001e-06,2.0417000000000005e-05,5.1669999999999321e-06,4.6249479055404663e-06,0.00025050000000000002,786432
65536,measured,74,1,handwritten,0,8.5420000000000005e-06,4.5000000000000001e-06,7.708999999999841e-06,4.0000000000000972e-06,4.6249479055404663e-06,0.000116958,786432
65536,measured,75,0,handwritten,0,8.5830000000000007e-06,4.6659999999999999e-06,7.7910000000000479e-06,3.916999999999983e-06,4.60832379758358e-05,0.00018179099999999999,786432
65536,measured,75,1,generated,0,8.0830000000000004e-06,4.4170000000000002e-06,7.2909999999999815e-06,3.8329999999999614e-06,4.6249479055404663e-06,0.00019775000000000001,786432
65536,measured,76,0,generated,0,8.7080000000000003e-06,4.4580000000000003e-06,7.9169999999996465e-06,3.9160000000000757e-06,4.5830383896827698e-06,0.000169958,786432
65536,measured,76,1,handwritten,0,8.0830000000000004e-06,4.5419999999999999e-06,7.3329999999999923e-06,3.916999999999983e-06,4.6249479055404663e-06,0.000141958,786432
65536,measured,77,0,handwritten,0,8.5420000000000005e-06,4.6249999999999998e-06,7.708999999999841e-06,4.042000000000108e-06,4.6249479055404663e-06,0.00017104199999999999,786432
65536,measured,77,1,generated,0,9.0000000000000002e-06,4.3329999999999998e-06,8.2500000000000108e-06,3.8329999999999614e-06,4.6249479055404663e-06,0.0001695,786432
65536,measured,78,0,generated,0,8.1669999999999999e-06,4.3340000000000003e-06,7.3329999999999923e-06,3.8340000000000856e-06,4.541594535112381e-06,0.00018195799999999999,786432
65536,measured,78,1,handwritten,0,7.9580000000000007e-06,4.4580000000000003e-06,7.1660000000002902e-06,3.9160000000000757e-06,4.5835040509700775e-06,0.00013975000000000001,786432
65536,measured,79,0,handwritten,0,7.9160000000000001e-06,5.0000000000000004e-06,7.0840000000000833e-06,4.3750000000000386e-06,4.6249479055404663e-06,0.000166916,786432
65536,measured,79,1,generated,0,9.7499999999999998e-06,4.7079999999999996e-06,8.917000000000213e-06,4.1250000000000054e-06,4.5835040509700775e-06,0.00020616699999999999,786432
65536,measured,80,0,generated,0,1.0042e-05,4.6670000000000004e-06,8.4170000000001466e-06,4.1250000000000054e-06,4.6249479055404663e-06,0.00019816699999999999,786432
65536,measured,80,1,handwritten,0,9.9580000000000002e-06,4.459e-06,9.1670000000000293e-06,3.8329999999999614e-06,4.541594535112381e-06,0.00015037500000000001,786432
65536,measured,81,0,handwritten,0,9.0420000000000008e-06,4.5000000000000001e-06,8.2920000000000216e-06,3.9160000000000757e-06,4.6249479055404663e-06,0.00016275,786432
65536,measured,81,1,generated,0,7.8329999999999994e-06,4.3340000000000003e-06,6.9990000000001544e-06,3.7920000000000748e-06,4.6249479055404663e-06,0.000165458,786432
65536,measured,82,0,generated,0,8.4999999999999999e-06,4.7079999999999996e-06,7.7079999999999337e-06,4.0409999999999838e-06,4.625413566827774e-06,0.00017308300000000001,786432
65536,measured,82,1,handwritten,0,8.8750000000000006e-06,4.7500000000000003e-06,8.0419999999997716e-06,3.9580000000000864e-06,4.625413566827774e-06,0.00018450000000000001,786432
65536,measured,83,0,handwritten,0,4.5124999999999999e-05,1.2374999999999999e-05,3.9292000000000233e-05,1.058299999999999e-05,4.625413566827774e-06,0.00037324999999999999,786432
65536,measured,83,1,generated,0,8.8750000000000006e-06,5.1250000000000001e-06,7.8330000000000587e-06,4.5419999999999575e-06,4.6249479055404663e-06,0.00019775000000000001,786432
65536,measured,84,0,generated,0,2.7458e-05,5.2079999999999999e-06,2.6249999999999798e-05,4.6670000000000825e-06,0.00075387489050626755,0.0010659580000000001,786432
65536,measured,84,1,handwritten,0,8.6659999999999997e-06,4.2089999999999999e-06,7.8330000000000587e-06,3.6669999999999498e-06,4.7497451305389404e-06,0.00010975,786432
65536,measured,85,0,handwritten,0,8.1249999999999993e-06,4.2089999999999999e-06,7.2499999999998781e-06,3.6669999999999498e-06,4.6663917601108551e-06,0.00018825,786432
65536,measured,85,1,generated,0,7.7500000000000003e-06,4.2080000000000002e-06,6.9169999999999475e-06,3.7080000000000533e-06,4.6249479055404663e-06,0.00017829200000000001,786432
65536,measured,86,0,generated,0,9.0420000000000008e-06,4.1659999999999996e-06,8.2509999999999181e-06,3.6669999999999498e-06,8.916947990655899e-06,0.00015625,786432
65536,measured,86,1,handwritten,0,8.7909999999999993e-06,4.2919999999999997e-06,8.0000000000001945e-06,3.7920000000000748e-06,0.00020425021648406982,0.00033358299999999998,786432
65536,measured,87,0,handwritten,0,8.1249999999999993e-06,4.25e-06,7.3329999999999923e-06,3.7080000000000533e-06,3.8875266909599304e-05,0.000151125,786432
65536,measured,87,1,generated,0,7.5830000000000001e-06,4.3749999999999996e-06,6.7079999999998009e-06,3.8749999999999722e-06,3.2250303775072098e-05,0.000181542,786432
65536,measured,88,0,generated,0,9.2499999999999995e-06,1.9958000000000001e-05,8.4160000000002393e-06,1.3334000000000045e-05,3.3541582524776459e-05,0.00023737500000000001,786432
65536,measured,88,1,handwritten,0,2.2541999999999999e-05,8.0420000000000003e-06,2.0833000000000049e-05,6.4999999999999954e-06,3.11252661049366e-05,0.00021566700000000001,786432
65536,measured,89,0,handwritten,0,1.8875000000000001e-05,5.8329999999999999e-06,1.7333999999999926e-05,5.1249999999999213e-06,6.8583060055971146e-05,0.00028725000000000002,786432
65536,measured,89,1,generated,0,9.9580000000000002e-06,4.6249999999999998e-06,9.1670000000000293e-06,3.750000000000064e-06,3.3041927963495255e-05,0.000186875,786432
65536,measured,90,0,generated,0,1.4333e-05,4.25e-06,1.3542000000000068e-05,3.750000000000064e-06,4.9998052418231964e-06,0.000145041,786432
65536,measured,90,1,handwritten,0,7.6249999999999998e-06,4.5419999999999999e-06,6.8339999999998333e-06,3.8329999999999614e-06,2.3583415895700455e-05,0.00013558299999999999,786432
65536,measured,91,0,handwritten,0,8.4999999999999999e-06,4.7500000000000003e-06,7.7079999999999337e-06,4.2499999999999136e-06,3.1374860554933548e-05,0.000145542,786432
65536,measured,91,1,generated,0,8.2919999999999996e-06,4.4580000000000003e-06,7.4590000000000246e-06,3.8749999999999722e-06,3.2958108931779861e-05,0.00016037500000000001,786432
65536,measured,92,0,generated,0,8.4169999999999992e-06,5.2920000000000003e-06,7.5829999999998086e-06,4.6670000000000825e-06,3.2125040888786316e-05,0.00016420900000000001,786432
65536,measured,92,1,handwritten,0,9.6250000000000002e-06,4.8749999999999999e-06,8.8330000000001914e-06,3.9589999999999938e-06,5.7085417211055756e-06,0.000120417,786432
65536,measured,93,0,handwritten,0,9.0410000000000003e-06,4.583e-06,8.208e-06,4.0000000000000972e-06,0.00012100022286176682,0.00023883300000000001,786432
65536,measured,93,1,generated,0,8.9590000000000001e-06,4.4170000000000002e-06,8.1669999999998966e-06,3.8749999999999722e-06,2.8791371732950211e-05,0.00017225000000000001,786432
65536,measured,94,0,generated,0,8.4169999999999992e-06,4.6249999999999998e-06,7.6670000000002639e-06,4.042000000000108e-06,8.2496553659439087e-06,0.00014487500000000001,786432
65536,measured,94,1,handwritten,0,8.3750000000000003e-06,4.4170000000000002e-06,7.5829999999998086e-06,3.916999999999983e-06,3.5250093787908554e-05,0.00014637499999999999,786432
65536,measured,95,0,handwritten,0,8.6249999999999996e-06,4.3749999999999996e-06,7.833999999999966e-06,3.7920000000000748e-06,5.0831586122512817e-06,0.00017083300000000001,786432
65536,measured,95,1,generated,0,8.7080000000000003e-06,4.4159999999999997e-06,7.8740000000001621e-06,3.9160000000000757e-06,4.791654646396637e-06,0.00027762499999999999,786432
65536,measured,96,0,generated,0,8.8340000000000005e-06,4.3749999999999996e-06,8.0839999999997823e-06,3.7920000000000748e-06,4.6249479055404663e-06,0.00016670899999999999,786432
65536,measured,96,1,handwritten,0,8.3750000000000003e-06,4.4580000000000003e-06,7.5829999999998086e-06,3.916999999999983e-06,4.7502107918262482e-06,0.000188541,786432
65536,measured,97,0,handwritten,0,8.2919999999999996e-06,4.4580000000000003e-06,7.5420000000001389e-06,3.9580000000000864e-06,4.7083012759685516e-06,0.00014816699999999999,786432
65536,measured,97,1,generated,0,8.7919999999999998e-06,4.5410000000000002e-06,8.0420000000002052e-06,3.9589999999999938e-06,0.00022883340716362,0.00042575000000000002,786432
65536,measured,98,0,generated,0,8.8750000000000006e-06,4.7500000000000003e-06,8.0419999999997716e-06,4.2079999999999028e-06,4.9583613872528076e-06,0.00020862499999999999,786432
65536,measured,98,1,handwritten,0,9.0000000000000002e-06,4.4170000000000002e-06,8.2500000000004445e-06,3.8749999999999722e-06,4.5830383896827698e-06,0.000144542,786432
65536,measured,99,0,handwritten,0,8.5830000000000007e-06,4.3749999999999996e-06,7.6670000000002639e-06,3.8749999999999722e-06,4.6249479055404663e-06,0.000161292,786432
65536,measured,99,1,generated,0,8.2500000000000006e-06,4.5410000000000002e-06,7.5410000000006652e-06,3.7920000000000748e-06,4.625413566827774e-06,0.00018316599999999999,786432
1048576,warmup,0,0,generated,0,0.00080575000000000004,0.00018845799999999999,0.00080179199999999996,0.00018662499999999994,0.00018199998885393143,0.002025542,12582912
1048576,warmup,0,1,handwritten,0,0.000939375,0.00015441599999999999,0.00093058399999999993,0.00015154199999999995,0.00023962510749697685,0.0015965829999999999,12582912
1048576,warmup,1,0,handwritten,0,0.000219834,0.00020154099999999999,0.00021787600000000053,0.00019816699999999996,0.00012358324602246284,0.00090266700000000001,12582912
1048576,warmup,1,1,generated,0,0.000190917,7.2083999999999996e-05,0.00018895899999999983,7.1041000000000203e-05,0.00011487491428852081,0.00062045799999999995,12582912
1048576,warmup,2,0,generated,0,0.00015924999999999999,6.1834000000000005e-05,0.00015824999999999954,6.1166999999999992e-05,8.4291677922010422e-05,0.00054404200000000001,12582912
1048576,warmup,2,1,handwritten,0,0.000159708,5.9750000000000002e-05,0.00015879199999999961,5.912500000000015e-05,9.1958325356245041e-05,0.00048929099999999999,12582912
1048576,warmup,3,0,handwritten,0,0.00017445899999999999,7.1166000000000003e-05,0.00017329200000000024,7.0333000000000114e-05,0.00011212518438696861,0.00054449999999999995,12582912
1048576,warmup,3,1,generated,0,0.000194916,7.3875000000000007e-05,0.00019399999999999973,7.3249999999999964e-05,0.00011929171159863472,0.00061333299999999998,12582912
1048576,warmup,4,0,generated,0,0.00034624999999999999,6.9999999999999994e-05,0.00034520799999999963,6.9249999999999867e-05,0.00018933368846774101,0.00078079199999999999,12582912
1048576,warmup,4,1,handwritten,0,0.00016712500000000001,6.1915999999999995e-05,0.0001659169999999998,6.1209000000000003e-05,9.5333438366651535e-05,0.00050379099999999996,12582912
1048576,warmup,5,0,handwritten,0,0.000164709,6.5582999999999999e-05,0.00016383399999999985,6.5041000000000057e-05,0.0001021665520966053,0.000521125,12582912
1048576,warmup,5,1,generated,0,0.00016745900000000001,7.0417e-05,0.00016641599999999909,6.9791000000000037e-05,0.00011524977162480354,0.00058204199999999995,12582912
1048576,warmup,6,0,generated,0,0.000170042,6.3665999999999997e-05,0.00016883300000000018,6.3084000000000143e-05,0.00010691629722714424,0.00055512499999999995,12582912
1048576,warmup,6,1,handwritten,0,0.00016574999999999999,6.3374999999999995e-05,0.00016487500000000009,6.2749999999999872e-05,0.00011745840311050415,0.00055183299999999995,12582912
1048576,warmup,7,0,handwritten,0,0.00016295799999999999,6.2707999999999997e-05,0.00016208399999999984,6.2125000000000114e-05,0.00011170841753482819,0.00051566700000000004,12582912
1048576,warmup,7,1,generated,0,0.000172041,6.0582999999999999e-05,0.00017116699999999985,6.0000000000000157e-05,0.00011650007218122482,0.000482041,12582912
1048576,warmup,8,0,generated,0,0.00016116700000000001,6.0875000000000002e-05,0.0001602089999999997,6.0333999999999995e-05,0.0001132916659116745,0.000459083,12582912
1048576,warmup,8,1,handwritten,0,0.00034766700000000002,7.0041000000000002e-05,0.00034633299999999902,6.9332999999999981e-05,0.00059574982151389122,0.001137583,12582912
1048576,warmup,9,0,handwritten,0,0.000156,0.00012912500000000001,0.0001550830000000003,0.000125792,0.00011208327487111092,0.00055979200000000004,12582912
1048576,warmup,9,1,generated,0,0.00024920900000000002,0.000107334,0.00024400000000000116,0.0001062089999999999,0.00011762510985136032,0.00071175000000000003,12582912
1048576,measured,0,0,generated,0,0.00015241699999999999,6.2667000000000002e-05,0.00015150000000000059,6.1874999999999864e-05,0.00011224998161196709,0.00052450000000000001,12582912
1048576,measured,0,1,handwritten,0,0.000155792,6.3167e-05,0.00015491699999999921,6.2584000000000077e-05,9.7458250820636749e-05,0.00048924999999999999,12582912
1048576,measured,1,0,handwritten,0,0.00015541599999999999,6.8832999999999996e-05,0.00015424999999999987,6.8167000000000054e-05,9.7124837338924408e-05,0.00050549999999999998,12582912
1048576,measured,1,1,generated,0,0.000405917,6.2749999999999994e-05,0.00040412499999999997,6.2125000000000114e-05,0.00023962510749697685,0.00085829199999999997,12582912
1048576,measured,2,0,generated,0,0.00015070799999999999,6.1875e-05,0.00014991599999999994,6.1334000000000128e-05,7.4125360697507858e-05,0.00047187500000000002,12582912
1048576,measured,2,1,handwritten,0,0.000151459,6.1124999999999995e-05,0.00015062500000000145,6.0582999999999904e-05,8.9750159531831741e-05,0.00046908399999999998,12582912
1048576,measured,3,0,handwritten,0,0.000253291,0.00022370800000000001,0.00024966699999999856,0.00022125000000000009,0.00011841673403978348,0.00090108300000000001,12582912
1048576,measured,3,1,generated,0,0.000166,6.6958999999999994e-05,0.0001650829999999999,6.6208999999999799e-05,0.00011433335021138191,0.00055079100000000002,12582912
1048576,measured,4,0,generated,0,0.00016279200000000001,6.2749999999999994e-05,0.00016195800000000024,6.2125000000000114e-05,9.4583258032798767e-05,0.00050262500000000003,12582912
1048576,measured,4,1,handwritten,0,0.00015912500000000001,6.1457999999999993e-05,0.00015824999999999867,6.0874999999999731e-05,8.7375286966562271e-05,0.00047275000000000003,12582912
1048576,measured,5,0,handwritten,0,0.000162041,6.4166999999999997e-05,0.00016116599999999905,6.3582999999999869e-05,0.0001160833053290844,0.000517083,12582912
1048576,measured,5,1,generated,0,0.00015349999999999999,6.0250000000000001e-05,0.00015266599999999922,5.970800000000033e-05,9.4458460807800293e-05,0.00049770800000000003,12582912
1048576,measured,6,0,generated,0,0.00048591699999999999,8.7832999999999997e-05,0.00048483399999999996,8.7125000000000397e-05,0.00035916687920689583,0.0010837500000000001,12582912
1048576,measured,6,1,handwritten,0,0.00020699999999999999,6.4083000000000003e-05,0.0002053750000000007,6.3541999999999765e-05,0.00013625016435980797,0.00051487500000000003,12582912
1048576,measured,7,0,handwritten,0,0.00024612499999999998,0.000138083,0.00024195800000000045,0.00013704200000000041,0.00011983327567577362,0.00065958300000000004,12582912
1048576,measured,7,1,generated,0,0.000156875,6.5833999999999993e-05,0.00015595900000000065,6.5083999999999975e-05,0.00012304168194532394,0.00048266599999999998,12582912
1048576,measured,8,0,generated,0,0.00024445800000000002,7.9333999999999996e-05,0.00024358300000000208,7.8792000000000272e-05,9.3000009655952454e-05,0.00056141600000000002,12582912
1048576,measured,8,1,handwritten,0,0.000174458,6.1166000000000004e-05,0.0001736659999999994,6.0540999999999894e-05,0.00013287505134940147,0.00055545799999999999,12582912
1048576,measured,9,0,handwritten,0,0.000155,6.7667000000000001e-05,0.00015416700000000019,6.7041999999999796e-05,9.5875002443790436e-05,0.00052533400000000002,12582912
1048576,measured,9,1,generated,0,0.00018620799999999999,5.9791999999999999e-05,0.00018487500000000101,5.9000000000000025e-05,0.00012012524530291557,0.00058850000000000005,12582912
1048576,measured,10,0,generated,0,0.0001595,5.9083000000000003e-05,0.00015870800000000046,5.8500000000000392e-05,0.00010120822116732597,0.0005375,12582912
1048576,measured,10,1,handwritten,0,0.00015691699999999999,0.00024591700000000001,0.00015608400000000078,0.0002443749999999998,0.0011012498289346695,0.0016895840000000001,12582912
1048576,measured,11,0,handwritten,0,0.00033266699999999998,8.0667000000000005e-05,0.00033137499999999834,7.9875000000000085e-05,0.00015800027176737785,0.00074704199999999995,12582912
1048576,measured,11,1,generated,0,0.00017495799999999999,7.4750000000000001e-05,0.00017295800000000083,7.4082999999999961e-05,0.00011362507939338684,0.00051516599999999995,12582912
1048576,measured,12,0,generated,0,0.00017104199999999999,0.00012783400000000001,0.00017016599999999937,0.00012691600000000035,0.0001466250978410244,0.00060024999999999998,12582912
1048576,measured,12,1,handwritten,0,0.00020216599999999999,0.000114708,0.0002010419999999985,0.00011316599999999961,0.00014616642147302628,0.00060862500000000001,12582912
1048576,measured,13,0,handwritten,0,0.00018612500000000001,0.000113375,0.00018512500000000126,0.00011249999999999975,0.00013666693121194839,0.00064133300000000001,12582912
1048576,measured,13,1,generated,0,0.00052670799999999997,0.000116542,0.00051683300000000126,0.00011412499999999964,9.199976921081543e-05,0.001074417,12582912
1048576,measured,14,0,generated,0,0.00025779200000000001,0.00011875,0.00025520799999999982,0.0001177499999999998,0.0001210416667163372,0.00080087500000000005,12582912
1048576,measured,14,1,handwritten,0,0.000142583,9.6000000000000002e-05,0.00014141699999999785,8.950000000000017e-05,9.1750174760818481e-05,0.00056075000000000005,12582912
1048576,measured,15,0,handwritten,0,0.000169333,8.8541000000000005e-05,0.00016762600000000058,8.7791999999999731e-05,0.00012004142627120018,0.00057958300000000005,12582912
1048576,measured,15,1,generated,0,0.00015674999999999999,0.00010995800000000001,0.00015541700000000144,0.0001068340000000001,0.00011287489905953407,0.00062287499999999995,12582912
1048576,measured,16,0,generated,0,0.00018441700000000001,7.7750000000000006e-05,0.00018308300000000055,7.6666000000000407e-05,0.00089891673997044563,0.0014023340000000001,12582912
1048576,measured,16,1,handwritten,0,0.000307125,0.000106208,0.00030512499999999984,0.00010295800000000022,9.8958145827054977e-05,0.000726208,12582912
1048576,measured,17,0,handwritten,0,0.000156083,6.0124999999999998e-05,0.00015516699999999772,5.9250000000000275e-05,8.2917045801877975e-05,0.00047854100000000002,12582912
1048576,measured,17,1,generated,0,0.000160292,0.000110709,0.00015937499999999979,0.00010983300000000015,0.00011575035750865936,0.00061604200000000002,12582912
1048576,measured,18,0,generated,0,0.00018270800000000001,6.2458000000000004e-05,0.00018099900000000113,6.179199999999975e-05,0.00012987526133656502,0.00053758300000000001,12582912
1048576,measured,18,1,handwritten,0,0.000158791,6.6333000000000003e-05,0.00015791700000000047,6.5624999999999711e-05,9.0083107352256775e-05,0.00050870799999999997,12582912
1048576,measured,19,0,handwritten,0,0.00021695899999999999,7.6874999999999998e-05,0.00021533300000000158,7.6249999999999929e-05,0.00012758327648043633,0.00071299999999999998,12582912
1048576,measured,19,1,generated,0,0.000191917,6.5958999999999996e-05,0.00018979199999999766,6.52090000000001e-05,0.00012987526133656502,0.00055995899999999996,12582912
1048576,measured,20,0,generated,0,0.000159042,6.7082999999999995e-05,0.0001580830000000033,6.6417000000000039e-05,0.00013158330693840981,0.00054566700000000001,12582912
1048576,measured,20,1,handwritten,0,0.000164916,0.000160042,0.00016408400000000184,0.00015558299999999994,0.001663499977439642,0.0021765,12582912
1048576,measured,21,0,handwritten,0,0.00027158299999999999,7.3875000000000007e-05,0.00026904200000000059,7.3000000000000148e-05,0.00034849997609853745,0.00086287500000000004,12582912
1048576,measured,21,1,generated,0,0.00017837500000000001,6.9499999999999995e-05,0.00017750000000000057,6.8582999999999665e-05,0.0001116250641644001,0.000579208,12582912
1048576,measured,22,0,generated,0,0.00016533300000000001,8.3292000000000001e-05,0.00016433299999999915,8.2541999999999685e-05,0.00012908363714814186,0.00059812500000000002,12582912
1048576,measured,22,1,handwritten,0,0.00016629200000000001,7.7791000000000001e-05,0.00016524999999999873,7.7124999999999937e-05,0.00093700038269162178,0.001418042,12582912
1048576,measured,23,0,handwritten,0,0.000160583,6.3417000000000006e-05,0.00015970899999999746,6.2750000000000306e-05,8.7874941527843475e-05,0.00051212499999999999,12582912
1048576,measured,23,1,generated,0,0.000161958,6.2249999999999995e-05,0.00016104200000000013,6.1625000000000048e-05,0.0001088334247469902,0.00054212499999999996,12582912
1048576,measured,24,0,generated,0,0.00035291700000000001,7.5957999999999993e-05,0.00034666599999999895,7.5083000000000094e-05,0.0001160413958132267,0.00085529200000000001,12582912
1048576,measured,24,1,handwritten,0,0.00017016700000000001,7.8750000000000003e-05,0.00016929199999999797,7.741600000000029e-05,0.00011483347043395042,0.00056300000000000002,12582912
1048576,measured,25,0,handwritten,0,0.00018520900000000001,6.2582999999999994e-05,0.00018433399999999781,6.1875000000000298e-05,9.88752581179142e-05,0.000521917,12582912
1048576,measured,25,1,generated,0,0.00015945799999999999,6.3625000000000002e-05,0.0001585420000000011,6.2999999999999688e-05,0.00010341685265302658,0.00052291600000000001,12582912
1048576,measured,26,0,generated,0,0.000165833,6.3125000000000003e-05,0.00016495900000000271,6.2541999999999633e-05,0.00011974992230534554,0.00057412499999999998,12582912
1048576,measured,26,1,handwritten,0,0.000160917,6.5541000000000001e-05,0.00016004199999999913,6.495899999999985e-05,0.0001171664334833622,0.00051887500000000002,12582912
1048576,measured,27,0,handwritten,0,0.00047966699999999997,0.00013750000000000001,0.00047812499999999938,0.00013674999999999972,0.00027941633015871048,0.0010569170000000001,12582912
1048576,measured,27,1,generated,0,0.00017054099999999999,0.00016799999999999999,0.00016962400000000016,0.00015420900000000064,0.00013649975880980492,0.00065537500000000003,12582912
1048576,measured,28,0,generated,0,0.00020279200000000001,7.0166999999999994e-05,0.00020158299999999824,6.9332999999999548e-05,0.00012287497520446777,0.00061570799999999997,12582912
1048576,measured,28,1,handwritten,0,0.00015837499999999999,6.525e-05,0.0001575420000000001,6.4290999999999307e-05,0.00013224966824054718,0.00049112500000000003,12582912
1048576,measured,29,0,handwritten,0,0.00022808299999999999,6.2749999999999994e-05,0.00022716700000000034,6.2041000000000526e-05,0.00014925003051757812,0.00057245799999999997,12582912
1048576,measured,29,1,generated,0,0.00016312499999999999,7.1958000000000005e-05,0.0001622499999999992,7.1333999999999287e-05,0.00010699965059757233,0.00058149999999999999,12582912
1048576,measured,30,0,generated,0,0.00034275000000000001,6.8833999999999999e-05,0.00034187399999999896,6.8208000000000157e-05,0.00011854199692606926,0.00083095900000000004,12582912
1048576,measured,30,1,handwritten,0,0.00016312499999999999,6.7416999999999995e-05,0.0001622509999999952,6.6708000000000392e-05,0.00010129157453775406,0.00052612500000000001,12582912
1048576,measured,31,0,handwritten,0,0.000169958,6.6582999999999996e-05,0.00016904199999999425,6.5499999999999586e-05,0.00012470874935388565,0.00056849999999999999,12582912
1048576,measured,31,1,generated,0,0.00027500000000000002,0.00015433299999999999,0.00027374999999999622,0.00015199999999999936,0.0010732081718742847,0.0019270419999999999,12582912
1048576,measured,32,0,generated,0,0.00017366699999999999,6.525e-05,0.00017270800000000058,6.4500000000000321e-05,0.00013137469068169594,0.00051733300000000003,12582912
1048576,measured,32,1,handwritten,0,0.00015429199999999999,6.5291999999999998e-05,0.00015341699999999597,6.4333999999999225e-05,0.0001132916659116745,0.00046250000000000002,12582912
1048576,measured,33,0,handwritten,0,0.00016541700000000001,7.2000000000000002e-05,0.0001643760000000008,7.1082999999999563e-05,0.00015383306890726089,0.00054408400000000002,12582912
1048576,measured,33,1,generated,0,0.00054495800000000001,7.7458000000000003e-05,0.00054358399999999973,7.6707999999999985e-05,0.00061670830473303795,0.001428375,12582912
1048576,measured,34,0,generated,0,0.00023191600000000001,7.1167000000000005e-05,0.00023033299999999923,7.0083000000000298e-05,0.00012312503531575203,0.00066912500000000001,12582912
1048576,measured,34,1,handwritten,0,0.00015449999999999999,0.00013525000000000001,0.00015366800000000264,0.00013187500000000005,0.00011462485417723656,0.00075445799999999995,12582912
1048576,measured,35,0,handwritten,0,0.00016312499999999999,0.000111667,0.00016220899999999649,0.00010812500000000058,0.00012091686949133873,0.00070104100000000001,12582912
1048576,measured,35,1,generated,0,0.00019100000000000001,7.1000000000000005e-05,0.00019008300000000061,7.0125000000000742e-05,0.00014925003051757812,0.00062825000000000001,12582912
1048576,measured,36,0,generated,0,0.00018204199999999999,9.6166000000000001e-05,0.0001806250000000037,9.5457999999999654e-05,9.9749770015478134e-05,0.000596292,12582912
1048576,measured,36,1,handwritten,0,0.000220833,9.8166999999999997e-05,0.00021316600000000074,9.7292000000000559e-05,0.00098137510940432549,0.0015851249999999999,12582912
1048576,measured,37,0,handwritten,0,0.00030104200000000001,7.1833000000000002e-05,0.00029937499999999756,7.0917000000000202e-05,8.4208324551582336e-05,0.00074279200000000004,12582912
1048576,measured,37,1,generated,0,0.00016170900000000001,6.525e-05,0.00016079199999999988,6.4415999999999432e-05,8.9374836534261703e-05,0.00054220899999999999,12582912
1048576,measured,38,0,generated,0,0.00021554199999999999,6.9833999999999996e-05,0.0002099579999999962,6.9124999999999742e-05,9.9208205938339233e-05,0.00056962500000000004,12582912
1048576,measured,38,1,handwritten,0,0.00015720799999999999,6.8541999999999995e-05,0.00015633400000000103,6.7417000000000171e-05,8.4291677922010422e-05,0.00052641700000000005,12582912
1048576,measured,39,0,handwritten,0,0.000159708,6.5624999999999996e-05,0.00015866700000000122,6.4833000000000252e-05,0.00011691683903336525,0.00053087499999999999,12582912
1048576,measured,39,1,generated,0,0.00016254099999999999,0.00014016699999999999,0.00016166599999999781,0.00013937500000000061,0.00012212479487061501,0.00065908299999999998,12582912
1048576,measured,40,0,generated,0,0.00016495799999999999,6.3499999999999999e-05,0.00016412600000000055,6.2790999999999542e-05,0.00012754136696457863,0.00051437499999999997,12582912
1048576,measured,40,1,handwritten,0,0.00016612500000000001,7.0500000000000006e-05,0.00016525000000000567,6.9750000000000367e-05,0.001209708396345377,0.001567583,12582912
1048576,measured,41,0,handwritten,0,0.000156334,0.00013904100000000001,0.00015525000000000261,0.0001347919999999999,0.00011737504974007607,0.00055512499999999995,12582912
1048576,measured,41,1,generated,0,0.00035604199999999999,6.9125e-05,0.00035212500000000174,6.8208999999999631e-05,0.00011441670358181,0.0007695,12582912
1048576,measured,42,0,generated,0,0.00016333400000000001,0.000113041,0.00016241699999999804,0.00010970800000000003,0.00011520832777023315,0.000631417,12582912
1048576,measured,42,1,handwritten,0,0.000187834,0.00018450000000000001,0.00018612499999999532,0.00017970900000000012,0.00012958329170942307,0.00073674999999999999,12582912
1048576,measured,43,0,handwritten,0,0.000172833,7.5415999999999998e-05,0.00017174999999999829,7.4499999999999914e-05,0.0010752496309578419,0.0015121659999999999,12582912
1048576,measured,43,1,generated,0,0.000170292,6.2792000000000005e-05,0.00016937499999999939,6.1999999999999555e-05,0.00010870862752199173,0.00057633300000000005,12582912
1048576,measured,44,0,generated,0,0.00016495799999999999,6.2500000000000001e-05,0.0001641240000000016,6.1749999999999305e-05,0.00011250004172325134,0.00055116699999999998,12582912
1048576,measured,44,1,handwritten,0,0.00018683299999999999,8.0833000000000003e-05,0.00018524999999999792,8.0042000000000654e-05,0.00012962520122528076,0.00066579200000000001,12582912
1048576,measured,45,0,handwritten,0,0.00019258400000000001,6.7791000000000002e-05,0.00019166699999999953,6.7207999999999157e-05,0.00012174993753433228,0.00064762499999999998,12582912
1048576,measured,45,1,generated,0,0.00018366699999999999,6.4083000000000003e-05,0.0001828330000000003,6.3499999999999321e-05,0.00010900013148784637,0.00055966700000000002,12582912
1048576,measured,46,0,generated,0,0.00016941699999999999,6.5083e-05,0.0001684169999999971,6.4500000000000321e-05,0.00011024996638298035,0.00054491700000000001,12582912
1048576,measured,46,1,handwritten,0,0.00016683299999999999,6.2209e-05,0.00016595900000000025,6.162499999999918e-05,0.00011087488383054733,0.00052716700000000004,12582912
1048576,measured,47,0,handwritten,0,0.000159708,6.3250000000000006e-05,0.00015887400000000329,6.2540999999999292e-05,0.00012020859867334366,0.00052262499999999998,12582912
1048576,measured,47,1,generated,0,0.000174916,0.000161333,0.00017404299999999873,0.00016079199999999988,0.00013416679576039314,0.00068895800000000004,12582912
1048576,measured,48,0,generated,0,0.000171208,6.4665999999999994e-05,0.00017033300000000168,6.408400000000071e-05,0.00012066680938005447,0.00048220799999999997,12582912
1048576,measured,48,1,handwritten,0,0.00024458299999999999,7.3999999999999996e-05,0.00023370799999999914,7.3207999999999954e-05,0.00015058321878314018,0.00063333300000000003,12582912
1048576,measured,49,0,handwritten,0,0.000156167,6.1749999999999997e-05,0.00015533300000000055,6.116700000000086e-05,0.00011175032705068588,0.000446458,12582912
1048576,measured,49,1,generated,0,0.00020783299999999999,6.6249999999999998e-05,0.00020699999999999885,6.5667000000000156e-05,0.00013887463137507439,0.00059150000000000001,12582912
1048576,measured,50,0,generated,0,0.000163375,6.3207999999999995e-05,0.00016254099999999522,6.2667000000000625e-05,9.999983012676239e-05,0.00052641700000000005,12582912
1048576,measured,50,1,handwritten,0,0.000158791,6.9417000000000003e-05,0.00015787400000000229,6.8791000000000338e-05,0.0003548748791217804,0.00072895800000000004,12582912
1048576,measured,51,0,handwritten,0,0.00017358299999999999,7.1166000000000003e-05,0.00017270700000000111,7.0584000000000272e-05,0.00010862527415156364,0.00053595800000000001,12582912
1048576,measured,51,1,generated,0,0.000165959,6.8165999999999998e-05,0.00016512500000000208,6.7584000000000741e-05,0.00011033331975340843,0.00055262499999999995,12582912
1048576,measured,52,0,generated,0,0.00016216599999999999,0.00015200000000000001,0.00016129100000000091,0.00014754200000000051,0.0009274166077375412,0.0015082909999999999,12582912
1048576,measured,52,1,handwritten,0,0.00022870900000000001,8.8584000000000004e-05,0.00022616699999999934,8.7708000000000577e-05,0.00012825010344386101,0.00068349999999999997,12582912
1048576,measured,53,0,handwritten,0,0.00015745900000000001,6.4916e-05,0.00015654199999999563,6.4250000000000071e-05,0.00014708330854773521,0.00049212500000000005,12582912
1048576,measured,53,1,generated,0,0.00015891700000000001,6.1124999999999995e-05,0.00015804200000000407,6.0457999999999346e-05,0.00012962473556399345,0.00050304199999999999,12582912
1048576,measured,54,0,generated,0,0.000166541,6.3750000000000005e-05,0.00016570800000000052,6.316699999999939e-05,0.00013899989426136017,0.00049862500000000004,12582912
1048576,measured,54,1,handwritten,0,0.000194291,6.2040999999999998e-05,0.00019341600000000181,6.1416999999999375e-05,0.00013704178854823112,0.00061070799999999995,12582912
1048576,measured,55,0,handwritten,0,0.00035425000000000002,0.00011425,0.00035337399999999658,0.00011024999999999924,0.00069562532007694244,0.001323292,12582912
1048576,measured,55,1,generated,0,0.000279375,0.000127334,0.00027733399999999714,0.00012245900000000011,0.00012529129162430763,0.00079624999999999997,12582912
1048576,measured,56,0,generated,0,0.000180292,6.3250000000000006e-05,0.00017912599999999473,6.2500000000000056e-05,0.00010595843195915222,0.00054858299999999995,12582912
1048576,measured,56,1,handwritten,0,0.00016512499999999999,6.6458000000000006e-05,0.00016345900000000468,6.5791000000000807e-05,9.4958115369081497e-05,0.00051841699999999997,12582912
1048576,measured,57,0,handwritten,0,0.00015604200000000001,6.4624999999999999e-05,0.00015520899999999643,6.3874999999999696e-05,0.00010774983093142509,0.00054612499999999995,12582912
1048576,measured,57,1,generated,0,0.00015983300000000001,7.2792000000000004e-05,0.00015895800000000071,7.1790999999999869e-05,0.00011037476360797882,0.000551375,12582912
1048576,measured,58,0,generated,0,0.000169541,7.5708000000000001e-05,0.00016800000000000148,7.4833999999999318e-05,0.00010912492871284485,0.00054933300000000005,12582912
1048576,measured,58,1,handwritten,0,0.00048299999999999998,0.00017108299999999999,0.00048108399999999968,0.00016749999999999925,0.00023629143834114075,0.0010898749999999999,12582912
1048576,measured,59,0,handwritten,0,0.00020304200000000001,0.000127625,0.00019945899999999905,0.0001254169999999992,0.00010862527415156364,0.00066666700000000002,12582912
1048576,measured,59,1,generated,0,0.00023062500000000001,0.000129875,0.00022566700000000578,0.00012704200000000082,0.00011408329010009766,0.00081616700000000002,12582912
1048576,measured,60,0,generated,0,0.00018016700000000001,0.00013425000000000001,0.00017916700000000091,0.00013316700000000001,0.00011595850810408592,0.00068337499999999995,12582912
1048576,measured,60,1,handwritten,0,0.00033887499999999998,0.00039395800000000003,0.00033525000000000221,0.00039095899999999975,0.0001354999840259552,0.0011978340000000001,12582912
1048576,measured,61,0,handwritten,0,0.00032045799999999997,9.3332999999999996e-05,0.00031770799999999988,9.1832999999999498e-05,0.00013274978846311569,0.00077804100000000004,12582912
1048576,measured,61,1,generated,0,0.00024420799999999999,0.000119834,0.00024116700000000046,0.00011800000000000005,0.00012783333659172058,0.00072854199999999999,12582912
1048576,measured,62,0,generated,0,0.00024687500000000002,8.1249999999999996e-05,0.00023954199999999537,8.0208000000000015e-05,0.00010120822116732597,0.00081775000000000001,12582912
1048576,measured,62,1,handwritten,0,0.00020733399999999999,8.5791999999999994e-05,0.00020583299999999555,8.316700000000031e-05,8.4833241999149323e-05,0.00058833400000000004,12582912
1048576,measured,63,0,handwritten,0,0.00021487500000000001,8.2707999999999995e-05,0.00021337600000000123,8.2083999999999629e-05,0.00012512505054473877,0.00069275000000000001,12582912
1048576,measured,63,1,generated,0,0.00049529200000000004,8.2917000000000006e-05,0.00049149999999999888,8.187500000000035e-05,0.00051616691052913666,0.0013774169999999999,12582912
1048576,measured,64,0,generated,0,0.00021350000000000001,8.0000000000000007e-05,0.00021216599999999974,7.9209000000000224e-05,9.8541844636201859e-05,0.00062374999999999996,12582912
1048576,measured,64,1,handwritten,0,0.00016683299999999999,0.000111333,0.00016591700000000154,0.00010779200000000065,0.00011950032785534859,0.00062308299999999997,12582912
1048576,measured,65,0,handwritten,0,0.00028554200000000001,7.2625000000000003e-05,0.00025233399999999989,7.1750000000000633e-05,0.00012724986299872398,0.00070454199999999995,12582912
1048576,measured,65,1,generated,0,0.00018208300000000001,6.8959000000000002e-05,0.0001804580000000014,6.8083000000000032e-05,0.0001222086139023304,0.00057399999999999997,12582912
1048576,measured,66,0,generated,0,0.00024170800000000001,0.0001065,0.00024020800000000564,0.00010562499999999982,0.00012083351612091064,0.00068104099999999996,12582912
1048576,measured,66,1,handwritten,0,0.00018879199999999999,0.00019987499999999999,0.00018750099999999964,0.00019533300000000066,0.00013683317229151726,0.00077495799999999996,12582912
1048576,measured,67,0,handwritten,0,0.000496625,8.0208000000000002e-05,0.00049433299999999958,7.9166999999999779e-05,0.00022129155695438385,0.0010043750000000001,12582912
1048576,measured,67,1,generated,0,0.00020104199999999999,0.000168791,0.00019966700000000059,0.00016783400000000039,0.00012887502089142799,0.00069787500000000004,12582912
1048576,measured,68,0,generated,0,0.000237125,0.00022637499999999999,0.00023558399999999702,0.00022520799999999931,0.00014062505215406418,0.00083124999999999996,12582912
1048576,measured,68,1,handwritten,0,0.00018875000000000001,9.7499999999999998e-05,0.00018695900000000043,9.6584000000000253e-05,0.0001210835762321949,0.00057045800000000003,12582912
1048576,measured,69,0,handwritten,0,0.00042787499999999998,6.6166000000000003e-05,0.0004262489999999966,6.5416999999999906e-05,0.00012712506577372551,0.00079220799999999997,12582912
1048576,measured,69,1,generated,0,0.00032887500000000001,0.00017341599999999999,0.00032433399999999557,0.00016841700000000057,0.0010882499627768993,0.0020090419999999999,12582912
1048576,measured,70,0,generated,0,0.00040079100000000001,0.00029304199999999998,0.00038875000000000021,0.00026912499999999853,0.00013462500646710396,0.0011696250000000001,12582912
1048576,measured,70,1,handwritten,0,0.00019087499999999999,0.00016383399999999999,0.00018899899999999525,0.00016000000000000042,0.00014008348807692528,0.00066799999999999997,12582912
1048576,measured,71,0,handwritten,0,0.00018283399999999999,0.00018558299999999999,0.00018129199999999956,0.00018095900000000137,0.00013962481170892715,0.00066266700000000003,12582912
1048576,measured,71,1,generated,0,0.00037491599999999999,0.00037587500000000002,0.00037016799999999711,0.00037399999999999933,0.0001588752493262291,0.001357916,12582912
1048576,measured,72,0,generated,0,0.00050245900000000002,0.000118625,0.0004966249999999936,0.00011529199999999948,0.00012108311057090759,0.001244209,12582912
1048576,measured,72,1,handwritten,0,0.00065333299999999997,0.00015737499999999999,0.00064795799999999709,0.0001540829999999993,0.00011779181659221649,0.001258875,12582912
1048576,measured,73,0,handwritten,0,0.00023879199999999999,0.00021245899999999999,0.00023633299999999829,0.00020883400000000149,0.00011758320033550262,0.00091287499999999995,12582912
1048576,measured,73,1,generated,0,0.00052958300000000003,8.4041000000000004e-05,0.00050995799999999786,8.279200000000167e-05,0.00042299972847104073,0.00143575,12582912
1048576,measured,74,0,generated,0,0.000619291,0.00015875000000000001,0.00060166700000000017,0.00015679099999999987,0.00011374987661838531,0.0011678330000000001,12582912
1048576,measured,74,1,handwritten,0,0.00031029199999999999,0.000155334,0.00029416600000000542,0.00015158399999999975,0.00012949993833899498,0.000872375,12582912
1048576,measured,75,0,handwritten,0,0.00023775000000000001,0.00030154200000000002,0.00023587500000000344,0.00029916699999999949,0.00011812476441264153,0.0010863750000000001,12582912
1048576,measured,75,1,generated,0,0.000399458,0.000153833,0.00036729199999999823,0.00015220900000000037,0.00014525000005960464,0.0010410829999999999,12582912
1048576,measured,76,0,generated,0,0.00060766699999999999,0.000207584,0.00059800100000000078,0.00018845899999999846,0.00016091624274849892,0.001442834,12582912
1048576,measured,76,1,handwritten,0,0.000399541,0.000102625,0.00039429200000000442,0.00010125000000000065,0.00011137500405311584,0.00093924999999999998,12582912
1048576,measured,77,0,handwritten,0,0.00039729099999999997,0.000134542,0.00039229099999998907,0.00013170800000000121,0.0001132916659116745,0.00098454100000000002,12582912
1048576,measured,77,1,generated,0,0.00035875000000000002,0.000120958,0.00035620899999999622,0.00011816699999999888,9.9666416645050049e-05,0.00078345900000000002,12582912
1048576,measured,78,0,generated,0,0.000348833,0.00013233299999999999,0.00034504200000000373,0.00012962500000000127,9.925011545419693e-05,0.00095512500000000003,12582912
1048576,measured,78,1,handwritten,0,0.00045112499999999997,0.000164208,0.00044737499999999986,0.00016179100000000141,0.00011520832777023315,0.0010263749999999999,12582912
1048576,measured,79,0,handwritten,0,0.00017216700000000001,8.8250000000000004e-05,0.00016995799999999783,8.6624999999999897e-05,0.00012237485498189926,0.00067162500000000002,12582912
1048576,measured,79,1,generated,0,0.000222334,0.000139667,0.00021983400000000208,0.00013741700000000079,0.00010341685265302658,0.00073212500000000003,12582912
1048576,measured,80,0,generated,0,0.00049341700000000001,0.000100083,0.00049054099999999712,9.937499999999877e-05,0.00033329147845506668,0.001114334,12582912
1048576,measured,80,1,handwritten,0,0.00016187499999999999,6.7874999999999996e-05,0.00016070900000000887,6.7000000000001086e-05,9.7125303000211716e-05,0.00052079199999999996,12582912
1048576,measured,81,0,handwritten,0,0.00032445800000000002,6.3833999999999999e-05,0.0003233329999999951,6.3125000000000681e-05,0.00013933330774307251,0.00065225000000000005,12582912
1048576,measured,81,1,generated,0,0.00017983300000000001,0.00012999999999999999,0.00017816699999999297,0.00012937500000000102,0.00010024989023804665,0.00055858299999999997,12582912
1048576,measured,82,0,generated,0,0.00016395799999999999,6.6916999999999996e-05,0.00016266600000000575,6.6084000000000975e-05,0.00013087503612041473,0.00050370799999999996,12582912
1048576,measured,82,1,handwritten,0,0.00020512500000000001,8.6292000000000007e-05,0.00020379199999999431,8.5416000000001352e-05,0.0001338333822786808,0.00061612500000000003,12582912
1048576,measured,83,0,handwritten,0,0.000228125,9.5334000000000006e-05,0.00022637500000000088,9.4625000000000958e-05,0.0003365417942404747,0.00078554199999999997,12582912
1048576,measured,83,1,generated,0,0.00089962500000000003,7.4917000000000001e-05,0.00088916699999999627,7.4083999999998568e-05,0.00010416656732559204,0.0012932499999999999,12582912
1048576,measured,84,0,generated,0,0.00022170800000000001,8.9499999999999994e-05,0.00022016699999999334,8.8707999999999843e-05,9.5708761364221573e-05,0.000642166,12582912
1048576,measured,84,1,handwritten,0,0.00020304200000000001,0.000154625,0.00020170799999999489,0.00015383299999999905,0.00012945802882313728,0.00080287499999999999,12582912
1048576,measured,85,0,handwritten,0,0.00029008300000000001,6.4332999999999995e-05,0.00028912500000000119,6.366699999999989e-05,0.00024850014597177505,0.00072841599999999996,12582912
1048576,measured,85,1,generated,0,0.00015525000000000001,6.3499999999999999e-05,0.00015445799999999621,6.2833000000001721e-05,0.00019562523812055588,0.00055358399999999998,12582912
1048576,measured,86,0,generated,0,0.000162125,6.1375000000000001e-05,0.00016124999999998779,6.0707999999999596e-05,0.00015983358025550842,0.00050679200000000005,12582912
1048576,measured,86,1,handwritten,0,0.00015449999999999999,6.3083000000000006e-05,0.00015362400000000498,6.2290999999999042e-05,0.0001555001363158226,0.000486417,12582912
1048576,measured,87,0,handwritten,0,0.00015300000000000001,6.1333000000000004e-05,0.00015220799999998702,6.0749999999998305e-05,0.00017037522047758102,0.00049425000000000001,12582912
1048576,measured,87,1,generated,0,0.00050529199999999996,6.7749999999999993e-05,0.00050429100000000393,6.6958999999998381e-05,0.00052937492728233337,0.0012726669999999999,12582912
1048576,measured,88,0,generated,0,0.00015833399999999999,8.7958e-05,0.00015749999999999098,8.6915999999999383e-05,9.0749934315681458e-05,0.00053816699999999999,12582912
1048576,measured,88,1,handwritten,0,0.00037958300000000001,7.1124999999999994e-05,0.00037704099999999463,7.0375000000000992e-05,0.00012758327648043633,0.00073324999999999996,12582912
1048576,measured,89,0,handwritten,0,0.000169791,6.7749999999999993e-05,0.00016874999999999529,6.7207999999999157e-05,0.0001010834239423275,0.00052591599999999997,12582912
1048576,measured,89,1,generated,0,0.00016262500000000001,6.6082999999999997e-05,0.00016183300000000012,6.5415999999998697e-05,0.00011383369565010071,0.00054908300000000001,12582912
1048576,measured,90,0,generated,0,0.00017387500000000001,7.4459e-05,0.00017304099999999878,7.3832999999998844e-05,0.0001255418173968792,0.000581542,12582912
1048576,measured,90,1,handwritten,0,0.00019175,7.9542000000000005e-05,0.00019008399999999315,7.8874999999999085e-05,0.00095441704615950584,0.001389,12582912
1048576,measured,91,0,handwritten,0,0.00018495799999999999,7.0375000000000003e-05,0.00018349999999998923,6.9832999999998313e-05,0.00010062474757432938,0.00053895799999999997,12582912
1048576,measured,91,1,generated,0,0.00016558400000000001,7.5500000000000006e-05,0.000164708999999999,7.4624999999998304e-05,9.8083633929491043e-05,0.00053399999999999997,12582912
1048576,measured,92,0,generated,0,0.000200459,0.00010833299999999999,0.000198541999999996,0.00010762500000000008,0.00012391665950417519,0.000724459,12582912
1048576,measured,92,1,handwritten,0,0.00016520799999999999,6.9875000000000004e-05,0.0001640839999999949,6.9166999999998452e-05,0.00010687531903386116,0.00053966599999999995,12582912
1048576,measured,93,0,handwritten,0,0.00016520799999999999,7.5375000000000003e-05,0.00016441700000000004,7.4874999999998554e-05,0.00012908317148685455,0.00057804099999999995,12582912
1048576,measured,93,1,generated,0,0.00017737499999999999,0.00014783299999999999,0.00017654100000000228,0.00014666699999999963,0.0001432499848306179,0.00069612500000000002,12582912
1048576,measured,94,0,generated,0,0.00054212499999999996,8.3166999999999998e-05,0.00053962500000000191,8.2291000000001696e-05,0.00065733306109905243,0.0015082909999999999,12582912
1048576,measured,94,1,handwritten,0,0.00017629200000000001,6.3833999999999999e-05,0.00017525000000000179,6.3125000000000681e-05,0.00012387474998831749,0.00049783399999999995,12582912
1048576,measured,95,0,handwritten,0,0.00035675000000000002,9.1291000000000004e-05,0.00035333399999999682,9.0375000000000177e-05,0.00015687523409724236,0.00090974999999999997,12582912
1048576,measured,95,1,generated,0,0.0002765,8.4917e-05,0.00027470899999999798,8.4250000000000991e-05,0.00016958313062787056,0.00081454200000000002,12582912
1048576,measured,96,0,generated,0,0.00016033399999999999,6.4166999999999997e-05,0.00015941699999999503,6.3332999999998751e-05,0.00011645816266536713,0.00053345900000000002,12582912
1048576,measured,96,1,handwritten,0,0.00015708399999999999,0.00014512499999999999,0.00015616599999999925,0.00014054200000000044,0.00010687485337257385,0.00061608400000000003,12582912
1048576,measured,97,0,handwritten,0,0.000165334,7.5542000000000003e-05,0.00016437499999999439,7.4749999999998429e-05,0.00011737504974007607,0.00055483400000000003,12582912
1048576,measured,97,1,generated,0,0.00037679100000000002,6.4041000000000006e-05,0.00037587499999999774,6.3250000000000806e-05,0.00016195839270949364,0.00077408299999999995,12582912
1048576,measured,98,0,generated,0,0.000158333,7.0041000000000002e-05,0.00015745799999999921,6.9416999999998702e-05,8.904188871383667e-05,0.00051491600000000003,12582912
1048576,measured,98,1,handwritten,0,0.000155375,0.00013720799999999999,0.00015450000000000186,0.00013350000000000167,0.00011766655370593071,0.00062187500000000003,12582912
1048576,measured,99,0,handwritten,0,0.00019366699999999999,6.4041999999999994e-05,0.00019237500000000851,6.3334000000001694e-05,0.00010891631245613098,0.00065474999999999995,12582912
1048576,measured,99,1,generated,0,0.00016937500000000001,0.00010658300000000001,0.00016841599999999068,0.00010545799999999925,0.00019966671243309975,0.00069816699999999997,12582912
16777216,warmup,0,0,generated,0,0.015339917,0.0081495830000000002,0.015327167000000003,0.0081344999999999994,0.0017137499526143074,0.030341875000000001,201326592
16777216,warmup,0,1,handwritten,0,0.0093827919999999992,0.0019788330000000002,0.009373833000000012,0.0019756250000000017,0.0017512082122266293,0.01331675,201326592
16777216,warmup,1,0,handwritten,0,0.004416583,0.0050638339999999997,0.0044098330000000019,0.0050589169999999961,0.0018463330343365669,0.011807042,201326592
16777216,warmup,1,1,generated,0,0.0046472500000000003,0.0028770409999999999,0.004638333999999994,0.0028713750000000024,0.0023440001532435417,0.010793374999999999,201326592
16777216,warmup,2,0,generated,0,0.006606916,0.0028865000000000002,0.0065947090000000042,0.0028796249999999968,0.0024131666868925095,0.012671290999999999,201326592
16777216,warmup,2,1,handwritten,0,0.010199583,0.0052015830000000001,0.010185583999999998,0.0051794999999999966,0.002456124871969223,0.018852166,201326592
16777216,warmup,3,0,handwritten,0,0.0089651249999999991,0.0026986660000000002,0.0088884170000000096,0.0026937500000000017,0.0020562917925417423,0.014091583,201326592
16777216,warmup,3,1,generated,0,0.0070727079999999996,0.002691625,0.0070627500000000065,0.0026870839999999993,0.0019708331674337387,0.011991292000000001,201326592
16777216,warmup,4,0,generated,0,0.0056093749999999998,0.0054098339999999996,0.0055964579999999986,0.0054046670000000019,0.0017827502451837063,0.013870459,201326592
16777216,warmup,4,1,handwritten,0,0.009455125,0.0035050419999999999,0.0094389579999999973,0.0034995000000000026,0.0019485419616103172,0.016193708000000001,201326592
16777216,warmup,5,0,handwritten,0,0.0065659999999999998,0.0094561249999999993,0.0065520840000000136,0.009448291999999997,0.0019195000641047955,0.018725624999999999,201326592
16777216,warmup,5,1,generated,0,0.0066190420000000003,0.0039396250000000004,0.0066051250000000172,0.0039342910000000064,0.0019864169880747795,0.013119875,201326592
16777216,warmup,6,0,generated,0,0.021030041999999999,0.020837458,0.020889167000000014,0.020831000000000002,0.0018113749101758003,0.044595250000000003,201326592
16777216,warmup,6,1,handwritten,0,0.01038675,0.051342541999999998,0.01036416699999998,0.051334707999999993,0.0019537084735929966,0.064495082999999995,201326592
16777216,warmup,7,0,handwritten,0,0.0078478750000000007,0.002311708,0.0078290010000000021,0.0022996249999999996,0.0021009999327361584,0.012720250000000001,201326592
16777216,warmup,7,1,generated,0,0.0042499590000000002,0.0023352500000000001,0.004239999999999966,0.0023186669999999965,0.0023106248117983341,0.0092565419999999995,201326592
16777216,warmup,8,0,generated,0,0.0034662500000000001,0.001461083,0.0034561250000000321,0.0014552080000000134,0.0020477501675486565,0.0071853330000000003,201326592
16777216,warmup,8,1,handwritten,0,0.004149542,0.0017710410000000001,0.0041415419999999981,0.0017680419999999974,0.0018097502179443836,0.0080444580000000009,201326592
16777216,warmup,9,0,handwritten,0,0.0045389999999999996,0.001221083,0.0045269990000000315,0.0012188750000000081,0.0030560418963432312,0.0090463750000000006,201326592
16777216,warmup,9,1,generated,0,0.0043580420000000003,0.0027828750000000002,0.0043448340000000196,0.0027784999999999893,0.0017764582298696041,0.0091818750000000008,201326592
16777216,measured,0,0,generated,0,0.0049525410000000004,0.0013584999999999999,0.0049461659999999741,0.0013562500000000033,0.0016245832666754723,0.0081828749999999992,201326592
16777216,measured,0,1,handwritten,0,0.0031624169999999998,0.001693541,0.0031553329999999824,0.0016907499999999909,0.0026833750307559967,0.0077140830000000001,201326592
16777216,measured,1,0,handwritten,0,0.0049757910000000002,0.0025837920000000001,0.0049664589999999786,0.0025759579999999893,0.0017930003814399242,0.0097149999999999997,201326592
16777216,measured,1,1,generated,0,0.005076667,0.001357958,0.0050639590000000068,0.0013456659999999954,0.0016201669350266457,0.0082915420000000007,201326592
16777216,measured,2,0,generated,0,0.003464375,0.0012975829999999999,0.0034566660000000526,0.0012946669999999993,0.0017693331465125084,0.0067937079999999999,201326592
16777216,measured,2,1,handwritten,0,0.0035474579999999999,0.0016627499999999999,0.0035406660000000256,0.001656249999999998,0.002214125357568264,0.0077107080000000001,201326592
16777216,measured,3,0,handwritten,0,0.0030607080000000001,0.001731708,0.0030549590000000237,0.0017282080000000088,0.0028580832295119762,0.0082220409999999994,201326592
16777216,measured,3,1,generated,0,0.0030637500000000001,0.001654125,0.0030582909999999908,0.0016459590000000024,0.0032220003195106983,0.0084370000000000001,201326592
16777216,measured,4,0,generated,0,0.003406166,0.001849208,0.0033996669999999951,0.0018458749999999968,0.0033391253091394901,0.0088258750000000004,201326592
16777216,measured,4,1,handwritten,0,0.0027191659999999999,0.00172525,0.002714416999999969,0.0017219579999999957,0.0016728751361370087,0.006521125,201326592
16777216,measured,5,0,handwritten,0,0.003039875,0.0016840410000000001,0.0030330000000000079,0.0016813750000000127,0.001998750027269125,0.0068901250000000004,201326592
16777216,measured,5,1,generated,0,0.0031081669999999998,0.0015559580000000001,0.0031025419999999859,0.0015525000000000122,0.0019191247411072254,0.0068421250000000001,201326592
16777216,measured,6,0,generated,0,0.0030972090000000001,0.0013923329999999999,0.0030892079999999544,0.0013886250000000044,0.0038506253622472286,0.0085796250000000004,201326592
16777216,measured,6,1,handwritten,0,0.0037810840000000001,0.001698333,0.0037702079999999971,0.001694791000000001,0.0030630417168140411,0.0088506250000000009,201326592
16777216,measured,7,0,handwritten,0,0.0026515419999999998,0.001845792,0.0026451250000000259,0.0018428329999999882,0.003048416692763567,0.0079215420000000002,201326592
16777216,measured,7,1,generated,0,0.0040227079999999998,0.0019600419999999999,0.0039895830000000188,0.0019570409999999927,0.0030061667785048485,0.0095027500000000008,201326592
16777216,measured,8,0,generated,0,0.0042938330000000004,0.002281333,0.0042862919999999693,0.002275458000000008,0.0021622083149850368,0.0090542499999999998,201326592
16777216,measured,8,1,handwritten,0,0.003827375,0.0024212909999999999,0.0038204589999999983,0.0023986249999999876,0.0017944998107850552,0.0085082079999999997,201326592
16777216,measured,9,0,handwritten,0,0.0051587919999999997,0.0014753329999999999,0.0051472080000000142,0.001471374999999997,0.0019331248477101326,0.0089369170000000008,201326592
16777216,measured,9,1,generated,0,0.0055274579999999999,0.0024452079999999999,0.0055149580000000142,0.0024408330000000034,0.0022184997797012329,0.010454458,201326592
16777216,measured,10,0,generated,0,0.003309125,0.0024609580000000001,0.0033009589999999922,0.002457333000000006,0.0018300418742001057,0.0078795419999999998,201326592
16777216,measured,10,1,handwritten,0,0.0030383329999999998,0.002742291,0.003030625000000009,0.0027377919999999889,0.0029391669668257236,0.009058333,201326592
16777216,measured,11,0,handwritten,0,0.0036649999999999999,0.001416208,0.0036523330000000076,0.001413500000000012,0.0018578753806650639,0.0071917079999999998,201326592
16777216,measured,11,1,generated,0,0.0030075409999999999,0.001537458,0.0030022909999999903,0.0015340420000000132,0.0020727501250803471,0.0069033330000000002,201326592
16777216,measured,12,0,generated,0,0.0026797079999999998,0.0012747920000000001,0.0026747080000000256,0.0012732500000000035,0.0027596666477620602,0.0069486670000000004,201326592
16777216,measured,12,1,handwritten,0,0.0030128749999999999,0.0013423339999999999,0.0030074589999999901,0.001340707999999996,0.0018671252764761448,0.0064856250000000001,201326592
16777216,measured,13,0,handwritten,0,0.003291417,0.0012504160000000001,0.0032863749999999525,0.0012489589999999939,0.0016498747281730175,0.0064275000000000001,201326592
16777216,measured,13,1,generated,0,0.0030518749999999999,0.001771625,0.0030453749999999613,0.0017693749999999897,0.0027279998175799847,0.0078575829999999996,201326592
16777216,measured,14,0,generated,0,0.0031056249999999999,0.001507958,0.0030963749999999846,0.0015031660000000002,0.0034384997561573982,0.0082873749999999996,201326592
16777216,measured,14,1,handwritten,0,0.0026419170000000001,0.001216625,0.0026370000000000005,0.0012138329999999975,0.0027975002303719521,0.007040167,201326592
16777216,measured,15,0,handwritten,0,0.0032966250000000001,0.0021294579999999999,0.0032879989999999859,0.0021260830000000008,0.0017049997113645077,0.007363667,201326592
16777216,measured,15,1,generated,0,0.0032985829999999999,0.002224125,0.003292499999999976,0.0022199999999999998,0.0018732501193881035,0.0075937909999999999,201326592
16777216,measured,16,0,generated,0,0.0030170409999999998,0.0017587499999999999,0.0030099170000000286,0.0017544579999999865,0.0016974997706711292,0.0067021249999999997,201326592
16777216,measured,16,1,handwritten,0,0.0037048749999999998,0.0017496250000000001,0.0036940409999999813,0.001745582999999995,0.0029501249082386494,0.0087377089999999998,201326592
16777216,measured,17,0,handwritten,0,0.0072870829999999998,0.002492625,0.0072607919999999604,0.0024832079999999868,0.0018931664526462555,0.012336375,201326592
16777216,measured,17,1,generated,0,0.0040328330000000004,0.0022193339999999999,0.004001374000000002,0.0022162500000000029,0.0016717500984668732,0.0082180420000000001,201326592
16777216,measured,18,0,generated,0,0.0036185420000000002,0.0013784579999999999,0.003611165999999999,0.0013751250000000048,0.002215375192463398,0.0075603750000000003,201326592
16777216,measured,18,1,handwritten,0,0.0040118339999999997,0.0014494589999999999,0.0039985009999999876,0.0014462909999999884,0.0017327079549431801,0.0076052089999999999,201326592
16777216,measured,19,0,handwritten,0,0.0032939169999999999,0.00137875,0.003287748999999951,0.0013754169999999899,0.0030852081254124641,0.0081070420000000001,201326592
16777216,measured,19,1,generated,0,0.0032651249999999998,0.001547,0.0032594590000000201,0.0015443749999999867,0.0018597915768623352,0.0069274159999999996,201326592
16777216,measured,20,0,generated,0,0.003241875,0.001733084,0.0032354999999999468,0.001730124999999999,0.0019176253117620945,0.0072848339999999996,201326592
16777216,measured,20,1,handwritten,0,0.0029933339999999998,0.0026001660000000001,0.0029872910000000585,0.0025935830000000104,0.0023802500218153,0.0081876250000000005,201326592
16777216,measured,21,0,handwritten,0,0.004565375,0.0023306249999999998,0.0045566249999999808,0.0023120419999999864,0.0026124999858438969,0.0097524580000000003,201326592
16777216,measured,21,1,generated,0,0.00383425,0.001224417,0.0038263339999999868,0.0012229579999999962,0.0015371250919997692,0.0068525000000000001,201326592
16777216,measured,22,0,generated,0,0.003712375,0.0023249579999999998,0.0037022920000000514,0.0023213749999999866,0.0017048749141395092,0.0080149999999999996,201326592
16777216,measured,22,1,handwritten,0,0.0033610419999999998,0.0016692090000000001,0.0033545830000000221,0.0016627080000000127,0.0025749164633452892,0.0078826669999999995,201326592
16777216,measured,23,0,handwritten,0,0.0038664160000000001,0.001691541,0.0038592079999999473,0.00168691700000001,0.0028676665388047695,0.0087090410000000007,201326592
16777216,measured,23,1,generated,0,0.0031198749999999998,0.0012639999999999999,0.0031094579999999539,0.0012612909999999977,0.002754999790340662,0.0073754170000000004,201326592
16777216,measured,24,0,generated,0,0.0034403749999999999,0.001304791,0.0034368329999999725,0.0013016250000000007,0.0026641245931386948,0.0079080420000000005,201326592
16777216,measured,24,1,handwritten,0,0.002962625,0.002199459,0.0029572499999999113,0.0021932920000000133,0.0031984169036149979,0.0087884999999999994,201326592
16777216,measured,25,0,handwritten,0,0.0037290420000000001,0.0015804580000000001,0.0037216669999999841,0.001577041999999973,0.0029638749547302723,0.0085974580000000005,201326592
16777216,measured,25,1,generated,0,0.003253167,0.001441417,0.0032469579999999665,0.0014385829999999933,0.0032404582016170025,0.0083170420000000002,201326592
16777216,measured,26,0,generated,0,0.0027097089999999998,0.0024546250000000002,0.0027047920000000669,0.002450875000000019,0.00196050014346838,0.0076097090000000001,201326592
16777216,measured,26,1,handwritten,0,0.0039520830000000003,0.001856208,0.0039439169999999635,0.0018512909999999771,0.0028590001165866852,0.0090278749999999994,201326592
16777216,measured,27,0,handwritten,0,0.0036092920000000001,0.001598375,0.0036025830000000481,0.0015944580000000208,0.002465458121150732,0.0079120000000000006,201326592
16777216,measured,27,1,generated,0,0.0029556669999999999,0.0017977080000000001,0.0029503329999999162,0.0017951250000000085,0.0028055417351424694,0.0078070830000000003,201326592
16777216,measured,28,0,generated,0,0.0027269999999999998,0.0018207500000000001,0.0027212920000000418,0.0018180420000000197,0.0019219163805246353,0.0068829590000000001,201326592
16777216,measured,28,1,handwritten,0,0.003340417,0.0023868330000000001,0.0033307909999999996,0.0023811670000000174,0.0017362502403557301,0.0078920420000000002,201326592
16777216,measured,29,0,handwritten,0,0.0027185410000000001,0.001623125,0.0027121670000000986,0.0016201670000000057,0.0018053748644888401,0.0065554580000000001,201326592
16777216,measured,29,1,generated,0,0.003841208,0.0022322499999999999,0.0038334580000000118,0.0022276250000000108,0.0016892501153051853,0.0081933330000000006,201326592
16777216,measured,30,0,generated,0,0.0034206250000000001,0.0019942499999999999,0.003413584000000025,0.0019910839999999763,0.0016703750006854534,0.0073505829999999999,201326592
16777216,measured,30,1,handwritten,0,0.0039526250000000004,0.0013566660000000001,0.0039436660000000678,0.0013526660000000024,0.0015366249717772007,0.0070933330000000003,201326592
16777216,measured,31,0,handwritten,0,0.0039961670000000001,0.00125975,0.003989584000000046,0.0012574590000000163,0.0015997500158846378,0.0070950420000000002,201326592
16777216,measured,31,1,generated,0,0.0033252080000000001,0.00143575,0.0033198320000000781,0.0014332080000000191,0.0026277918368577957,0.0076166250000000001,201326592
16777216,measured,32,0,generated,0,0.0027411250000000001,0.0012127920000000001,0.0027362910000000573,0.0012107909999999888,0.003142249770462513,0.0073825419999999998,201326592
16777216,measured,32,1,handwritten,0,0.002678625,0.0020157090000000001,0.0026740010000000369,0.0020124999999999726,0.0019742497242987156,0.0068396250000000002,201326592
16777216,measured,33,0,handwritten,0,0.0031553330000000002,0.0020143750000000001,0.0031487909999999841,0.0020115410000000056,0.0016534999012947083,0.0070681249999999998,201326592
16777216,measured,33,1,generated,0,0.0043170409999999998,0.004016459,0.0043083749999999199,0.004009792000000012,0.0020690830424427986,0.010692500000000001,201326592
16777216,measured,34,0,generated,0,0.0040021659999999997,0.0026739580000000002,0.0039925820000000778,0.0026676669999999847,0.0022274581715464592,0.0095059159999999997,201326592
16777216,measured,34,1,handwritten,0,0.0036688329999999998,0.0022269170000000001,0.0036502910000000277,0.0022025410000000023,0.0021368749439716339,0.0082722079999999996,201326592
16777216,measured,35,0,handwritten,0,0.002894083,0.0022697080000000001,0.002887626000000032,0.0022637090000000026,0.0020409999415278435,0.0073933749999999998,201326592
16777216,measured,35,1,generated,0,0.0027654580000000002,0.003934875,0.0027598759999999389,0.0039287499999999809,0.0016537504270672798,0.0088485830000000001,201326592
16777216,measured,36,0,generated,0,0.0029463330000000002,0.0021717500000000001,0.0029387920000000234,0.0021599170000000112,0.0024308753199875355,0.0078532080000000004,201326592
16777216,measured,36,1,handwritten,0,0.002845584,0.0026155409999999999,0.0028406239999999583,0.0026114580000000109,0.0022740000858902931,0.0079537500000000007,201326592
16777216,measured,37,0,handwritten,0,0.0026997919999999999,0.001637875,0.0026940829999999583,0.0016354579999999785,0.0015957080759108067,0.0062840420000000001,201326592
16777216,measured,37,1,generated,0,0.0030769170000000002,0.001583,0.0030705009999999477,0.0015810829999999831,0.0022195000201463699,0.0070882920000000004,201326592
16777216,measured,38,0,generated,0,0.0036777089999999999,0.0018147079999999999,0.0036743750000000075,0.001810917000000023,0.0029057501815259457,0.0089309999999999997,201326592
16777216,measured,38,1,handwritten,0,0.0066570839999999997,0.0020274170000000001,0.0066453340000000027,0.0020238750000000083,0.0016529583372175694,0.010672667,201326592
16777216,measured,39,0,handwritten,0,0.0031843750000000001,0.0013511669999999999,0.0031782909999999998,0.0013487919999999876,0.0019783750176429749,0.0067664999999999999,201326592
16777216,measured,39,1,generated,0,0.003038125,0.001524666,0.0030333750000000048,0.0015220830000000074,0.0027197501622140408,0.00758875,201326592
16777216,measured,40,0,generated,0,0.0037805,0.0015301659999999999,0.0037738339999999759,0.0015282919999999867,0.0016321246512234211,0.00720625,201326592
16777216,measured,40,1,handwritten,0,0.0028252500000000001,0.001650458,0.0028225419999999835,0.0016476670000000193,0.0016437498852610588,0.0063752080000000003,201326592
16777216,measured,41,0,handwritten,0,0.0035630000000000002,0.0054750830000000004,0.003556042000000037,0.0054675840000000253,0.0019133747555315495,0.017965708,201326592
16777216,measured,41,1,generated,0,0.016583082999999998,0.0042684589999999996,0.016303124999999974,0.0042609590000000086,0.0019028750248253345,0.072662583000000003,201326592
16777216,measured,42,0,generated,0,0.232661917,0.037664165999999999,0.23223733300000005,0.037657207999999998,0.0021693753078579903,0.27411649999999999,201326592
16777216,measured,42,1,handwritten,0,0.0037424170000000001,0.002698167,0.0037335000000000562,0.0026927500000000215,0.0018649999983608723,0.0085684999999999997,201326592
16777216,measured,43,0,handwritten,0,0.003897167,0.002235,0.0038864170000001419,0.0022309169999999989,0.0018051248043775558,0.0085282090000000001,201326592
16777216,measured,43,1,generated,0,0.00318125,0.0013513749999999999,0.0031737919999998976,0.0013487079999999763,0.0019483752548694611,0.0068685409999999997,201326592
16777216,measured,44,0,generated,0,0.0038198749999999999,0.0027340419999999999,0.00381237500000009,0.0027287919999999799,0.002196416724473238,0.0090627090000000004,201326592
16777216,measured,44,1,handwritten,0,0.0039176250000000001,0.002492209,0.0039001669999998434,0.0024875830000000154,0.0020923330448567867,0.0088427499999999999,201326592
16777216,measured,45,0,handwritten,0,0.0043825419999999997,0.0019373330000000001,0.004376125000000064,0.0019333750000000149,0.00226583331823349,0.0088896670000000004,201326592
16777216,measured,45,1,generated,0,0.0054605000000000001,0.0028847090000000001,0.005439292000000151,0.0028787920000000189,0.0018351664766669273,0.010503709,201326592
16777216,measured,46,0,generated,0,0.0052091669999999998,0.001606166,0.0051986239999999295,0.0016026250000000242,0.0019175834022462368,0.0091257079999999997,201326592
16777216,measured,46,1,handwritten,0,0.0041574170000000001,0.0015091670000000001,0.004149124000000004,0.0015052079999999801,0.0025203749537467957,0.0083995419999999994,201326592
16777216,measured,47,0,handwritten,0,0.0042425409999999998,0.001721666,0.0042279569999998934,0.001717458000000005,0.0018676668405532837,0.0082974580000000006,201326592
16777216,measured,47,1,generated,0,0.003130084,0.0012644170000000001,0.0031235830000000409,0.0012615830000000106,0.0028271251358091831,0.0074649590000000002,201326592
16777216,measured,48,0,generated,0,0.004180334,0.0021667079999999998,0.004172124999999971,0.0021467909999999812,0.0029559996910393238,0.0096027920000000006,201326592
16777216,measured,48,1,handwritten,0,0.0055265000000000002,0.0026359170000000002,0.0055151249999998431,0.0026294590000000007,0.0032685417681932449,0.011791542,201326592
16777216,measured,49,0,handwritten,0,0.0060484579999999996,0.0013127080000000001,0.0060334589999999633,0.0013099160000000221,0.0017257081344723701,0.0093422079999999994,201326592
16777216,measured,49,1,generated,0,0.0031678750000000001,0.001591,0.0031610010000000521,0.0015864589999999845,0.0032144999131560326,0.0082204170000000007,201326592
16777216,measured,50,0,generated,0,0.0031874170000000001,0.001379917,0.0031803329999999796,0.0013776249999999934,0.0032762084156274796,0.0080545419999999996,201326592
16777216,measured,50,1,handwritten,0,0.0025254169999999999,0.0017520000000000001,0.002518417000000106,0.0017485420000000196,0.0029903748072683811,0.0078010830000000003,201326592
16777216,measured,51,0,handwritten,0,0.002497333,0.0013517500000000001,0.0024928339999998883,0.0013489999999999891,0.0017956248484551907,0.0060763750000000002,201326592
16777216,measured,51,1,generated,0,0.003296916,0.0016485,0.0032893750000000388,0.0016447499999999726,0.0016544582322239876,0.0072219579999999997,201326592
16777216,measured,52,0,generated,0,0.0031359579999999999,0.0012400829999999999,0.0031281669999998485,0.0012378339999999932,0.0016858335584402084,0.0063613330000000003,201326592
16777216,measured,52,1,handwritten,0,0.0042559169999999997,0.0013236249999999999,0.0042356239999998824,0.0013213329999999801,0.0016567083075642586,0.0075996249999999996,201326592
16777216,measured,53,0,handwritten,0,0.0032671250000000001,0.0019894169999999998,0.0032591260000001121,0.0019852080000000161,0.0029718750156462193,0.0085355420000000001,201326592
16777216,measured,53,1,generated,0,0.0055497910000000001,0.001408292,0.0055398330000000495,0.0014055840000000153,0.0018075834959745407,0.0092691249999999996,201326592
16777216,measured,54,0,generated,0,0.0041842499999999996,0.0020557079999999998,0.0041761660000001477,0.002049915999999985,0.002042749896645546,0.0088096660000000007,201326592
16777216,measured,54,1,handwritten,0,0.0036657090000000001,0.001318708,0.0036558330000000527,0.0013164170000000142,0.0022367499768733978,0.0074225419999999999,201326592
16777216,measured,55,0,handwritten,0,0.0032594579999999998,0.00227875,0.0032534989999999375,0.0022747499999999921,0.0024448749609291553,0.0084259999999999995,201326592
16777216,measured,55,1,generated,0,0.002603625,0.0022017080000000001,0.0025986249999998545,0.0021976670000000142,0.0028760000132024288,0.0081043750000000005,201326592
16777216,measured,56,0,generated,0,0.002982667,0.0016260000000000001,0.002976875000000101,0.0016218339999999887,0.001994249876588583,0.0068781670000000001,201326592
16777216,measured,56,1,handwritten,0,0.0025105420000000002,0.0017309580000000001,0.0025054589999999877,0.0017266659999999878,0.0028630001470446587,0.007698875,201326592
16777216,measured,57,0,handwritten,0,0.0039164170000000002,0.0014261670000000001,0.0039093749999998817,0.0014227079999999948,0.0026883748359978199,0.0083238749999999997,201326592
16777216,measured,57,1,generated,0,0.0039060000000000002,0.0030377080000000001,0.0038957929999998697,0.0030304999999999915,0.0018082913011312485,0.0091572909999999997,201326592
16777216,measured,58,0,generated,0,0.0040579580000000004,0.00131025,0.004047166000000102,0.0013072089999999759,0.001687916461378336,0.0075744999999999996,201326592
16777216,measured,58,1,handwritten,0,0.0032292079999999999,0.0014788749999999999,0.0032169159999999586,0.0014742919999999882,0.0027221250347793102,0.0076644579999999999,201326592
16777216,measured,59,0,handwritten,0,0.0046495,0.0021407499999999999,0.0046362509999999801,0.0021354160000000011,0.0026603750884532928,0.0096837910000000006,201326592
16777216,measured,59,1,generated,0,0.002502542,0.0013829160000000001,0.0024964180000000002,0.0013789579999999857,0.0028876662254333496,0.0072594579999999999,201326592
16777216,measured,60,0,generated,0,0.0044184159999999997,0.0014754589999999999,0.0044090000000001073,0.0014727079999999892,0.001755125354975462,0.0079101250000000005,201326592
16777216,measured,60,1,handwritten,0,0.0036806249999999999,0.001603,0.0036719579999999752,0.0015988330000000217,0.0016831248067319393,0.0072241659999999997,201326592
16777216,measured,61,0,handwritten,0,0.003680792,0.001796625,0.0036722080000000101,0.0017930409999999952,0.0020905830897390842,0.0077473330000000003,201326592
16777216,measured,61,1,generated,0,0.0043003750000000004,0.0012737079999999999,0.0042941249999999265,0.0012704170000000237,0.0026298332959413528,0.0085103750000000006,201326592
16777216,measured,62,0,generated,0,0.0034376670000000002,0.001379417,0.0034310840000000287,0.0013758340000000202,0.0021416246891021729,0.0071899579999999998,201326592
16777216,measured,62,1,handwritten,0,0.0033492499999999998,0.001711667,0.0033421659999999243,0.0017074169999999889,0.0032771248370409012,0.0085727919999999992,201326592
16777216,measured,63,0,handwritten,0,0.0066769580000000002,0.0040857920000000004,0.0066667500000001656,0.0036646249999999769,0.001831000205129385,0.013372583,201326592
16777216,measured,63,1,generated,0,0.0041478330000000001,0.0021054160000000001,0.0041349580000000774,0.0020756250000000254,0.0019293748773634434,0.0085955830000000004,201326592
16777216,measured,64,0,generated,0,0.0046146670000000002,0.0015250000000000001,0.0046040419999999749,0.0015211250000000121,0.0017308332026004791,0.0081905840000000008,201326592
16777216,measured,64,1,handwritten,0,0.0048806659999999997,0.001384,0.0048716659999998857,0.0013806670000000021,0.001730749849230051,0.0085132079999999995,201326592
16777216,measured,65,0,handwritten,0,0.0034879170000000001,0.0016239169999999999,0.0034796250000002082,0.0016103330000000193,0.0024028746411204338,0.0077615419999999997,201326592
16777216,measured,65,1,generated,0,0.0037282919999999998,0.0037545,0.0037200829999999296,0.0037426669999999773,0.0019018747843801975,0.0097412499999999999,201326592
16777216,measured,66,0,generated,0,0.0067250419999999997,0.0022115419999999999,0.006712999999999969,0.0022065840000000114,0.0017617084085941315,0.011067875,201326592
16777216,measured,66,1,handwritten,0,0.0035554580000000001,0.0025097499999999998,0.0035469579999998224,0.002504333999999997,0.0020051249302923679,0.0085536250000000005,201326592
16777216,measured,67,0,handwritten,0,0.010213125,0.007835,0.010196166999999923,0.0078263749999999965,0.0037147500552237034,0.022651417,201326592
16777216,measured,67,1,generated,0,0.0044486250000000003,0.0021057089999999999,0.004434333000000068,0.0021017500000000133,0.0016823331825435162,0.0085113749999999998,201326592
16777216,measured,68,0,generated,0,0.0043414580000000003,0.0015981249999999999,0.0043311669999999136,0.0015933329999999746,0.0022577918134629726,0.0086726660000000007,201326592
16777216,measured,68,1,handwritten,0,0.002761959,0.0024245,0.0027553750000000043,0.0024193750000000014,0.0018436666578054428,0.0074985,201326592
16777216,measured,69,0,handwritten,0,0.0039611250000000002,0.0019455,0.0039535430000001703,0.0019419999999999993,0.0016631251201033592,0.007846291,201326592
16777216,measured,69,1,generated,0,0.003458834,0.001885084,0.0034506249999999294,0.0018819580000000169,0.0016598748043179512,0.0074303750000000003,201326592
16777216,measured,70,0,generated,0,0.0049451249999999999,0.0027562910000000001,0.0049340410000000556,0.0027404999999999791,0.0017157499678432941,0.0099646249999999995,201326592
16777216,measured,70,1,handwritten,0,0.0078266670000000007,0.001505583,0.007815040999999967,0.0015002920000000142,0.0018186247907578945,0.011473125000000001,201326592
16777216,measured,71,0,handwritten,0,0.0034438329999999999,0.002715458,0.0034370840000002012,0.0027095839999999871,0.0021512499079108238,0.0088550829999999997,201326592
16777216,measured,71,1,generated,0,0.003544125,0.0022365829999999999,0.0035373329999999203,0.0022317920000000102,0.0024308753199875355,0.0086055420000000007,201326592
16777216,measured,72,0,generated,0,0.0034246670000000002,0.001744375,0.0034165840000000003,0.0017386249999999936,0.0028920415788888931,0.0085969170000000008,201326592
16777216,measured,72,1,handwritten,0,0.0063957090000000003,0.0023760420000000001,0.0063845829999999992,0.0023710419999999899,0.0017117913812398911,0.010787458999999999,201326592
16777216,measured,73,0,handwritten,0,0.002715875,0.0017629169999999999,0.0027098329999999393,0.0017582910000000229,0.0018372498452663422,0.0067784999999999998,201326592
16777216,measured,73,1,generated,0,0.0034855419999999999,0.0019478329999999999,0.0034797079999999703,0.0019437909999999725,0.0017406251281499863,0.007685,201326592
16777216,measured,74,0,generated,0,0.003558875,0.0016392500000000001,0.0035485829999999385,0.0016343329999999878,0.0018087499774992466,0.0075482090000000002,201326592
16777216,measured,74,1,handwritten,0,0.0037755829999999999,0.00204675,0.0037679170000000095,0.0020442079999999918,0.0017075836658477783,0.0077765830000000001,201326592
16777216,measured,75,0,handwritten,0,0.003789667,0.002373333,0.0037818339999999839,0.0023687079999999971,0.0018584164790809155,0.0086419170000000007,201326592
16777216,measured,75,1,generated,0,0.015553667,0.072770625000000005,0.015529832999999993,0.072765459000000032,0.0019701668061316013,0.094253957999999999,201326592
16777216,measured,76,0,generated,0,0.017469083,0.0084453329999999993,0.017454709000000124,0.0084379169999999615,0.0020143748261034489,0.029173874999999998,201326592
16777216,measured,76,1,handwritten,0,0.0031040830000000001,0.001894041,0.003096957999999983,0.0018902499999999822,0.0017585000023245811,0.0072102909999999997,201326592
16777216,measured,77,0,handwritten,0,0.0030438750000000001,0.012335041999999999,0.0030371250000000849,0.012328709000000049,0.0017203753814101219,0.017600999999999999,201326592
16777216,measured,77,1,generated,0,0.0065207080000000001,0.0039283749999999996,0.0064936250000000584,0.0039240000000000386,0.0017988746985793114,0.012825792000000001,201326592
16777216,measured,78,0,generated,0,0.0030871660000000001,0.0018186249999999999,0.0030797499999999367,0.0018136669999999633,0.0026398752816021442,0.0082038330000000007,201326592
16777216,measured,78,1,handwritten,0,0.003770041,0.0014682499999999999,0.0037613330000001444,0.0014655420000000419,0.0030418750829994678,0.0084830830000000006,201326592
16777216,measured,79,0,handwritten,0,0.0045530420000000002,0.002415375,0.0044684999999999864,0.0024093339999999852,0.0018438748084008694,0.0092545839999999997,201326592
16777216,measured,79,1,generated,0,0.014867083,0.0063851250000000002,0.014840208999999938,0.0063481250000000378,0.0033111250959336758,0.034826707999999998,201326592
16777216,measured,80,0,generated,0,0.0044001250000000004,0.0032374999999999999,0.0043894589999999845,0.0032299999999999551,0.0017832918092608452,0.0098578750000000003,201326592
16777216,measured,80,1,handwritten,0,0.0081550839999999999,0.0041489170000000002,0.0081415409999998634,0.0041425000000000489,0.001797833014279604,0.014987083999999999,201326592
16777216,measured,81,0,handwritten,0,0.0090084169999999995,0.0042374170000000003,0.0089773330000000318,0.0042286249999999859,0.0018182084895670414,0.015436584,201326592
16777216,measured,81,1,generated,0,0.002578416,0.0016678330000000001,0.0025727090000000619,0.0016636669999999798,0.0020265835337340832,0.0067395409999999999,201326592
16777216,measured,82,0,generated,0,0.0035808749999999999,0.001647166,0.0035601259999999968,0.0016432090000000343,0.0023881252855062485,0.0080815829999999998,201326592
16777216,measured,82,1,handwritten,0,0.0049425409999999999,0.0021702090000000002,0.0049310830000000028,0.0021645000000000136,0.0031341249123215675,0.010805041,201326592
16777216,measured,83,0,handwritten,0,0.003828709,0.0014029579999999999,0.0038137500000001712,0.0014005419999999491,0.0015076668933033943,0.007038875,201326592
16777216,measured,83,1,generated,0,0.0031429169999999998,0.001245625,0.0031311670000000458,0.0012437920000000213,0.0016332501545548439,0.006312542,201326592
16777216,measured,84,0,generated,0,0.0046010419999999996,0.001227375,0.0045890000000001763,0.0012252080000000332,0.0022283336147665977,0.00834325,201326592
16777216,measured,84,1,handwritten,0,0.0031082499999999999,0.0015280409999999999,0.0031007919999999078,0.0015252500000000335,0.0019523748196661472,0.0067978750000000001,201326592
16777216,measured,85,0,handwritten,0,0.0046870000000000002,0.001352083,0.0046777510000000078,0.0013496250000000209,0.001877958420664072,0.008131625,201326592
16777216,measured,85,1,generated,0,0.0027962920000000001,0.001306333,0.0027895840000000671,0.0013029580000000207,0.002733208704739809,0.0072325000000000002,201326592
16777216,measured,86,0,generated,0,0.0025219999999999999,0.0015456249999999999,0.0025187090000000634,0.0015310830000000442,0.0016614580526947975,0.0061503749999999996,201326592
16777216,measured,86,1,handwritten,0,0.0029109589999999999,0.0016658339999999999,0.0029059579999999308,0.0016616249999999999,0.0019271667115390301,0.0071333339999999999,201326592
16777216,measured,87,0,handwritten,0,0.0026316669999999999,0.0019672090000000001,0.0026277500000000398,0.0019636250000000244,0.0015460415743291378,0.0065655840000000002,201326592
16777216,measured,87,1,generated,0,0.0050776659999999998,0.0019205839999999999,0.0050674580000000802,0.0019171669999999974,0.0019078748300671577,0.0095596250000000004,201326592
16777216,measured,88,0,generated,0,0.0056698749999999996,0.0021392500000000001,0.0056562079999999959,0.0021312919999999513,0.0023652496747672558,0.010900417000000001,201326592
16777216,measured,88,1,handwritten,0,0.0046449999999999998,0.00152425,0.0046345420000000193,0.0015194579999999736,0.002040250226855278,0.0085834169999999994,201326592
16777216,measured,89,0,handwritten,0,0.0060346250000000001,0.0014311250000000001,0.0060200829999998984,0.0014248749999999921,0.0018462496809661388,0.0096838340000000005,201326592
16777216,measured,89,1,generated,0,0.017662125000000001,0.0022382499999999998,0.017645375000000074,0.002233124999999947,0.0030160415917634964,0.023369457999999999,201326592
16777216,measured,90,0,generated,0,0.0052953330000000002,0.0034843750000000001,0.0052841260000000556,0.0034775409999999729,0.0017630001530051231,0.011279333000000001,201326592
16777216,measured,90,1,handwritten,0,0.0035426659999999999,0.001433375,0.003528958000000193,0.0014293330000000326,0.0018225833773612976,0.0070652500000000003,201326592
16777216,measured,91,0,handwritten,0,0.0038481660000000001,0.001676084,0.003842249999999936,0.0016722919999999641,0.0024805832654237747,0.0085970000000000005,201326592
16777216,measured,91,1,generated,0,0.002669458,0.0026692909999999999,0.0026637920000001092,0.0026545420000000375,0.0019607916474342346,0.0075680829999999998,201326592
16777216,measured,92,0,generated,0,0.0037404579999999999,0.0023567919999999999,0.0037322909999999432,0.0023496659999999725,0.0018190420232713223,0.0083570410000000008,201326592
16777216,measured,92,1,handwritten,0,0.0055643749999999999,0.0032478329999999999,0.0055533340000000209,0.0032415409999999589,0.0026091248728334904,0.011880666999999999,201326592
16777216,measured,93,0,handwritten,0,0.0034614580000000002,0.003927458,0.0034562919999998609,0.0038802079999999961,0.0016853748820722103,0.0094120829999999999,201326592
16777216,measured,93,1,generated,0,0.0055949579999999997,0.012322292,0.005579291999999958,0.012314999999999965,0.0027375416830182076,0.021164249999999999,201326592
16777216,measured,94,0,generated,0,0.0059284589999999996,0.0039812500000000004,0.0059152080000000051,0.0039744160000000361,0.0024490002542734146,0.013004917,201326592
16777216,measured,94,1,handwritten,0,0.0064731659999999998,0.0023379170000000001,0.0064559989999999345,0.0023227500000000401,0.001860249787569046,0.011140957999999999,201326592
16777216,measured,95,0,handwritten,0,0.01450975,0.0060777920000000003,0.014496499999999912,0.005851374999999992,0.0019099586643278599,0.023558834000000001,201326592
16777216,measured,95,1,generated,0,0.0065195000000000001,0.001932291,0.0064988340000000644,0.0019283329999999488,0.0018564998172223568,0.010741708000000001,201326592
16777216,measured,96,0,generated,0,0.0049258330000000001,0.0042798749999999998,0.0049143329999998819,0.0042658749999999745,0.0030471249483525753,0.013099667000000001,201326592
16777216,measured,96,1,handwritten,0,0.0066549160000000003,0.0082506669999999997,0.0066367919999998914,0.0082457500000000516,0.0018974584527313709,0.017224666,201326592
16777216,measured,97,0,handwritten,0,0.010697375,0.0022256250000000002,0.010681457999999866,0.0022198749999999823,0.0033176247961819172,0.016606540999999999,201326592
16777216,measured,97,1,generated,0,0.032932999999999997,0.0068747909999999999,0.032843916999999889,0.0068690829999999981,0.0018401253037154675,0.042687333000000001,201326592
16777216,measured,98,0,generated,0,0.0071514999999999999,0.0052697500000000001,0.0071386669999999874,0.0052629170000000336,0.00177341653034091,0.01492925,201326592
16777216,measured,98,1,handwritten,0,0.0082238750000000003,0.0062365830000000004,0.0082102499999998635,0.0062290419999999624,0.0017541665583848953,0.016848667000000001,201326592
16777216,measured,99,0,handwritten,0,0.0031597499999999998,0.0013609169999999999,0.0031520000000000437,0.0013579999999999703,0.0017339996993541718,0.0068417089999999996,201326592
16777216,measured,99,1,generated,0,0.008241333,0.010448792,0.0082232909999999659,0.010097166999999962,0.0021271249279379845,0.021432208000000001,201326592
