elements,phase,iteration,order,variant,pipeline_compile_seconds,h2d_api_seconds,d2h_api_seconds,h2d_copy_seconds,d2h_copy_seconds,gpu_seconds,total_seconds,runtime_owned_peak_buffer_bytes
1024,warmup,0,0,generated,0.0014337919999999999,1.4580000000000001e-06,2.125e-06,4.58e-07,5.4199999999999996e-07,6.0419552028179169e-06,0.002884125,12288
1024,warmup,0,1,handwritten,0.028059000000000001,1.333e-06,2.4169999999999999e-06,4.9999999999999987e-07,3.7500000000000001e-07,6.2920153141021729e-06,0.028494790999999998,12288
1024,warmup,1,0,handwritten,0,1.3340000000000001e-06,9.16e-07,5.4200000000000006e-07,1.6699999999999995e-07,5.4999254643917084e-06,0.00032979199999999998,12288
1024,warmup,1,1,generated,0,9.5900000000000005e-07,8.7499999999999999e-07,1.6699999999999984e-07,2.0799999999999996e-07,5.5413693189620972e-06,0.00029220899999999998,12288
1024,warmup,2,0,generated,0,9.1699999999999997e-07,7.0800000000000004e-07,1.6699999999999984e-07,1.2500000000000007e-07,5.4999254643917084e-06,0.000284584,12288
1024,warmup,2,1,handwritten,0,8.7499999999999999e-07,7.0900000000000001e-07,1.6699999999999984e-07,1.2500000000000007e-07,6.0000456869602203e-06,0.00047108399999999998,12288
1024,warmup,3,0,handwritten,0,8.7499999999999999e-07,6.6700000000000003e-07,2.0799999999999996e-07,1.2500000000000007e-07,6.0000456869602203e-06,0.00049066599999999995,12288
1024,warmup,3,1,generated,0,9.16e-07,7.0800000000000004e-07,1.6599999999999977e-07,1.2500000000000007e-07,5.8752484619617462e-06,0.000475833,12288
1024,warmup,4,0,generated,0,9.5900000000000005e-07,7.0900000000000001e-07,1.6700000000000026e-07,1.2499999999999986e-07,5.8747828006744385e-06,0.00048358400000000001,12288
1024,warmup,4,1,handwritten,0,9.16e-07,6.2500000000000005e-07,1.6700000000000026e-07,1.2500000000000007e-07,6.0829333961009979e-06,0.00048345799999999998,12288
1024,warmup,5,0,handwritten,0,8.7499999999999999e-07,1.333e-06,1.6700000000000026e-07,2.0900000000000003e-07,5.5832788348197937e-06,0.00028695899999999999,12288
1024,warmup,5,1,generated,0,9.9999999999999995e-07,9.1699999999999997e-07,2.0799999999999953e-07,2.0799999999999996e-07,5.4999254643917084e-06,0.00028116699999999997,12288
1024,warmup,6,0,generated,0,9.5900000000000005e-07,6.6700000000000003e-07,1.6700000000000026e-07,1.2500000000000007e-07,5.5418349802494049e-06,0.00027262500000000003,12288
1024,warmup,6,1,handwritten,0,9.16e-07,6.6599999999999996e-07,2.0799999999999953e-07,1.2500000000000007e-07,5.4999254643917084e-06,0.00027566599999999999,12288
1024,warmup,7,0,handwritten,0,9.1699999999999997e-07,7.0800000000000004e-07,2.0799999999999953e-07,1.2500000000000007e-07,5.4999254643917084e-06,0.00026404199999999998,12288
1024,warmup,7,1,generated,0,9.5799999999999998e-07,7.0800000000000004e-07,2.0799999999999953e-07,1.2500000000000007e-07,5.4999254643917084e-06,0.00027062499999999998,12288
1024,warmup,8,0,generated,0,9.1699999999999997e-07,6.6599999999999996e-07,2.0799999999999953e-07,1.6600000000000019e-07,5.4170377552509308e-06,0.00029416700000000002,12288
1024,warmup,8,1,handwritten,0,9.1699999999999997e-07,6.2500000000000005e-07,1.6700000000000026e-07,1.2500000000000007e-07,5.6251883506774902e-06,0.00029829200000000002,12288
1024,warmup,9,0,handwritten,0,9.1699999999999997e-07,6.2500000000000005e-07,2.0799999999999953e-07,1.2500000000000007e-07,5.5418349802494049e-06,0.00012604200000000001,12288
1024,warmup,9,1,generated,0,9.1699999999999997e-07,6.6599999999999996e-07,2.0799999999999953e-07,1.2500000000000007e-07,5.4999254643917084e-06,0.00030212499999999998,12288
1024,measured,0,0,generated,0,9.16e-07,6.6700000000000003e-07,1.6700000000000111e-07,1.2500000000000007e-07,5.9586018323898315e-06,0.00044412500000000002,12288
1024,measured,0,1,handwritten,0,8.7499999999999999e-07,6.6599999999999996e-07,1.6600000000000146e-07,1.2500000000000007e-07,5.4999254643917084e-06,0.00028820799999999998,12288
1024,measured,1,0,handwritten,0,8.7499999999999999e-07,1.542e-06,2.0800000000000038e-07,2.0799999999999996e-07,5.4999254643917084e-06,0.00029399999999999999,12288
1024,measured,1,1,generated,0,1.0419999999999999e-06,9.5900000000000005e-07,2.0800000000000038e-07,2.0800000000000038e-07,5.5832788348197937e-06,0.00028508400000000001,12288
1024,measured,2,0,generated,0,9.5799999999999998e-07,6.2500000000000005e-07,1.6700000000000026e-07,1.2499999999999965e-07,5.4999254643917084e-06,0.00027241599999999999,12288
1024,measured,2,1,handwritten,0,9.16e-07,6.6700000000000003e-07,1.6700000000000026e-07,1.2499999999999965e-07,5.4999254643917084e-06,0.000273708,12288
1024,measured,3,0,handwritten,0,9.1699999999999997e-07,6.6599999999999996e-07,1.6700000000000026e-07,1.2499999999999965e-07,5.4999254643917084e-06,0.00028395800000000001,12288
1024,measured,3,1,generated,0,9.1699999999999997e-07,6.6700000000000003e-07,1.6600000000000146e-07,1.2499999999999965e-07,1.1750031262636185e-05,0.00014116700000000001,12288
1024,measured,4,0,generated,0,9.1699999999999997e-07,6.6700000000000003e-07,1.6700000000000026e-07,1.2499999999999965e-07,5.5418349802494049e-06,0.00029545899999999998,12288
1024,measured,4,1,handwritten,0,9.1699999999999997e-07,6.6599999999999996e-07,1.6700000000000026e-07,1.2499999999999965e-07,5.4999254643917084e-06,0.00028008299999999998,12288
1024,measured,5,0,handwritten,0,9.1699999999999997e-07,6.6599999999999996e-07,1.6700000000000026e-07,1.2499999999999965e-07,5.4999254643917084e-06,0.00026612499999999998,12288
1024,measured,5,1,generated,0,9.16e-07,6.6700000000000003e-07,1.6700000000000026e-07,1.2499999999999965e-07,6.0000456869602203e-06,0.00042020799999999999,12288
1024,measured,6,0,generated,0,9.5900000000000005e-07,6.2500000000000005e-07,1.6700000000000026e-07,1.6599999999999977e-07,5.916692316532135e-06,0.00047312500000000002,12288
1024,measured,6,1,handwritten,0,9.1699999999999997e-07,7.92e-07,1.6700000000000026e-07,1.6700000000000026e-07,6.0000456869602203e-06,0.000476167,12288
1024,measured,7,0,handwritten,0,9.1699999999999997e-07,7.0800000000000004e-07,2.0899999999999918e-07,1.2499999999999965e-07,5.4999254643917084e-06,0.00028875,12288
1024,measured,7,1,generated,0,9.5799999999999998e-07,6.6700000000000003e-07,2.0800000000000038e-07,1.2499999999999965e-07,5.5418349802494049e-06,0.00027375000000000001,12288
1024,measured,8,0,generated,0,9.1699999999999997e-07,7.0900000000000001e-07,1.6600000000000146e-07,1.6700000000000026e-07,5.4999254643917084e-06,0.00028333399999999999,12288
1024,measured,8,1,handwritten,0,9.1699999999999997e-07,6.2500000000000005e-07,1.6700000000000026e-07,1.6599999999999977e-07,5.4999254643917084e-06,0.00027512499999999998,12288
1024,measured,9,0,handwritten,0,8.7499999999999999e-07,6.6700000000000003e-07,1.6700000000000026e-07,1.6700000000000026e-07,5.5418349802494049e-06,0.000280625,12288
1024,measured,9,1,generated,0,9.16e-07,6.2500000000000005e-07,2.0800000000000038e-07,1.2499999999999965e-07,5.5832788348197937e-06,0.000290375,12288
1024,measured,10,0,generated,0,9.5799999999999998e-07,6.6700000000000003e-07,1.6700000000000026e-07,1.2499999999999965e-07,5.4999254643917084e-06,0.00028725000000000002,12288
1024,measured,10,1,handwritten,0,9.5799999999999998e-07,6.2500000000000005e-07,2.0800000000000038e-07,1.6599999999999977e-07,5.4999254643917084e-06,0.00027808299999999999,12288
1024,measured,11,0,handwritten,0,9.5900000000000005e-07,6.2500000000000005e-07,2.0800000000000038e-07,1.6599999999999977e-07,5.5003911256790161e-06,0.00027825000000000001,12288
1024,measured,11,1,generated,0,9.5799999999999998e-07,6.2500000000000005e-07,1.6700000000000026e-07,1.2499999999999965e-07,5.5003911256790161e-06,0.00028616600000000002,12288
1024,measured,12,0,generated,0,9.16e-07,6.6700000000000003e-07,2.0899999999999918e-07,1.2499999999999965e-07,5.5832788348197937e-06,0.00014037500000000001,12288
1024,measured,12,1,handwritten,0,9.1699999999999997e-07,6.2500000000000005e-07,2.5000000000000099e-07,1.6700000000000026e-07,5.4999254643917084e-06,0.00029329200000000001,12288
1024,measured,13,0,handwritten,0,9.1699999999999997e-07,6.6700000000000003e-07,2.0900000000000088e-07,1.2499999999999965e-07,5.4999254643917084e-06,0.00026787499999999999,12288
1024,measured,13,1,generated,0,9.1699999999999997e-07,6.2500000000000005e-07,2.0900000000000088e-07,1.6700000000000026e-07,5.5003911256790161e-06,0.00027070799999999998,12288
1024,measured,14,0,generated,0,8.7499999999999999e-07,7.5000000000000002e-07,2.0799999999999869e-07,1.6699999999999942e-07,5.4999254643917084e-06,0.00029366599999999999,12288
1024,measured,14,1,handwritten,0,9.5799999999999998e-07,6.2500000000000005e-07,1.6700000000000026e-07,1.2499999999999965e-07,5.4999254643917084e-06,0.00027770799999999999,12288
1024,measured,15,0,handwritten,0,9.1699999999999997e-07,6.2500000000000005e-07,1.6700000000000026e-07,1.2499999999999965e-07,5.5837444961071014e-06,0.00029320799999999999,12288
1024,measured,15,1,generated,0,9.5799999999999998e-07,7.92e-07,2.0799999999999869e-07,1.2499999999999965e-07,3.1250528991222382e-06,0.00024612499999999998,12288
1024,measured,16,0,generated,0,9.9999999999999995e-07,7.0900000000000001e-07,2.9199999999999991e-07,1.6700000000000026e-07,3.1250528991222382e-06,0.00022791700000000001,12288
1024,measured,16,1,handwritten,0,9.5799999999999998e-07,6.2500000000000005e-07,1.6599999999999807e-07,1.2499999999999965e-07,3.0836090445518494e-06,0.00023370800000000001,12288
1024,measured,17,0,handwritten,0,8.7499999999999999e-07,6.2500000000000005e-07,2.0900000000000088e-07,1.6700000000000026e-07,2.5415793061256409e-06,0.00021795899999999999,12288
1024,measured,17,1,generated,0,8.7499999999999999e-07,6.6700000000000003e-07,2.0799999999999869e-07,1.2499999999999965e-07,2.6249326765537262e-06,0.00022808299999999999,12288
1024,measured,18,0,generated,0,9.1699999999999997e-07,6.6700000000000003e-07,2.0799999999999869e-07,1.2499999999999965e-07,2.6249326765537262e-06,0.00021454199999999999,12288
1024,measured,18,1,handwritten,0,9.1699999999999997e-07,6.2500000000000005e-07,1.6599999999999807e-07,1.6599999999999977e-07,2.0666979253292084e-05,0.000240542,12288
1024,measured,19,0,handwritten,0,9.5900000000000005e-07,6.2500000000000005e-07,1.6700000000000026e-07,1.2499999999999965e-07,2.5001354515552521e-06,0.00022116700000000001,12288
1024,measured,19,1,generated,0,9.1699999999999997e-07,6.2500000000000005e-07,1.6700000000000026e-07,1.2499999999999965e-07,2.5415793061256409e-06,0.000219834,12288
1024,measured,20,0,generated,0,9.1699999999999997e-07,6.6700000000000003e-07,2.0799999999999869e-07,1.2499999999999965e-07,2.6249326765537262e-06,0.000209292,12288
1024,measured,20,1,handwritten,0,9.1699999999999997e-07,6.6599999999999996e-07,2.0799999999999869e-07,1.6599999999999977e-07,2.5001354515552521e-06,0.000204625,12288
1024,measured,21,0,handwritten,0,9.1699999999999997e-07,6.6700000000000003e-07,2.0900000000000088e-07,1.6700000000000026e-07,2.5834888219833374e-06,0.00020824999999999999,12288
1024,measured,21,1,generated,0,9.16e-07,6.6700000000000003e-07,2.0799999999999869e-07,1.2499999999999965e-07,2.5415793061256409e-06,0.000224,12288
1024,measured,22,0,generated,0,9.1699999999999997e-07,6.6700000000000003e-07,1.6700000000000026e-07,8.300000000000073e-08,2.5415793061256409e-06,0.000212167,12288
1024,measured,22,1,handwritten,0,9.5799999999999998e-07,6.6700000000000003e-07,1.6599999999999807e-07,1.2499999999999965e-07,2.5834888219833374e-06,0.000198292,12288
1024,measured,23,0,handwritten,0,9.1699999999999997e-07,6.2500000000000005e-07,2.0900000000000088e-07,1.6700000000000026e-07,2.6249326765537262e-06,0.00020799999999999999,12288
1024,measured,23,1,generated,0,9.5900000000000005e-07,6.6700000000000003e-07,1.6700000000000026e-07,1.6700000000000026e-07,2.5415793061256409e-06,0.00023158400000000001,12288
1024,measured,24,0,generated,0,9.1699999999999997e-07,6.2500000000000005e-07,1.6700000000000026e-07,1.2499999999999965e-07,2.5001354515552521e-06,0.00021241700000000001,12288
1024,measured,24,1,handwritten,0,9.1699999999999997e-07,6.6700000000000003e-07,2.0900000000000088e-07,1.2499999999999965e-07,2.5001354515552521e-06,0.0002165,12288
1024,measured,25,0,handwritten,0,9.5900000000000005e-07,6.6599999999999996e-07,2.499999999999993e-07,1.2499999999999965e-07,2.5834888219833374e-06,0.0002065,12288
1024,measured,25,1,generated,0,9.16e-07,6.2500000000000005e-07,2.0799999999999869e-07,1.2499999999999965e-07,2.5415793061256409e-06,0.000209416,12288
1024,measured,26,0,generated,0,8.7499999999999999e-07,6.2500000000000005e-07,2.0799999999999869e-07,1.6700000000000026e-07,2.5415793061256409e-06,0.000203625,12288
1024,measured,26,1,handwritten,0,8.7499999999999999e-07,6.6599999999999996e-07,1.6599999999999807e-07,1.2499999999999965e-07,2.6249326765537262e-06,0.00021179099999999999,12288
1024,measured,27,0,handwritten,0,9.5799999999999998e-07,6.6700000000000003e-07,2.499999999999993e-07,1.6700000000000026e-07,2.5415793061256409e-06,0.00021900000000000001,12288
1024,measured,27,1,generated,0,9.16e-07,6.6700000000000003e-07,1.6599999999999807e-07,1.6700000000000026e-07,2.6249326765537262e-06,0.000213291,12288
1024,measured,28,0,generated,0,9.1699999999999997e-07,6.6599999999999996e-07,2.499999999999993e-07,1.2499999999999965e-07,2.5834888219833374e-06,0.00020879199999999999,12288
1024,measured,28,1,handwritten,0,9.1699999999999997e-07,6.6700000000000003e-07,2.0799999999999869e-07,1.6700000000000026e-07,2.5834888219833374e-06,0.00020266699999999999,12288
1024,measured,29,0,handwritten,0,9.1699999999999997e-07,6.6700000000000003e-07,1.6700000000000026e-07,1.2499999999999965e-07,2.5415793061256409e-06,0.00021837500000000001,12288
1024,measured,29,1,generated,0,9.5799999999999998e-07,7.5000000000000002e-07,2.0799999999999869e-07,2.0800000000000038e-07,2.6249326765537262e-06,0.000197875,12288
1024,measured,30,0,generated,0,9.9999999999999995e-07,6.6599999999999996e-07,2.0799999999999869e-07,1.2499999999999965e-07,2.5834888219833374e-06,0.00021499999999999999,12288
1024,measured,30,1,handwritten,0,9.5799999999999998e-07,6.6599999999999996e-07,2.499999999999993e-07,1.2499999999999965e-07,2.5415793061256409e-06,0.00021458299999999999,12288
1024,measured,31,0,handwritten,0,9.5900000000000005e-07,6.6700000000000003e-07,2.0900000000000088e-07,1.2499999999999965e-07,2.5415793061256409e-06,0.000219292,12288
1024,measured,31,1,generated,0,8.7499999999999999e-07,6.6599999999999996e-07,2.0799999999999869e-07,1.2499999999999965e-07,2.5415793061256409e-06,0.00022483299999999999,12288
1024,measured,32,0,generated,0,9.1699999999999997e-07,7.0800000000000004e-07,2.0799999999999869e-07,1.6599999999999977e-07,2.5830231606960297e-06,0.00027354199999999999,12288
1024,measured,32,1,handwritten,0,9.5900000000000005e-07,6.2500000000000005e-07,1.6700000000000026e-07,1.2499999999999965e-07,2.5834888219833374e-06,0.00021975,12288
1024,measured,33,0,handwritten,0,8.7499999999999999e-07,6.6700000000000003e-07,2.0900000000000088e-07,1.2499999999999965e-07,2.5420449674129486e-06,0.00021508399999999999,12288
1024,measured,33,1,generated,0,9.16e-07,7.0800000000000004e-07,2.0799999999999869e-07,1.2499999999999965e-07,2.5415793061256409e-06,0.00021016599999999999,12288
1024,measured,34,0,generated,0,9.5799999999999998e-07,6.6700000000000003e-07,1.6700000000000026e-07,1.2499999999999965e-07,2.5834888219833374e-06,0.00021837500000000001,12288
1024,measured,34,1,handwritten,0,9.5799999999999998e-07,6.6599999999999996e-07,1.6599999999999807e-07,1.2499999999999965e-07,2.9997900128364563e-06,0.00024383299999999999,12288
1024,measured,35,0,handwritten,0,9.1699999999999997e-07,6.6700000000000003e-07,2.499999999999993e-07,1.2499999999999965e-07,3.0416995286941528e-06,0.00022020899999999999,12288
1024,measured,35,1,generated,0,9.9999999999999995e-07,6.6700000000000003e-07,2.0799999999999869e-07,1.6700000000000026e-07,3.0416995286941528e-06,0.00023291699999999999,12288
1024,measured,36,0,generated,0,9.5900000000000005e-07,6.6700000000000003e-07,1.6700000000000026e-07,1.6700000000000026e-07,2.5415793061256409e-06,0.000245834,12288
1024,measured,36,1,handwritten,0,9.16e-07,6.6700000000000003e-07,2.0800000000000207e-07,1.2499999999999965e-07,2.5830231606960297e-06,0.00022112499999999999,12288
1024,measured,37,0,handwritten,0,9.5799999999999998e-07,6.6700000000000003e-07,1.6599999999999807e-07,1.2499999999999965e-07,2.5415793061256409e-06,0.000215417,12288
1024,measured,37,1,generated,0,8.7499999999999999e-07,6.2500000000000005e-07,2.0800000000000207e-07,1.6700000000000026e-07,2.6249326765537262e-06,0.000211833,12288
1024,measured,38,0,generated,0,8.7499999999999999e-07,6.2500000000000005e-07,1.6599999999999807e-07,1.2499999999999965e-07,2.5834888219833374e-06,0.000137458,12288
1024,measured,38,1,handwritten,0,9.16e-07,6.6599999999999996e-07,1.6599999999999807e-07,1.2499999999999965e-07,2.6249326765537262e-06,0.00022529099999999999,12288
1024,measured,39,0,handwritten,0,8.7499999999999999e-07,7.0800000000000004e-07,1.6700000000000026e-07,1.6700000000000026e-07,2.5001354515552521e-06,0.000220125,12288
1024,measured,39,1,generated,0,8.7499999999999999e-07,7.92e-07,2.0900000000000427e-07,1.6700000000000026e-07,2.5834888219833374e-06,0.00022187500000000001,12288
1024,measured,40,0,generated,0,9.1699999999999997e-07,6.2500000000000005e-07,1.6700000000000026e-07,1.6700000000000026e-07,2.5415793061256409e-06,0.000198292,12288
1024,measured,40,1,handwritten,0,9.5799999999999998e-07,6.6599999999999996e-07,2.0800000000000207e-07,1.2499999999999965e-07,2.5834888219833374e-06,0.000204833,12288
1024,measured,41,0,handwritten,0,8.7499999999999999e-07,6.6700000000000003e-07,1.6700000000000026e-07,1.2499999999999965e-07,2.5415793061256409e-06,0.00021733399999999999,12288
1024,measured,41,1,generated,0,8.7499999999999999e-07,6.6700000000000003e-07,2.0800000000000207e-07,1.2500000000000134e-07,2.4996697902679443e-06,0.00022008299999999999,12288
1024,measured,42,0,generated,0,9.1699999999999997e-07,6.6599999999999996e-07,1.6599999999999807e-07,1.2499999999999965e-07,2.5415793061256409e-06,0.000203625,12288
1024,measured,42,1,handwritten,0,9.16e-07,6.2500000000000005e-07,1.6700000000000026e-07,1.2499999999999965e-07,2.6249326765537262e-06,0.000207333,12288
1024,measured,43,0,handwritten,0,9.16e-07,6.2500000000000005e-07,2.0800000000000207e-07,1.6700000000000026e-07,2.6249326765537262e-06,0.00021425,12288
1024,measured,43,1,generated,0,9.16e-07,6.6599999999999996e-07,1.6599999999999807e-07,1.2499999999999965e-07,2.5001354515552521e-06,0.00021741600000000001,12288
1024,measured,44,0,generated,0,8.7499999999999999e-07,5.8400000000000004e-07,1.6700000000000026e-07,1.2499999999999965e-07,2.5834888219833374e-06,0.00020550000000000001,12288
1024,measured,44,1,handwritten,0,9.16e-07,6.2500000000000005e-07,1.6700000000000026e-07,1.2499999999999965e-07,2.5830231606960297e-06,0.00021699999999999999,12288
1024,measured,45,0,handwritten,0,9.1699999999999997e-07,6.2500000000000005e-07,1.6700000000000026e-07,1.2499999999999965e-07,2.6249326765537262e-06,0.00022341700000000001,12288
1024,measured,45,1,generated,0,9.16e-07,6.6700000000000003e-07,2.0800000000000207e-07,1.2499999999999965e-07,2.5420449674129486e-06,0.00021412499999999999,12288
1024,measured,46,0,generated,0,9.16e-07,6.6700000000000003e-07,2.0800000000000207e-07,1.6700000000000026e-07,2.5415793061256409e-06,0.00019087499999999999,12288
1024,measured,46,1,handwritten,0,9.16e-07,6.6599999999999996e-07,2.0800000000000207e-07,1.6600000000000146e-07,2.5830231606960297e-06,0.000207166,12288
1024,measured,47,0,handwritten,0,9.1699999999999997e-07,6.6700000000000003e-07,2.0800000000000207e-07,1.2499999999999965e-07,2.5420449674129486e-06,0.00019666700000000001,12288
1024,measured,47,1,generated,0,9.1699999999999997e-07,6.6700000000000003e-07,2.0800000000000207e-07,1.6700000000000026e-07,2.6249326765537262e-06,0.00020087499999999999,12288
1024,measured,48,0,generated,0,9.16e-07,6.6700000000000003e-07,2.0800000000000207e-07,1.2499999999999965e-07,2.6249326765537262e-06,0.00021525,12288
1024,measured,48,1,handwritten,0,9.1699999999999997e-07,7.0900000000000001e-07,2.0900000000000427e-07,1.6700000000000026e-07,2.5415793061256409e-06,0.00020920800000000001,12288
1024,measured,49,0,handwritten,0,9.1699999999999997e-07,6.6599999999999996e-07,2.0800000000000207e-07,1.2499999999999965e-07,2.5834888219833374e-06,0.00020887499999999999,12288
1024,measured,49,1,generated,0,9.1699999999999997e-07,6.6700000000000003e-07,1.6700000000000026e-07,1.6700000000000026e-07,2.5001354515552521e-06,0.00020633399999999999,12288
1024,measured,50,0,generated,0,9.1699999999999997e-07,6.2500000000000005e-07,2.0800000000000207e-07,1.2499999999999965e-07,2.5415793061256409e-06,0.00020437499999999999,12288
1024,measured,50,1,handwritten,0,9.5900000000000005e-07,7.0900000000000001e-07,2.5000000000000608e-07,1.2499999999999965e-07,2.5834888219833374e-06,0.00026395900000000003,12288
1024,measured,51,0,handwritten,0,1.125e-06,7.5000000000000002e-07,2.9100000000000111e-07,1.6700000000000026e-07,2.6249326765537262e-06,0.00025383399999999998,12288
1024,measured,51,1,generated,0,9.16e-07,1.0410000000000001e-06,2.0900000000000427e-07,2.0900000000000088e-07,2.4996697902679443e-06,0.00022254100000000001,12288
1024,measured,52,0,generated,0,9.16e-07,8.3300000000000001e-07,1.6700000000000026e-07,1.6600000000000146e-07,2.5415793061256409e-06,0.000198166,12288
1024,measured,52,1,handwritten,0,9.1699999999999997e-07,7.92e-07,2.4899999999999711e-07,1.6700000000000026e-07,2.5420449674129486e-06,0.00020679199999999999,12288
1024,measured,53,0,handwritten,0,9.16e-07,7.9100000000000003e-07,2.0800000000000207e-07,1.6700000000000026e-07,2.5834888219833374e-06,0.000204916,12288
1024,measured,53,1,generated,0,9.1699999999999997e-07,7.5000000000000002e-07,2.0800000000000207e-07,1.2499999999999965e-07,2.5830231606960297e-06,0.00023699999999999999,12288
1024,measured,54,0,generated,0,9.1699999999999997e-07,7.92e-07,1.6700000000000026e-07,1.6600000000000146e-07,2.3748725652694702e-06,0.000207209,12288
1024,measured,54,1,handwritten,0,9.16e-07,1.5e-06,2.5000000000000608e-07,2.0799999999999869e-07,2.3748725652694702e-06,0.00020133299999999999,12288
1024,measured,55,0,handwritten,0,9.9999999999999995e-07,8.7499999999999999e-07,2.0800000000000207e-07,1.6600000000000146e-07,2.2081658244132996e-06,0.00017241700000000001,12288
1024,measured,55,1,generated,0,9.5900000000000005e-07,7.5000000000000002e-07,2.0900000000000427e-07,1.2499999999999965e-07,2.125278115272522e-06,0.00016791700000000001,12288
1024,measured,56,0,generated,0,9.5799999999999998e-07,6.6599999999999996e-07,1.6700000000000026e-07,1.2499999999999965e-07,2.1248124539852142e-06,0.00019450000000000001,12288
1024,measured,56,1,handwritten,0,9.5799999999999998e-07,8.3399999999999998e-07,2.499999999999993e-07,1.6700000000000026e-07,2.1667219698429108e-06,0.00019591699999999999,12288
1024,measured,57,0,handwritten,0,9.5799999999999998e-07,6.6599999999999996e-07,1.6700000000000026e-07,1.2499999999999965e-07,2.125278115272522e-06,0.00017341599999999999,12288
1024,measured,57,1,generated,0,8.3399999999999998e-07,7.0900000000000001e-07,1.6700000000000026e-07,1.2499999999999965e-07,1.5291851013898849e-05,0.00024475000000000001,12288
1024,measured,58,0,generated,0,9.1699999999999997e-07,6.6599999999999996e-07,2.5000000000000608e-07,1.2499999999999965e-07,2.0419247448444366e-06,0.0002275,12288
1024,measured,58,1,handwritten,0,9.16e-07,6.6700000000000003e-07,2.0800000000000207e-07,1.2499999999999965e-07,2.1248124539852142e-06,0.00019404099999999999,12288
1024,measured,59,0,handwritten,0,8.7499999999999999e-07,7.5000000000000002e-07,2.0800000000000207e-07,1.6700000000000026e-07,2.2081658244132996e-06,0.00020166699999999999,12288
1024,measured,59,1,generated,0,9.5900000000000005e-07,7.9100000000000003e-07,1.6700000000000026e-07,1.6600000000000146e-07,2.2081658244132996e-06,0.000189125,12288
1024,measured,60,0,generated,0,9.9999999999999995e-07,7.0800000000000004e-07,2.0800000000000207e-07,1.6700000000000026e-07,2.2081658244132996e-06,0.00018349999999999999,12288
1024,measured,60,1,handwritten,0,9.1699999999999997e-07,7.0800000000000004e-07,1.6700000000000026e-07,2.0799999999999869e-07,2.166256308555603e-06,0.000216042,12288
1024,measured,61,0,handwritten,0,9.5799999999999998e-07,6.6599999999999996e-07,1.6599999999999807e-07,1.2499999999999965e-07,2.1667219698429108e-06,0.000213208,12288
1024,measured,61,1,generated,0,8.7499999999999999e-07,6.6700000000000003e-07,2.0800000000000207e-07,1.2499999999999965e-07,2.1248124539852142e-06,0.00020691700000000001,12288
1024,measured,62,0,generated,0,9.1699999999999997e-07,6.6700000000000003e-07,2.0800000000000207e-07,1.2499999999999965e-07,2.166256308555603e-06,0.00022995900000000001,12288
1024,measured,62,1,handwritten,0,8.7499999999999999e-07,6.6599999999999996e-07,1.6700000000000026e-07,1.2499999999999965e-07,2.1248124539852142e-06,0.000227541,12288
1024,measured,63,0,handwritten,0,8.7499999999999999e-07,7.0800000000000004e-07,2.0900000000000427e-07,1.6700000000000026e-07,2.1248124539852142e-06,0.00021175,12288
1024,measured,63,1,generated,0,9.5900000000000005e-07,6.2500000000000005e-07,2.5000000000000608e-07,1.2499999999999965e-07,2.2500753402709961e-06,0.00020225000000000001,12288
1024,measured,64,0,generated,0,8.7499999999999999e-07,8.3300000000000001e-07,1.6700000000000026e-07,2.0799999999999869e-07,2.2500753402709961e-06,0.000211833,12288
1024,measured,64,1,handwritten,0,9.9999999999999995e-07,7.0800000000000004e-07,1.6599999999999807e-07,1.2499999999999965e-07,2.2081658244132996e-06,0.00019591699999999999,12288
1024,measured,65,0,handwritten,0,8.7499999999999999e-07,6.6700000000000003e-07,1.6599999999999807e-07,1.2499999999999965e-07,2.2081658244132996e-06,0.000208125,12288
1024,measured,65,1,generated,0,9.1699999999999997e-07,6.6700000000000003e-07,1.6599999999999807e-07,1.2499999999999965e-07,2.1667219698429108e-06,0.00021962500000000001,12288
1024,measured,66,0,generated,0,8.7499999999999999e-07,7.5000000000000002e-07,2.0900000000000427e-07,2.0799999999999869e-07,2.2496096789836884e-06,0.00020645799999999999,12288
1024,measured,66,1,handwritten,0,1.125e-06,7.92e-07,3.7499999999999556e-07,2.0799999999999869e-07,2.1667219698429108e-06,0.00020758300000000001,12288
1024,measured,67,0,handwritten,0,1.2500000000000001e-06,7.92e-07,4.5800000000000137e-07,1.6700000000000026e-07,2.2500753402709961e-06,0.000209333,12288
1024,measured,67,1,generated,0,1.167e-06,7.5000000000000002e-07,3.7500000000000234e-07,1.6600000000000146e-07,2.2496096789836884e-06,0.00019425000000000001,12288
1024,measured,68,0,generated,0,9.5799999999999998e-07,7.5000000000000002e-07,2.920000000000033e-07,2.0900000000000088e-07,2.2500753402709961e-06,0.00020983300000000001,12288
1024,measured,68,1,handwritten,0,1.167e-06,1.083e-06,4.1699999999999957e-07,1.6700000000000026e-07,2.2086314857006073e-06,0.00023908299999999999,12288
1024,measured,69,0,handwritten,0,9.5900000000000005e-07,6.6599999999999996e-07,2.0800000000000207e-07,1.2499999999999965e-07,2.2086314857006073e-06,0.000109417,12288
1024,measured,69,1,generated,0,9.1699999999999997e-07,7.0800000000000004e-07,2.0800000000000207e-07,1.6600000000000146e-07,2.125278115272522e-06,0.000207708,12288
1024,measured,70,0,generated,0,8.7499999999999999e-07,8.3300000000000001e-07,1.6700000000000026e-07,1.2499999999999965e-07,2.1248124539852142e-06,0.000213709,12288
1024,measured,70,1,handwritten,0,8.7499999999999999e-07,7.9100000000000003e-07,2.0800000000000207e-07,1.2499999999999965e-07,2.1248124539852142e-06,0.00020666599999999999,12288
1024,measured,71,0,handwritten,0,9.1699999999999997e-07,7.5000000000000002e-07,1.6700000000000026e-07,1.6700000000000026e-07,2.125278115272522e-06,0.000203792,12288
1024,measured,71,1,generated,0,8.7499999999999999e-07,7.5000000000000002e-07,2.0800000000000207e-07,1.2499999999999965e-07,2.125278115272522e-06,0.00019791700000000001,12288
1024,measured,72,0,generated,0,9.16e-07,7.5000000000000002e-07,2.0800000000000207e-07,1.2499999999999965e-07,2.2081658244132996e-06,0.00019470800000000001,12288
1024,measured,72,1,handwritten,0,9.1699999999999997e-07,7.0900000000000001e-07,2.0800000000000207e-07,1.6700000000000026e-07,2.1248124539852142e-06,0.000201709,12288
1024,measured,73,0,handwritten,0,9.5799999999999998e-07,6.6700000000000003e-07,2.0800000000000207e-07,1.2499999999999965e-07,2.125278115272522e-06,0.00019799999999999999,12288
1024,measured,73,1,generated,0,9.1699999999999997e-07,7.0800000000000004e-07,2.0900000000000427e-07,1.2499999999999965e-07,2.1248124539852142e-06,0.000198333,12288
1024,measured,74,0,generated,0,9.1699999999999997e-07,6.6700000000000003e-07,1.6700000000000026e-07,1.2499999999999965e-07,2.3748725652694702e-06,0.00025616700000000002,12288
1024,measured,74,1,handwritten,0,9.1699999999999997e-07,6.6700000000000003e-07,2.0800000000000207e-07,1.2499999999999965e-07,2.3748725652694702e-06,0.00020937500000000001,12288
1024,measured,75,0,handwritten,0,8.7499999999999999e-07,7.92e-07,2.0800000000000207e-07,2.0799999999999869e-07,2.3748725652694702e-06,0.000213208,12288
1024,measured,75,1,generated,0,9.5900000000000005e-07,7.0800000000000004e-07,1.6700000000000026e-07,1.6600000000000146e-07,2.2081658244132996e-06,0.00021079200000000001,12288
1024,measured,76,0,generated,0,1.083e-06,6.6700000000000003e-07,2.920000000000033e-07,1.6700000000000026e-07,2.2086314857006073e-06,0.000212375,12288
1024,measured,76,1,handwritten,0,9.9999999999999995e-07,7.92e-07,2.499999999999993e-07,1.6700000000000026e-07,2.1248124539852142e-06,0.00018612500000000001,12288
1024,measured,77,0,handwritten,0,9.16e-07,8.3399999999999998e-07,2.0800000000000207e-07,1.2499999999999965e-07,2.1248124539852142e-06,0.00021387500000000001,12288
1024,measured,77,1,generated,0,9.16e-07,7.5000000000000002e-07,2.0800000000000207e-07,1.2499999999999965e-07,2.1248124539852142e-06,0.00027750000000000002,12288
1024,measured,78,0,generated,0,9.1699999999999997e-07,6.6700000000000003e-07,2.5000000000000608e-07,1.6700000000000026e-07,2.1667219698429108e-06,0.0001895,12288
1024,measured,78,1,handwritten,0,1.0419999999999999e-06,7.5000000000000002e-07,1.6599999999999807e-07,1.2499999999999965e-07,2.125278115272522e-06,0.00020983300000000001,12288
1024,measured,79,0,handwritten,0,9.1699999999999997e-07,7.0800000000000004e-07,1.6599999999999807e-07,1.6600000000000146e-07,2.1248124539852142e-06,0.00020666700000000001,12288
1024,measured,79,1,generated,0,9.5799999999999998e-07,7.5000000000000002e-07,1.6700000000000026e-07,1.6700000000000026e-07,2.125278115272522e-06,0.00020216599999999999,12288
1024,measured,80,0,generated,0,9.9999999999999995e-07,6.6599999999999996e-07,2.0800000000000207e-07,1.6700000000000026e-07,2.1248124539852142e-06,0.00021599999999999999,12288
1024,measured,80,1,handwritten,0,9.5900000000000005e-07,7.0900000000000001e-07,2.0800000000000207e-07,1.6700000000000026e-07,2.166256308555603e-06,0.00019625,12288
1024,measured,81,0,handwritten,0,9.5900000000000005e-07,6.6700000000000003e-07,1.6700000000000026e-07,1.2499999999999965e-07,2.125278115272522e-06,0.000187042,12288
1024,measured,81,1,generated,0,9.5799999999999998e-07,7.0800000000000004e-07,2.0800000000000207e-07,1.6600000000000146e-07,2.2086314857006073e-06,0.00019420799999999999,12288
1024,measured,82,0,generated,0,9.1699999999999997e-07,6.6700000000000003e-07,2.0800000000000207e-07,1.6700000000000026e-07,2.1248124539852142e-06,0.00019837500000000001,12288
1024,measured,82,1,handwritten,0,9.5900000000000005e-07,6.6599999999999996e-07,2.0900000000000427e-07,1.2499999999999965e-07,2.1667219698429108e-06,0.00019675000000000001,12288
1024,measured,83,0,handwritten,0,9.5799999999999998e-07,7.0800000000000004e-07,1.6700000000000026e-07,1.2499999999999965e-07,2.125278115272522e-06,0.00020520799999999999,12288
1024,measured,83,1,generated,0,9.5799999999999998e-07,7.0800000000000004e-07,2.0800000000000207e-07,1.2499999999999965e-07,2.1667219698429108e-06,0.00019612500000000001,12288
1024,measured,84,0,generated,0,8.7499999999999999e-07,7.5000000000000002e-07,1.6700000000000026e-07,1.2499999999999965e-07,2.2081658244132996e-06,0.00021295900000000001,12288
1024,measured,84,1,handwritten,0,9.1699999999999997e-07,7.0800000000000004e-07,2.0899999999999749e-07,1.2499999999999965e-07,2.1248124539852142e-06,0.00020554199999999999,12288
1024,measured,85,0,handwritten,0,8.7499999999999999e-07,7.5000000000000002e-07,2.0800000000000885e-07,1.6600000000000146e-07,2.2081658244132996e-06,0.000208416,12288
1024,measured,85,1,generated,0,9.1699999999999997e-07,7.0800000000000004e-07,1.6700000000000026e-07,1.6600000000000146e-07,2.1248124539852142e-06,0.000214625,12288
1024,measured,86,0,generated,0,9.1699999999999997e-07,7.0800000000000004e-07,2.0899999999999749e-07,1.6600000000000146e-07,2.2500753402709961e-06,0.000181375,12288
1024,measured,86,1,handwritten,0,9.5799999999999998e-07,1.0419999999999999e-06,2.0800000000000885e-07,1.6700000000000026e-07,2.1248124539852142e-06,0.00020354100000000001,12288
1024,measured,87,0,handwritten,0,9.5799999999999998e-07,7.0800000000000004e-07,2.5000000000000608e-07,1.6600000000000146e-07,2.1248124539852142e-06,0.000210583,12288
1024,measured,87,1,generated,0,1.0410000000000001e-06,7.0900000000000001e-07,2.5000000000000608e-07,1.6700000000000026e-07,2.2086314857006073e-06,0.00020016599999999999,12288
1024,measured,88,0,generated,0,9.5799999999999998e-07,3.1669999999999999e-06,2.0800000000000885e-07,7.0800000000000068e-07,2.2081658244132996e-06,0.00019245800000000001,12288
1024,measured,88,1,handwritten,0,1.917e-06,7.5000000000000002e-07,4.5900000000000357e-07,1.6700000000000026e-07,2.2496096789836884e-06,0.000234167,12288
1024,measured,89,0,handwritten,0,9.5900000000000005e-07,6.6700000000000003e-07,2.5099999999999472e-07,1.2499999999999965e-07,2.1667219698429108e-06,0.000232625,12288
1024,measured,89,1,generated,0,9.16e-07,8.7499999999999999e-07,1.6700000000000026e-07,2.499999999999993e-07,2.125278115272522e-06,0.000207875,12288
1024,measured,90,0,generated,0,1.0419999999999999e-06,6.6700000000000003e-07,1.6600000000001162e-07,1.6700000000000026e-07,2.2086314857006073e-06,0.00017441700000000001,12288
1024,measured,90,1,handwritten,0,8.7499999999999999e-07,6.6700000000000003e-07,2.0800000000000885e-07,1.6700000000000026e-07,2.125278115272522e-06,0.00018279099999999999,12288
1024,measured,91,0,handwritten,0,9.16e-07,6.2500000000000005e-07,2.5000000000000608e-07,1.6700000000000026e-07,2.1248124539852142e-06,0.00021000000000000001,12288
1024,measured,91,1,generated,0,9.5799999999999998e-07,7.0800000000000004e-07,2.5000000000000608e-07,1.2500000000000304e-07,2.125278115272522e-06,0.000205708,12288
1024,measured,92,0,generated,0,9.16e-07,7.0800000000000004e-07,2.0800000000000885e-07,1.2500000000000304e-07,2.1248124539852142e-06,0.000199416,12288
1024,measured,92,1,handwritten,0,9.1699999999999997e-07,6.6599999999999996e-07,2.0800000000000885e-07,1.6599999999999807e-07,2.1667219698429108e-06,0.00019975,12288
1024,measured,93,0,handwritten,0,9.1699999999999997e-07,6.6700000000000003e-07,1.6600000000001162e-07,1.2500000000000304e-07,2.125278115272522e-06,0.000201084,12288
1024,measured,93,1,generated,0,8.7499999999999999e-07,6.6599999999999996e-07,1.6700000000000026e-07,1.2500000000000304e-07,2.2086314857006073e-06,0.000210041,12288
1024,measured,94,0,generated,0,8.7499999999999999e-07,6.6599999999999996e-07,2.0899999999999749e-07,1.2500000000000304e-07,2.125278115272522e-06,0.00020450000000000001,12288
1024,measured,94,1,handwritten,0,9.9999999999999995e-07,6.6700000000000003e-07,1.6700000000000026e-07,1.6599999999999807e-07,1.875218003988266e-06,0.000184833,12288
1024,measured,95,0,handwritten,0,9.1699999999999997e-07,6.2500000000000005e-07,1.6700000000000026e-07,1.6700000000000026e-07,1.7918646335601807e-06,0.000193375,12288
1024,measured,95,1,generated,0,8.7499999999999999e-07,6.6599999999999996e-07,2.5000000000000608e-07,1.2500000000000304e-07,1.875218003988266e-06,0.000208333,12288
1024,measured,96,0,generated,0,9.16e-07,7.5000000000000002e-07,2.0899999999999749e-07,8.2999999999999036e-08,1.7913989722728729e-06,0.00019666599999999999,12288
1024,measured,96,1,handwritten,0,9.5900000000000005e-07,7.0800000000000004e-07,2.5000000000000608e-07,1.2500000000000304e-07,1.875218003988266e-06,0.00019916700000000001,12288
1024,measured,97,0,handwritten,0,9.16e-07,6.6700000000000003e-07,2.0800000000000885e-07,1.6700000000000026e-07,1.8747523427009583e-06,0.000172208,12288
1024,measured,97,1,generated,0,9.1699999999999997e-07,6.6700000000000003e-07,2.0800000000000885e-07,1.6599999999999807e-07,1.8747523427009583e-06,0.00020574999999999999,12288
1024,measured,98,0,generated,0,9.9999999999999995e-07,7.5000000000000002e-07,2.5000000000000608e-07,1.6700000000000026e-07,1.8747523427009583e-06,0.00026570800000000002,12288
1024,measured,98,1,handwritten,0,8.7499999999999999e-07,7.92e-07,1.6700000000000026e-07,2.0800000000000207e-07,1.7918646335601807e-06,0.000184833,12288
1024,measured,99,0,handwritten,0,8.7499999999999999e-07,7.0800000000000004e-07,2.0899999999999749e-07,1.2500000000000304e-07,1.875218003988266e-06,0.00020066699999999999,12288
1024,measured,99,1,generated,0,9.5799999999999998e-07,6.6700000000000003e-07,2.920000000000033e-07,1.6700000000000026e-07,1.8747523427009583e-06,0.00021662499999999999,12288
65536,warmup,0,0,generated,0,3.1417000000000001e-05,5.4580000000000001e-06,3.0332999999999996e-05,4.8329999999999993e-06,4.8750080168247223e-06,0.00021833399999999999,786432
65536,warmup,0,1,handwritten,0,7.9999999999999996e-06,4.5000000000000001e-06,7.2080000000000028e-06,3.8749999999999993e-06,4.7502107918262482e-06,0.00015766700000000001,786432
65536,warmup,1,0,handwritten,0,8.541e-06,4.4170000000000002e-06,7.708000000000015e-06,3.7500000000000031e-06,4.9998052418231964e-06,0.00017395799999999999,786432
65536,warmup,1,1,generated,0,7.9580000000000007e-06,4.3329999999999998e-06,7.2090000000000186e-06,3.7500000000000031e-06,4.791654646396637e-06,0.00018633300000000001,786432
65536,warmup,2,0,generated,0,7.9999999999999996e-06,4.25e-06,7.2499999999999865e-06,3.7079999999999991e-06,4.791654646396637e-06,0.00017520900000000001,786432
65536,warmup,2,1,handwritten,0,8.4169999999999992e-06,4.5419999999999999e-06,7.6250000000000092e-06,3.9160000000000011e-06,4.8330985009670258e-06,0.00017054200000000001,786432
65536,warmup,3,0,handwritten,0,8.208e-06,4.5000000000000001e-06,7.3750000000000031e-06,3.9159999999999944e-06,4.9164518713951111e-06,0.00015695800000000001,786432
65536,warmup,3,1,generated,0,8.0830000000000004e-06,4.2910000000000001e-06,7.2510000000000022e-06,3.7090000000000012e-06,4.791654646396637e-06,0.00017129100000000001,786432
65536,warmup,4,0,generated,0,7.875e-06,4.2080000000000002e-06,7.0419999999999641e-06,3.7079999999999991e-06,4.7502107918262482e-06,0.00019124999999999999,786432
65536,warmup,4,1,handwritten,0,7.9580000000000007e-06,4.2089999999999999e-06,7.1249999999999699e-06,3.5409999999999988e-06,4.791654646396637e-06,0.00017879199999999999,786432
65536,warmup,5,0,handwritten,0,7.6660000000000008e-06,4.2910000000000001e-06,6.8749999999999909e-06,3.7499999999999963e-06,4.8750080168247223e-06,0.00016679100000000001,786432
65536,warmup,5,1,generated,0,7.9999999999999996e-06,4.3329999999999998e-06,7.2499999999999865e-06,3.667000000000004e-06,4.791654646396637e-06,0.00016449999999999999,786432
65536,warmup,6,0,generated,0,7.5000000000000002e-06,4.3340000000000003e-06,6.7500000000000285e-06,3.7499999999999963e-06,4.791654646396637e-06,0.00017329199999999999,786432
65536,warmup,6,1,handwritten,0,8.1669999999999999e-06,4.6249999999999998e-06,7.3750000000000031e-06,3.9589999999999938e-06,4.8750080168247223e-06,0.000173167,786432
65536,warmup,7,0,handwritten,0,8.0839999999999992e-06,4.4580000000000003e-06,7.2089999999999915e-06,3.8749999999999993e-06,4.7502107918262482e-06,0.00017529199999999999,786432
65536,warmup,7,1,generated,0,8.4999999999999999e-06,4.3749999999999996e-06,7.6660000000000313e-06,3.7910000000000049e-06,4.791654646396637e-06,0.00019075,786432
65536,warmup,8,0,generated,0,9.0410000000000003e-06,4.3749999999999996e-06,7.874999999999961e-06,3.8330000000000021e-06,4.791654646396637e-06,0.00022075,786432
65536,warmup,8,1,handwritten,0,8.5839999999999995e-06,4.459e-06,7.6669999999999928e-06,3.8749999999999993e-06,4.9583613872528076e-06,0.00021033400000000001,786432
65536,warmup,9,0,handwritten,0,8.5830000000000007e-06,4.4170000000000002e-06,7.6249999999999821e-06,3.8340000000000043e-06,4.791654646396637e-06,0.000208166,786432
65536,warmup,9,1,generated,0,8.0830000000000004e-06,4.2919999999999997e-06,7.2499999999999865e-06,3.7499999999999963e-06,4.791654646396637e-06,0.00016916699999999999,786432
65536,measured,0,0,generated,0,7.9589999999999995e-06,4.2910000000000001e-06,7.1669999999999807e-06,3.7910000000000049e-06,4.791654646396637e-06,0.00016699999999999999,786432
65536,measured,0,1,handwritten,0,7.9589999999999995e-06,4.3749999999999996e-06,7.2079999999999757e-06,3.8330000000000021e-06,4.7502107918262482e-06,0.000160834,786432
65536,measured,1,0,handwritten,0,8.0830000000000004e-06,4.7500000000000003e-06,7.2909999999999815e-06,4.2079999999999977e-06,4.8750080168247223e-06,0.000156875,786432
65536,measured,1,1,generated,0,8.5420000000000005e-06,4.5000000000000001e-06,7.7920000000000094e-06,3.9169999999999965e-06,4.8750080168247223e-06,0.000192084,786432
65536,measured,2,0,generated,0,8.7090000000000008e-06,4.3749999999999996e-06,7.8750000000000152e-06,3.8340000000000043e-06,4.8335641622543335e-06,0.000171125,786432
65536,measured,2,1,handwritten,0,8.4579999999999993e-06,4.2919999999999997e-06,7.6250000000000363e-06,3.7079999999999991e-06,4.8750080168247223e-06,0.00016262500000000001,786432
65536,measured,3,0,handwritten,0,8.4169999999999992e-06,4.5000000000000001e-06,7.5420000000000305e-06,3.8749999999999993e-06,4.8750080168247223e-06,0.00016100000000000001,786432
65536,measured,3,1,generated,0,7.6660000000000008e-06,4.0829999999999997e-06,6.8750000000000451e-06,3.5409999999999988e-06,4.8750080168247223e-06,0.00018766599999999999,786432
65536,measured,4,0,generated,0,7.8339999999999999e-06,1.2167000000000001e-05,7.0829999999999591e-06,1.1250000000000002e-05,4.8750080168247223e-06,0.000204792,786432
65536,measured,4,1,handwritten,0,8.0830000000000004e-06,4.0829999999999997e-06,7.1249999999999699e-06,3.5830000000000096e-06,4.8750080168247223e-06,0.00016270799999999999,786432
65536,measured,5,0,handwritten,0,8.3329999999999997e-06,1.2707999999999999e-05,7.3740000000000958e-06,9.250000000000008e-06,4.8750080168247223e-06,0.000225458,786432
65536,measured,5,1,generated,0,2.7166999999999999e-05,5.9580000000000004e-06,2.3541999999999986e-05,4.958999999999991e-06,4.791654646396637e-06,0.00029074999999999999,786432
65536,measured,6,0,generated,0,8.7499999999999992e-06,4.7500000000000003e-06,7.9589999999999826e-06,3.9170000000000101e-06,4.8750080168247223e-06,0.000230125,786432
65536,measured,6,1,handwritten,0,8.3329999999999997e-06,4.3329999999999998e-06,7.4590000000000246e-06,3.7089999999999877e-06,4.8750080168247223e-06,0.00016945799999999999,786432
65536,measured,7,0,handwritten,0,8.4169999999999992e-06,4.4580000000000003e-06,7.4569999999999931e-06,3.8749999999999993e-06,1.4499761164188385e-05,0.00023675000000000001,786432
65536,measured,7,1,generated,0,8.3329999999999997e-06,4.8749999999999999e-06,7.5410000000000147e-06,4.3339999999999893e-06,4.8750080168247223e-06,0.000221917,786432
65536,measured,8,0,generated,0,2.4375e-05,4.792e-06,2.2917000000000011e-05,4.1669999999999891e-06,4.7502107918262482e-06,0.000318542,786432
65536,measured,8,1,handwritten,0,9.1670000000000005e-06,4.2919999999999997e-06,8.2910000000000058e-06,3.7500000000000098e-06,4.8330985009670258e-06,0.000191917,786432
65536,measured,9,0,handwritten,0,8.4589999999999998e-06,1.9375e-05,7.6669999999999386e-06,1.5917000000000004e-05,4.8750080168247223e-06,0.000182084,786432
65536,measured,9,1,generated,0,8.5830000000000007e-06,4.25e-06,7.6249999999999278e-06,3.5830000000000096e-06,4.8330985009670258e-06,0.00022033299999999999,786432
65536,measured,10,0,generated,0,2.4000000000000001e-05,4.7500000000000003e-06,2.1166000000000088e-05,4.0829999999999946e-06,4.791654646396637e-06,0.00025420899999999998,786432
65536,measured,10,1,handwritten,0,8.208e-06,3.5667000000000003e-05,7.334000000000008e-06,3.3291999999999979e-05,4.9583613872528076e-06,0.00020070799999999999,786432
65536,measured,11,0,handwritten,0,8.7919999999999998e-06,6.2910000000000004e-06,7.7919999999999552e-06,5.4170000000000195e-06,4.8750080168247223e-06,0.000207875,786432
65536,measured,11,1,generated,0,9.1670000000000005e-06,4.5410000000000002e-06,8.2920000000000216e-06,3.8339999999999772e-06,4.791654646396637e-06,0.000211375,786432
65536,measured,12,0,generated,0,8.3750000000000003e-06,1.0458999999999999e-05,7.5829999999999171e-06,8.4160000000000224e-06,4.7502107918262482e-06,0.00027595899999999999,786432
65536,measured,12,1,handwritten,0,9.7089999999999997e-06,5.1250000000000001e-06,8.6670000000000713e-06,4.500000000000001e-06,4.791654646396637e-06,0.00034620899999999999,786432
65536,measured,13,0,handwritten,0,8.2910000000000007e-06,4.5000000000000001e-06,7.5000000000000197e-06,3.8330000000000156e-06,4.9583613872528076e-06,0.00016899999999999999,786432
65536,measured,13,1,generated,0,8.6249999999999996e-06,4.3329999999999998e-06,7.833999999999966e-06,3.7500000000000098e-06,4.8335641622543335e-06,0.00017845799999999999,786432
65536,measured,14,0,generated,0,8.6670000000000002e-06,4.3329999999999998e-06,7.7919999999999552e-06,3.6249999999999932e-06,4.8335641622543335e-06,0.00017362500000000001,786432
65536,measured,14,1,handwritten,0,8.1249999999999993e-06,4.6249999999999998e-06,7.2919999999999973e-06,4.0829999999999946e-06,4.8750080168247223e-06,0.00017966600000000001,786432
65536,measured,15,0,handwritten,0,8.6670000000000002e-06,4.5839999999999996e-06,7.8329999999999502e-06,4.0419999999999996e-06,4.791654646396637e-06,0.000175792,786432
65536,measured,15,1,generated,0,8.7909999999999993e-06,1.0209e-05,7.9589999999999826e-06,8.0839999999999992e-06,4.7502107918262482e-06,0.00023662499999999999,786432
65536,measured,16,0,generated,0,4.6875000000000001e-05,1.0166000000000001e-05,4.4500999999999851e-05,8.3330000000000166e-06,4.8335641622543335e-06,0.00042091600000000002,786432
65536,measured,16,1,handwritten,0,2.2875e-05,6.4579999999999998e-06,2.0707999999999924e-05,5.4170000000000195e-06,4.8750080168247223e-06,0.00021412499999999999,786432
65536,measured,17,0,handwritten,0,9.5840000000000001e-06,4.3329999999999998e-06,8.6249999999999521e-06,3.7500000000000098e-06,4.7497451305389404e-06,0.00016000000000000001,786432
65536,measured,17,1,generated,0,9.2080000000000006e-06,8.541e-06,8.2489999999998866e-06,7.1250000000000241e-06,4.7921203076839447e-06,0.00020070799999999999,786432
65536,measured,18,0,generated,0,2.0625e-05,1.7625000000000002e-05,1.9083999999999941e-05,1.6834000000000022e-05,4.8750080168247223e-06,0.00032833299999999999,786432
65536,measured,18,1,handwritten,0,9.2499999999999995e-06,5.2499999999999997e-06,8.374999999999919e-06,4.500000000000001e-06,4.791654646396637e-06,0.00028275000000000002,786432
65536,measured,19,0,handwritten,0,9.0420000000000008e-06,1.0458e-05,8.208e-06,8.2090000000000158e-06,4.6249479055404663e-06,0.00027845799999999998,786432
65536,measured,19,1,generated,0,2.1458999999999999e-05,8.6249999999999996e-06,1.9706999999999884e-05,7.2499999999999865e-06,4.6249479055404663e-06,0.00030641700000000002,786432
65536,measured,20,0,generated,0,2.1875e-05,5.4160000000000003e-06,2.0084000000000074e-05,4.8340000000000015e-06,4.6249479055404663e-06,0.00023191600000000001,786432
65536,measured,20,1,handwritten,0,9.166e-06,4.5419999999999999e-06,8.1669999999998966e-06,3.8750000000000264e-06,4.6249479055404663e-06,0.0001885,786432
65536,measured,21,0,handwritten,0,8.6659999999999997e-06,4.1670000000000001e-06,7.8750000000000694e-06,3.6249999999999932e-06,4.5835040509700775e-06,0.00015066600000000001,786432
65536,measured,21,1,generated,0,2.5165999999999999e-05,5.4580000000000001e-06,2.3374999999999958e-05,4.8340000000000015e-06,4.6249479055404663e-06,0.00029916600000000002,786432
65536,measured,22,0,generated,0,8.8340000000000005e-06,1.0042e-05,8.0009999999998849e-06,8.6250000000000064e-06,4.6249479055404663e-06,0.00025833399999999998,786432
65536,measured,22,1,handwritten,0,2.2583e-05,7.0829999999999998e-06,2.0916999999999854e-05,6.291999999999973e-06,4.4996850192546844e-06,0.00032229099999999999,786432
65536,measured,23,0,handwritten,0,1.0458999999999999e-05,1.0832999999999999e-05,9.5830000000000741e-06,8.9159999999999804e-06,4.7083012759685516e-06,0.00019070900000000001,786432
65536,measured,23,1,generated,0,2.1166e-05,5.8749999999999997e-06,1.9457999999999975e-05,5.1660000000000247e-06,4.8750080168247223e-06,0.000241375,786432
65536,measured,24,0,generated,0,2.6333e-05,4.4580000000000003e-06,2.3084000000000039e-05,3.916999999999983e-06,4.6249479055404663e-06,0.00033316699999999999,786432
65536,measured,24,1,handwritten,0,9.3340000000000008e-06,4.5410000000000002e-06,8.5009999999999513e-06,3.8330000000000156e-06,4.541594535112381e-06,0.00021425,786432
65536,measured,25,0,handwritten,0,8.8340000000000005e-06,4.6659999999999999e-06,7.9999999999999776e-06,3.916999999999983e-06,4.6249479055404663e-06,0.00032491699999999998,786432
65536,measured,25,1,generated,0,1.0042e-05,1.9667e-05,9.1670000000000293e-06,8.8749999999999853e-06,4.7502107918262482e-06,0.00027133399999999997,786432
65536,measured,26,0,generated,0,6.0541999999999997e-05,5.9159999999999998e-06,5.8458999999999855e-05,5.0420000000000239e-06,4.791654646396637e-06,0.00059408300000000002,786432
65536,measured,26,1,handwritten,0,9.6670000000000008e-06,5.2079999999999999e-06,8.5829999999999414e-06,4.5840000000000225e-06,4.791654646396637e-06,0.00038445800000000001,786432
65536,measured,27,0,handwritten,0,9.5829999999999996e-06,5.2909999999999998e-06,8.7919999999998711e-06,4.500000000000001e-06,4.7083012759685516e-06,0.00020354100000000001,786432
65536,measured,27,1,generated,0,8.833e-06,6.2500000000000003e-06,7.9170000000000802e-06,5.0000000000000131e-06,4.6668574213981628e-06,0.00061450000000000003,786432
65536,measured,28,0,generated,0,5.3708000000000001e-05,9.8749999999999995e-06,3.6207999999999813e-05,8.167000000000005e-06,4.9583613872528076e-06,0.000435375,786432
65536,measured,28,1,handwritten,0,3.875e-05,5.9580000000000004e-06,3.7125000000000049e-05,5.2920000000000029e-06,4.7087669372558594e-06,0.00028170799999999998,786432
65536,measured,29,0,handwritten,0,9.5000000000000005e-06,9.8339999999999994e-06,8.7080000000000664e-06,7.6669999999999928e-06,4.6249479055404663e-06,0.00021958399999999999,786432
65536,measured,29,1,generated,0,8.9590000000000001e-06,8.9579999999999996e-06,7.9589999999998742e-06,7.4590000000000246e-06,4.625413566827774e-06,0.000223167,786432
65536,measured,30,0,generated,0,8.7919999999999998e-06,8.5420000000000005e-06,7.7500000000001613e-06,7.2079999999999757e-06,4.5830383896827698e-06,0.00022975,786432
65536,measured,30,1,handwritten,0,1.95e-05,1.1124999999999999e-05,1.7791000000000074e-05,9.3329999999999867e-06,4.4582411646842957e-06,0.00027229199999999999,786432
65536,measured,31,0,handwritten,0,2.3541999999999999e-05,7.2089999999999999e-06,2.1209000000000115e-05,6.0839999999999506e-06,4.7502107918262482e-06,0.00040779199999999997,786432
65536,measured,31,1,generated,0,2.3915999999999999e-05,9.7920000000000004e-06,2.1583999999999839e-05,7.9579999999999668e-06,4.9169175326824188e-06,0.00048325000000000001,786432
65536,measured,32,0,generated,0,2.1375000000000001e-05,2.1708e-05,1.9750999999999927e-05,1.2040999999999961e-05,4.6249479055404663e-06,0.00043833400000000002,786432
65536,measured,32,1,handwritten,0,1.1042e-05,3.8417000000000002e-05,9.916999999999912e-06,3.6540999999999961e-05,5.2503310143947601e-06,0.00023754200000000001,786432
65536,measured,33,0,handwritten,0,5.6416999999999999e-05,1.3166000000000001e-05,5.4250999999999952e-05,1.2290999999999995e-05,4.6249479055404663e-06,0.00026800000000000001,786432
65536,measured,33,1,generated,0,1.2625e-05,4.7079999999999996e-06,1.1793000000000177e-05,4.0419999999999996e-06,4.8335641622543335e-06,0.00021024999999999999,786432
65536,measured,34,0,generated,0,8.9579999999999996e-06,4.5839999999999996e-06,8.2090000000001242e-06,3.6669999999999498e-06,4.6668574213981628e-06,0.00017450000000000001,786432
65536,measured,34,1,handwritten,0,1.6957999999999999e-05,4.1659999999999996e-06,7.4580000000001173e-06,3.5410000000000259e-06,4.6249479055404663e-06,0.000183833,786432
65536,measured,35,0,handwritten,0,8.833e-06,4.25e-06,8.0000000000001945e-06,3.7089999999999606e-06,4.7497451305389404e-06,0.00018633300000000001,786432
65536,measured,35,1,generated,0,8.5830000000000007e-06,8.7919999999999998e-06,7.7499999999999444e-06,7.9579999999999668e-06,4.6249479055404663e-06,0.000195417,786432
65536,measured,36,0,generated,0,8.9579999999999996e-06,4.4170000000000002e-06,8.1659999999999892e-06,3.7499999999999556e-06,4.625413566827774e-06,0.000175417,786432
65536,measured,36,1,handwritten,0,8.7080000000000003e-06,4.1670000000000001e-06,7.9169999999996465e-06,3.5410000000000259e-06,4.6249479055404663e-06,0.00015224999999999999,786432
65536,measured,37,0,handwritten,0,8.2500000000000006e-06,4.0829999999999997e-06,7.3329999999999923e-06,3.5410000000000259e-06,4.6249479055404663e-06,0.000168042,786432
65536,measured,37,1,generated,0,8.9169999999999995e-06,4.25e-06,8.1249999999998858e-06,3.6669999999999498e-06,4.5835040509700775e-06,0.00017016700000000001,786432
65536,measured,38,0,generated,0,8.5839999999999995e-06,1.1041e-05,7.708999999999841e-06,8.500000000000044e-06,4.791654646396637e-06,0.00020079200000000001,786432
65536,measured,38,1,handwritten,0,8.9579999999999996e-06,4.6670000000000004e-06,7.9170000000000802e-06,4.1250000000000054e-06,4.6249479055404663e-06,0.000176,786432
65536,measured,39,0,handwritten,0,1.8875000000000001e-05,5.7919999999999998e-06,1.6748999999999931e-05,5.2080000000000355e-06,4.541594535112381e-06,0.000187834,786432
65536,measured,39,1,generated,0,9.8166999999999997e-05,6.083e-06,8.7500000000000772e-06,5.4169999999999652e-06,1.8625054508447647e-05,0.00040387499999999999,786432
65536,measured,40,0,generated,0,9.7920000000000004e-06,9.2920000000000001e-06,8.7080000000000664e-06,7.7500000000000529e-06,4.6249479055404663e-06,0.00025537500000000001,786432
65536,measured,40,1,handwritten,0,1.2833000000000001e-05,5.4999999999999999e-06,1.1708999999999938e-05,4.7499999999999799e-06,4.6249479055404663e-06,0.000182583,786432
65536,measured,41,0,handwritten,0,8.1659999999999994e-06,4.0829999999999997e-06,7.3750000000000031e-06,3.5000000000000309e-06,4.541594535112381e-06,0.000150583,786432
65536,measured,41,1,generated,0,8.0839999999999992e-06,4.0419999999999996e-06,7.3329999999999923e-06,3.5420000000000416e-06,4.6249479055404663e-06,0.00018845900000000001,786432
65536,measured,42,0,generated,0,8.2500000000000006e-06,4.0409999999999999e-06,7.4579999999996836e-06,3.5000000000000309e-06,4.6249479055404663e-06,0.00018162500000000001,786432
65536,measured,42,1,handwritten,0,9.0829999999999993e-06,3.9999999999999998e-06,8.1659999999999892e-06,3.5000000000000309e-06,4.6249479055404663e-06,0.00018004100000000001,786432
65536,measured,43,0,handwritten,0,7.6249999999999998e-06,3.9999999999999998e-06,6.8749999999999367e-06,3.5000000000000309e-06,4.6249479055404663e-06,0.000173917,786432
65536,measured,43,1,generated,0,8.4999999999999999e-06,4.1670000000000001e-06,7.7090000000002747e-06,3.6250000000000475e-06,4.6249479055404663e-06,0.000162583,786432
65536,measured,44,0,generated,0,8.3329999999999997e-06,3.9999999999999998e-06,7.5000000000001281e-06,3.4580000000000201e-06,4.6249479055404663e-06,0.00016891700000000001,786432
65536,measured,44,1,handwritten,0,7.9999999999999996e-06,4.0419999999999996e-06,7.2500000000003118e-06,3.5000000000000309e-06,4.7083012759685516e-06,0.000155,786432
65536,measured,45,0,handwritten,0,8.6670000000000002e-06,4.0409999999999999e-06,7.8750000000000694e-06,3.5000000000000309e-06,4.6249479055404663e-06,0.00015370800000000001,786432
65536,measured,45,1,generated,0,1.2791e-05,3.9580000000000001e-06,1.1582999999999906e-05,3.5000000000000309e-06,4.541594535112381e-06,0.00017533300000000001,786432
65536,measured,46,0,generated,0,8.1659999999999994e-06,4.0840000000000002e-06,7.3750000000000031e-06,3.5840000000000524e-06,4.5835040509700775e-06,0.00016775000000000001,786432
65536,measured,46,1,handwritten,0,8.1669999999999999e-06,9.7089999999999997e-06,7.3750000000000031e-06,7.5420000000000305e-06,4.5835040509700775e-06,0.00024183399999999999,786432
65536,measured,47,0,handwritten,0,8.208e-06,5.3750000000000002e-06,7.2489999999999707e-06,4.8749999999999965e-06,4.625413566827774e-06,0.00023437499999999999,786432
65536,measured,47,1,generated,0,8.8750000000000006e-06,4.0419999999999996e-06,7.8759999999999768e-06,3.5000000000000309e-06,4.7502107918262482e-06,0.00018675000000000001,786432
65536,measured,48,0,generated,0,1.4375e-05,1.0542e-05,1.3416999999999943e-05,9.5419999999999706e-06,4.5830383896827698e-06,0.000193208,786432
65536,measured,48,1,handwritten,0,8.8750000000000006e-06,4.4580000000000003e-06,7.8330000000000587e-06,3.7919999999999664e-06,4.6249479055404663e-06,0.00020745799999999999,786432
65536,measured,49,0,handwritten,0,8.2500000000000006e-06,4.0419999999999996e-06,7.4160000000001065e-06,3.4580000000000201e-06,4.541594535112381e-06,0.00017737499999999999,786432
65536,measured,49,1,generated,0,8.1669999999999999e-06,1.1041e-05,7.2920000000003225e-06,9.0830000000000077e-06,4.6249479055404663e-06,0.00018329199999999999,786432
65536,measured,50,0,generated,0,8.9160000000000007e-06,4.0840000000000002e-06,7.9169999999996465e-06,3.5420000000000416e-06,4.6249479055404663e-06,0.00028124999999999998,786432
65536,measured,50,1,handwritten,0,9.5410000000000006e-06,4.583e-06,8.7080000000000664e-06,3.8329999999999614e-06,7.3746778070926666e-06,0.00014379099999999999,786432
65536,measured,51,0,handwritten,0,8.8750000000000006e-06,4.1670000000000001e-06,7.708999999999841e-06,3.7089999999999606e-06,4.541594535112381e-06,0.00015633300000000001,786432
65536,measured,51,1,generated,0,7.8339999999999999e-06,4.583e-06,7.0000000000000617e-06,3.957999999999978e-06,4.541594535112381e-06,0.00017441700000000001,786432
65536,measured,52,0,generated,0,8.3329999999999997e-06,4.2919999999999997e-06,7.5419999999997052e-06,3.7909999999999507e-06,4.6249479055404663e-06,0.000240583,786432
65536,measured,52,1,handwritten,0,8.0839999999999992e-06,4.1250000000000003e-06,7.2079999999998673e-06,3.6250000000000475e-06,4.5835040509700775e-06,0.00018900000000000001,786432
65536,measured,53,0,handwritten,0,1.4875000000000001e-05,4.0829999999999997e-06,1.4001000000000031e-05,3.5420000000000416e-06,4.6249479055404663e-06,0.000163416,786432
65536,measured,53,1,generated,0,2.3833e-05,4.4170000000000002e-06,1.9291999999999747e-05,3.7919999999999664e-06,4.6249479055404663e-06,0.00020725,786432
65536,measured,54,0,generated,0,8.4169999999999992e-06,4.792e-06,7.3750000000000031e-06,4.2920000000000328e-06,4.6249479055404663e-06,0.00017429199999999999,786432
65536,measured,54,1,handwritten,0,8.2500000000000006e-06,4.5839999999999996e-06,7.3750000000000031e-06,3.8749999999999722e-06,4.7087669372558594e-06,0.00016425000000000001,786432
65536,measured,55,0,handwritten,0,8.4589999999999998e-06,8.5420000000000005e-06,7.5419999999997052e-06,6.8750000000000451e-06,4.6249479055404663e-06,0.00017829200000000001,786432
65536,measured,55,1,generated,0,1.7833e-05,5.7089999999999999e-06,1.6081999999999728e-05,4.8340000000000015e-06,4.541594535112381e-06,0.00023591700000000001,786432
65536,measured,56,0,generated,0,8.7080000000000003e-06,4.3329999999999998e-06,7.708999999999841e-06,3.7499999999999556e-06,4.541594535112381e-06,0.00019216599999999999,786432
65536,measured,56,1,handwritten,0,8.5420000000000005e-06,4.2089999999999999e-06,7.833999999999966e-06,3.6669999999999498e-06,4.6249479055404663e-06,0.00018358400000000001,786432
65536,measured,57,0,handwritten,0,8.6249999999999996e-06,4.7500000000000003e-06,7.7090000000002747e-06,4.209000000000027e-06,4.6249479055404663e-06,0.00019341599999999999,786432
65536,measured,57,1,generated,0,8.3750000000000003e-06,4.0419999999999996e-06,7.6259999999997267e-06,3.5000000000000309e-06,4.541594535112381e-06,0.00018474999999999999,786432
65536,measured,58,0,generated,0,7.9170000000000006e-06,8.6249999999999996e-06,7.0840000000000833e-06,6.9999999999999533e-06,4.6249479055404663e-06,0.000209917,786432
65536,measured,58,1,handwritten,0,8.5420000000000005e-06,8.7080000000000003e-06,7.6249999999998194e-06,7.5000000000000197e-06,4.5835040509700775e-06,0.000171917,786432
65536,measured,59,0,handwritten,0,1.7625000000000002e-05,5.7910000000000001e-06,1.5625000000000014e-05,5.2090000000000513e-06,4.6249479055404663e-06,0.00018683299999999999,786432
65536,measured,59,1,generated,0,8.6249999999999996e-06,4.8749999999999999e-06,7.8330000000000587e-06,4.2080000000000112e-06,4.6249479055404663e-06,0.0002275,786432
65536,measured,60,0,generated,0,8.5420000000000005e-06,4.8749999999999999e-06,7.6670000000002639e-06,4.3330000000000278e-06,4.6249479055404663e-06,0.00030979199999999998,786432
65536,measured,60,1,handwritten,0,9.5840000000000001e-06,4.5000000000000001e-06,8.7919999999996543e-06,3.8329999999999614e-06,4.6249479055404663e-06,0.00018366699999999999,786432
65536,measured,61,0,handwritten,0,1.2999999999999999e-05,4.1670000000000001e-06,1.1750000000000042e-05,3.6669999999999498e-06,4.6249479055404663e-06,0.00016720799999999999,786432
65536,measured,61,1,generated,0,8.7499999999999992e-06,4.5419999999999999e-06,7.7910000000000479e-06,3.957999999999978e-06,4.7502107918262482e-06,0.00017604200000000001,786432
65536,measured,62,0,generated,0,8.2919999999999996e-06,4.9579999999999998e-06,7.4999999999996944e-06,4.4160000000000336e-06,4.6249479055404663e-06,0.00018533300000000001,786432
65536,measured,62,1,handwritten,0,9.2920000000000001e-06,4.1670000000000001e-06,8.4579999999998164e-06,3.6250000000000475e-06,4.625413566827774e-06,0.00014124999999999999,786432
65536,measured,63,0,handwritten,0,1.5458e-05,4.2080000000000002e-06,1.454099999999986e-05,3.6250000000000475e-06,4.6249479055404663e-06,0.00018287500000000001,786432
65536,measured,63,1,generated,0,8.6249999999999996e-06,4.3749999999999996e-06,7.7919999999999552e-06,3.7919999999999664e-06,4.5835040509700775e-06,0.00025216600000000001,786432
65536,measured,64,0,generated,0,1.3166000000000001e-05,8.5839999999999995e-06,1.1832999999999722e-05,6.9999999999999533e-06,4.5001506805419922e-06,0.00026341599999999999,786432
65536,measured,64,1,handwritten,0,9.4159999999999993e-06,4.5410000000000002e-06,8.4570000000003427e-06,3.8749999999999722e-06,4.5835040509700775e-06,0.00026491600000000002,786432
65536,measured,65,0,handwritten,0,8.1669999999999999e-06,1.325e-05,7.3329999999999923e-06,1.1957999999999956e-05,4.6663917601108551e-06,0.00015975000000000001,786432
65536,measured,65,1,generated,0,8.5420000000000005e-06,9.1249999999999999e-06,7.7499999999999444e-06,7.6250000000000363e-06,4.5835040509700775e-06,0.00028966700000000002,786432
65536,measured,66,0,generated,0,1.9707999999999998e-05,1.3667e-05,1.8208000000000026e-05,1.1791000000000037e-05,4.7083012759685516e-06,0.00026304200000000001,786432
65536,measured,66,1,handwritten,0,9.0829999999999993e-06,4.4170000000000002e-06,8.1659999999999892e-06,3.6250000000000475e-06,4.5001506805419922e-06,0.000250833,786432
65536,measured,67,0,handwritten,0,8.3750000000000003e-06,4.0419999999999996e-06,7.5830000000002423e-06,3.4590000000000358e-06,4.625413566827774e-06,0.00015745900000000001,786432
65536,measured,67,1,generated,0,7.7500000000000003e-06,4.0829999999999997e-06,6.9160000000000402e-06,3.5420000000000416e-06,4.6249479055404663e-06,0.00027595799999999998,786432
65536,measured,68,0,generated,0,9.0000000000000002e-06,4.4159999999999997e-06,7.9169999999996465e-06,3.8329999999999614e-06,4.541594535112381e-06,0.00018695800000000001,786432
65536,measured,68,1,handwritten,0,8.3329999999999997e-06,4.2919999999999997e-06,7.5840000000001496e-06,3.7499999999999556e-06,4.625413566827774e-06,0.000158083,786432
65536,measured,69,0,handwritten,0,8.4169999999999992e-06,4.4580000000000003e-06,7.6249999999998194e-06,3.8339999999999772e-06,4.541594535112381e-06,0.000184375,786432
65536,measured,69,1,generated,0,8.4160000000000004e-06,4.1670000000000001e-06,7.6669999999998302e-06,3.6250000000000475e-06,4.6249479055404663e-06,0.00016937500000000001,786432
65536,measured,70,0,generated,0,8.4169999999999992e-06,4.2080000000000002e-06,7.6659999999999229e-06,3.6250000000000475e-06,4.6249479055404663e-06,0.000170125,786432
65536,measured,70,1,handwritten,0,8.4579999999999993e-06,4.1250000000000003e-06,7.6659999999999229e-06,3.5830000000000367e-06,4.6249479055404663e-06,0.00015300000000000001,786432
65536,measured,71,0,handwritten,0,8.3340000000000002e-06,5.1250000000000001e-06,7.5419999999997052e-06,3.6669999999999498e-06,4.6249479055404663e-06,0.00016608399999999999,786432
65536,measured,71,1,generated,0,8.3329999999999997e-06,4.1659999999999996e-06,7.5829999999998086e-06,3.6250000000000475e-06,4.6249479055404663e-06,0.000168958,786432
65536,measured,72,0,generated,0,8.208e-06,4.6249999999999998e-06,7.3750000000000031e-06,4.0829999999999946e-06,4.6249479055404663e-06,0.000199667,786432
65536,measured,72,1,handwritten,0,8.4160000000000004e-06,4.25e-06,7.583999999999716e-06,3.6669999999999498e-06,4.541594535112381e-06,0.000157625,786432
65536,measured,73,0,handwritten,0,8.5830000000000007e-06,4.25e-06,7.7499999999999444e-06,3.6669999999999498e-06,4.5830383896827698e-06,0.00016004100000000001,786432
65536,measured,73,1,generated,0,7.6669999999999996e-06,4.25e-06,6.8749999999999367e-06,3.7089999999999606e-06,4.6249479055404663e-06,0.000235083,786432
65536,measured,74,0,generated,0,8.1659999999999994e-06,4.2919999999999997e-06,7.3750000000000031e-06,3.7919999999999664e-06,4.6249479055404663e-06,0.00018225000000000001,786432
65536,measured,74,1,handwritten,0,8.7499999999999992e-06,1.0458e-05,7.959000000000091e-06,8.2500000000000108e-06,4.541594535112381e-06,0.000200208,786432
65536,measured,75,0,handwritten,0,1.9584000000000001e-05,9.6660000000000003e-06,1.7959000000000117e-05,7.9999999999999776e-06,4.541594535112381e-06,0.00030612499999999997,786432
65536,measured,75,1,generated,0,2.2833e-05,1.2917e-05,2.1123999999999969e-05,1.1792000000000052e-05,4.6249479055404663e-06,0.000265958,786432
65536,measured,76,0,generated,0,9.7079999999999992e-06,5.2079999999999999e-06,8.7920000000000879e-06,4.6249999999999633e-06,4.6249479055404663e-06,0.00023829100000000001,786432
65536,measured,76,1,handwritten,0,2.0917e-05,5.2079999999999999e-06,1.9165999999999715e-05,4.6660000000000668e-06,4.7083012759685516e-06,0.00022608400000000001,786432
65536,measured,77,0,handwritten,0,9.9170000000000001e-06,4.5419999999999999e-06,8.9999999999998935e-06,3.8749999999999722e-06,4.6249479055404663e-06,0.00025841699999999999,786432
65536,measured,77,1,generated,0,9.5000000000000005e-06,4.4170000000000002e-06,8.6669999999999629e-06,3.7080000000000533e-06,4.6249479055404663e-06,0.00022783300000000001,786432
65536,measured,78,0,generated,0,8.9579999999999996e-06,4.5839999999999996e-06,7.9999999999997608e-06,3.7909999999999507e-06,4.6249479055404663e-06,0.00019287500000000001,786432
65536,measured,78,1,handwritten,0,8.4999999999999999e-06,4.4170000000000002e-06,7.6659999999999229e-06,3.8329999999999614e-06,4.6663917601108551e-06,0.000174709,786432
65536,measured,79,0,handwritten,0,8.4999999999999999e-06,4.5839999999999996e-06,7.6659999999999229e-06,3.916999999999983e-06,4.5420601963996887e-06,0.000174542,786432
65536,measured,79,1,generated,0,9.1249999999999999e-06,4.25e-06,8.3750000000001358e-06,3.624999999999939e-06,4.6249479055404663e-06,0.000176167,786432
65536,measured,80,0,generated,0,8.8750000000000006e-06,4.1670000000000001e-06,8.082999999999875e-06,3.624999999999939e-06,4.625413566827774e-06,0.000167792,786432
65536,measured,80,1,handwritten,0,8.2919999999999996e-06,4.0419999999999996e-06,7.4159999999996729e-06,3.5420000000000416e-06,4.6249479055404663e-06,0.0001585,786432
65536,measured,81,0,handwritten,0,8.7499999999999992e-06,4.0829999999999997e-06,8.0000000000001945e-06,3.5829999999999283e-06,4.6668574213981628e-06,0.00017091599999999999,786432
65536,measured,81,1,generated,0,9.7089999999999997e-06,4.3749999999999996e-06,8.5420000000002716e-06,3.7080000000000533e-06,4.5835040509700775e-06,0.00016670899999999999,786432
65536,measured,82,0,generated,0,8.5420000000000005e-06,4.5000000000000001e-06,7.7079999999999337e-06,3.9580000000000864e-06,4.6249479055404663e-06,0.00026166699999999999,786432
65536,measured,82,1,handwritten,0,9.3340000000000008e-06,4.5419999999999999e-06,8.4589999999997237e-06,3.9580000000000864e-06,4.5001506805419922e-06,0.00017033400000000001,786432
65536,measured,83,0,handwritten,0,8.8750000000000006e-06,1.1917e-05,7.9999999999997608e-06,9.2499999999999267e-06,4.6249479055404663e-06,0.000223625,786432
65536,measured,83,1,generated,0,1.9958000000000001e-05,5.6659999999999996e-06,1.8417000000000173e-05,5.1249999999999213e-06,4.5001506805419922e-06,0.00021437499999999999,786432
65536,measured,84,0,generated,0,1.0084e-05,4.5000000000000001e-06,9.040999999999997e-06,4.0000000000000972e-06,4.6249479055404663e-06,0.000209834,786432
65536,measured,84,1,handwritten,0,7.9160000000000001e-06,4.2080000000000002e-06,7.1250000000001867e-06,3.6660000000000425e-06,4.5001506805419922e-06,0.000164458,786432
65536,measured,85,0,handwritten,0,7.7919999999999993e-06,4.5000000000000001e-06,7.0420000000000725e-06,3.8329999999999614e-06,5.8747828006744385e-06,0.00021437499999999999,786432
65536,measured,85,1,generated,0,8.7919999999999998e-06,4.0829999999999997e-06,7.8320000000001513e-06,3.5420000000000416e-06,4.6663917601108551e-06,0.00018574999999999999,786432
65536,measured,86,0,generated,0,1.2625e-05,4.25e-06,1.1208999999999872e-05,3.8340000000000856e-06,4.5001506805419922e-06,0.00017116599999999999,786432
65536,measured,86,1,handwritten,0,8.4999999999999999e-06,4.2919999999999997e-06,7.5409999999997979e-06,3.750000000000064e-06,4.541594535112381e-06,0.00016295799999999999,786432
65536,measured,87,0,handwritten,0,8.1659999999999994e-06,4.2919999999999997e-06,7.4170000000000139e-06,3.6660000000000425e-06,4.4167973101139069e-06,0.00017737499999999999,786432
65536,measured,87,1,generated,0,8.7919999999999998e-06,4.0829999999999997e-06,7.9589999999996573e-06,3.5829999999999283e-06,4.6249479055404663e-06,0.00022491699999999999,786432
65536,measured,88,0,generated,0,7.6249999999999998e-06,3.9999999999999998e-06,6.8339999999998333e-06,3.5000000000000309e-06,4.8750080168247223e-06,0.000172416,786432
65536,measured,88,1,handwritten,0,8.6249999999999996e-06,9.5829999999999996e-06,7.6669999999998302e-06,6.7080000000000178e-06,4.5830383896827698e-06,0.000178958,786432
65536,measured,89,0,handwritten,0,1.8291000000000002e-05,5.75e-06,1.6707999999999827e-05,5.1249999999999213e-06,4.7497451305389404e-06,0.00022100000000000001,786432
65536,measured,89,1,generated,0,7.9999999999999996e-06,4.25e-06,7.1250000000001867e-06,3.7089999999999606e-06,4.5001506805419922e-06,0.000158417,786432
65536,measured,90,0,generated,0,1.9125000000000001e-05,4.2080000000000002e-06,1.8334000000000059e-05,3.7080000000000533e-06,4.6249479055404663e-06,0.000219166,786432
65536,measured,90,1,handwritten,0,1.7416999999999999e-05,4.25e-06,1.6416999999999907e-05,3.750000000000064e-06,4.5001506805419922e-06,0.00016441700000000001,786432
65536,measured,91,0,handwritten,0,9.3749999999999992e-06,4.8749999999999999e-06,8.6249999999999521e-06,4.2919999999999243e-06,4.6249479055404663e-06,0.00021875,786432
65536,measured,91,1,generated,0,9.0839999999999998e-06,5.3750000000000002e-06,7.9160000000001729e-06,4.8750000000001049e-06,4.5001506805419922e-06,0.00018900000000000001,786432
65536,measured,92,0,generated,0,8.9160000000000007e-06,4.1250000000000003e-06,8.1659999999999892e-06,3.5420000000000416e-06,4.7083012759685516e-06,0.000214916,786432
65536,measured,92,1,handwritten,0,9.1670000000000005e-06,4.2919999999999997e-06,8.1659999999999892e-06,3.8329999999999614e-06,4.5835040509700775e-06,0.000144167,786432
65536,measured,93,0,handwritten,0,1.2583e-05,1.1875000000000001e-05,1.1458999999999688e-05,8.7920000000000879e-06,4.4163316488265991e-06,0.00018216599999999999,786432
65536,measured,93,1,generated,0,2.0292000000000002e-05,6.3330000000000002e-06,1.8624000000000071e-05,5.7080000000001019e-06,4.4996850192546844e-06,0.00033279199999999999,786432
65536,measured,94,0,generated,0,1.0499999999999999e-05,4.5000000000000001e-06,9.7079999999997654e-06,3.750000000000064e-06,4.6249479055404663e-06,0.00023149999999999999,786432
65536,measured,94,1,handwritten,0,8.3340000000000002e-06,8.9579999999999996e-06,7.5010000000000354e-06,6.8749999999999367e-06,4.625413566827774e-06,0.00018141699999999999,786432
65536,measured,95,0,handwritten,0,1.9749999999999999e-05,9.5829999999999996e-06,1.8082999999999901e-05,8.2089999999999073e-06,4.6249479055404663e-06,0.00023141700000000001,786432
65536,measured,95,1,generated,0,9.5000000000000005e-06,5.417e-06,8.4590000000001574e-06,4.8330000000000942e-06,4.5001506805419922e-06,0.00027445799999999999,786432
65536,measured,96,0,generated,0,2.0333999999999999e-05,4.8749999999999999e-06,1.7999999999999787e-05,4.2919999999999243e-06,4.6249479055404663e-06,0.00024287500000000001,786432
65536,measured,96,1,handwritten,0,9.4579999999999999e-06,8.541e-06,8.5830000000003751e-06,7.2920000000001057e-06,4.5835040509700775e-06,0.000231208,786432
65536,measured,97,0,handwritten,0,2.1333000000000001e-05,5.2920000000000003e-06,2.0124999999999744e-05,4.7499999999999799e-06,4.6249479055404663e-06,0.000231666,786432
65536,measured,97,1,generated,0,1.0542e-05,1.3542e-05,9.7089999999996728e-06,1.2333000000000005e-05,4.5001506805419922e-06,0.00022516699999999999,786432
65536,measured,98,0,generated,0,3.7792e-05,8.3329999999999997e-06,3.541599999999992e-05,7.0000000000000617e-06,4.4996850192546844e-06,0.00033291700000000001,786432
65536,measured,98,1,handwritten,0,2.0917e-05,8.5420000000000005e-06,1.9334000000000191e-05,7.3329999999999923e-06,4.6249479055404663e-06,0.00022566700000000001,786432
65536,measured,99,0,handwritten,0,9.7909999999999999e-06,4.6670000000000004e-06,8.8329999999997577e-06,3.9160000000000757e-06,4.5001506805419922e-06,0.00017345800000000001,786432
65536,measured,99,1,generated,0,8.0839999999999992e-06,1.0125e-05,7.2090000000002083e-06,8.6249999999999521e-06,4.6249479055404663e-06,0.00024795900000000002,786432
1048576,warmup,0,0,generated,0,0.000516333,0.00027950000000000002,0.00051512400000000048,0.00027583300000000007,5.9249810874462128e-05,0.0012217910000000001,12582912
1048576,warmup,0,1,handwritten,0,0.00033512499999999997,0.00014395799999999999,0.00033320799999999977,0.00014079200000000004,0.00011949986219406128,0.00089212500000000001,12582912
1048576,warmup,1,0,handwritten,0,0.00033929199999999999,0.000104708,0.00033699999999999963,0.00010337499999999995,0.00011404184624552727,0.00084575000000000004,12582912
1048576,warmup,1,1,generated,0,0.00053441700000000003,0.000142125,0.00053087499999999923,0.00014066699999999992,0.00012520840391516685,0.0011468750000000001,12582912
1048576,warmup,2,0,generated,0,0.000203,0.00010691700000000001,0.00020195899999999982,0.00010579199999999995,0.00010850001126527786,0.00066958299999999996,12582912
1048576,warmup,2,1,handwritten,0,0.00018458299999999999,7.025e-05,0.00018362499999999976,6.9417000000000003e-05,0.00010712491348385811,0.00055849999999999997,12582912
1048576,warmup,3,0,handwritten,0,0.00016941600000000001,7.0582999999999998e-05,0.00016854100000000035,7.0040999999999853e-05,9.362492710351944e-05,0.00053633299999999995,12582912
1048576,warmup,3,1,generated,0,0.00020454199999999999,0.00013170799999999999,0.00020287399999999959,0.00012795800000000006,0.00010537495836615562,0.00068362499999999999,12582912
1048576,warmup,4,0,generated,0,0.00027116599999999999,9.1083999999999997e-05,0.00026870800000000031,8.9875000000000111e-05,0.00012800004333257675,0.00083387499999999998,12582912
1048576,warmup,4,1,handwritten,0,0.00017495799999999999,8.2707999999999995e-05,0.00017362500000000017,8.2000000000000042e-05,0.0001549585722386837,0.00056099999999999998,12582912
1048576,warmup,5,0,handwritten,0,0.000224458,9.3416000000000001e-05,0.00022245800000000003,9.2624999999999826e-05,0.00011174986138939857,0.00062612500000000005,12582912
1048576,warmup,5,1,generated,0,0.00027549999999999997,0.000158417,0.00026933300000000007,0.00015724999999999984,0.0001154998317360878,0.00092566700000000003,12582912
1048576,warmup,6,0,generated,0,0.00040095799999999998,0.000118375,0.0003964169999999996,0.00011654099999999995,0.00011658342555165291,0.00092983300000000003,12582912
1048576,warmup,6,1,handwritten,0,0.00028241699999999998,0.00018920800000000001,0.00028041700000000155,0.00018533400000000011,9.6791889518499374e-05,0.00086649999999999997,12582912
1048576,warmup,7,0,handwritten,0,0.00020695899999999999,0.00013629199999999999,0.00020566600000000018,0.00013216699999999987,0.00011587515473365784,0.000687,12582912
1048576,warmup,7,1,generated,0,0.00017470800000000001,9.5834000000000004e-05,0.00017308299999999922,9.4374999999999841e-05,0.00013733329251408577,0.000682166,12582912
1048576,warmup,8,0,generated,0,0.00016979199999999999,0.000118375,0.00016849900000000077,0.00011725000000000017,0.00013512512668967247,0.00065095799999999998,12582912
1048576,warmup,8,1,handwritten,0,0.000298208,0.000113417,0.00029304099999999909,0.00011254099999999986,0.00010312488302588463,0.00074350000000000002,12582912
1048576,warmup,9,0,handwritten,0,0.000188584,8.3916000000000001e-05,0.00018741600000000101,8.3042000000000185e-05,9.8249875009059906e-05,0.00056229200000000004,12582912
1048576,warmup,9,1,generated,0,0.000195291,7.7541999999999997e-05,0.00019395800000000102,7.6792000000000006e-05,0.0001277499832212925,0.00062233299999999998,12582912
1048576,measured,0,0,generated,0,0.00016045799999999999,7.5417e-05,0.00015949999999999992,7.4625000000000039e-05,9.5000024884939194e-05,0.00061062499999999995,12582912
1048576,measured,0,1,handwritten,0,0.000199583,8.1374999999999999e-05,0.00019649999999999876,8.0582999999999957e-05,0.00010766694322228432,0.00062745800000000001,12582912
1048576,measured,1,0,handwritten,0,0.00021954099999999999,0.000119708,0.0002167910000000009,0.00011749999999999998,0.00010004173964262009,0.00073283300000000001,12582912
1048576,measured,1,1,generated,0,0.00017412499999999999,0.00011787500000000001,0.00017258399999999993,0.00011616699999999992,0.00011720834299921989,0.00071029100000000005,12582912
1048576,measured,2,0,generated,0,0.000362708,0.000141583,0.00035620899999999969,0.00013995799999999992,0.00014558341354131699,0.00098091600000000008,12582912
1048576,measured,2,1,handwritten,0,0.00021579100000000001,0.00010333299999999999,0.00021312499999999977,0.00010250000000000016,0.00013045826926827431,0.00079266600000000003,12582912
1048576,measured,3,0,handwritten,0,0.00017450000000000001,0.000160583,0.00017337499999999992,0.00015666700000000009,0.00013195816427469254,0.000740958,12582912
1048576,measured,3,1,generated,0,0.00026350000000000001,0.0001105,0.00025883299999999998,0.00010837499999999996,0.0001338333822786808,0.00095525000000000004,12582912
1048576,measured,4,0,generated,0,0.00048308299999999998,0.000125625,0.00047670800000000103,0.00012366700000000005,0.00034525012597441673,0.0015841659999999999,12582912
1048576,measured,4,1,handwritten,0,0.00031762499999999998,0.00010016700000000001,0.00031516699999999988,9.9209000000000276e-05,0.00017041666433215141,0.00090158299999999996,12582912
1048576,measured,5,0,handwritten,0,0.00034866699999999999,0.00016304199999999999,0.00034504100000000079,0.00015954100000000002,0.0002760002389550209,0.001147917,12582912
1048576,measured,5,1,generated,0,0.00033504200000000002,9.9749999999999999e-05,0.00033254199999999817,9.8875000000000005e-05,0.00014958344399929047,0.00092454199999999999,12582912
1048576,measured,6,0,generated,0,0.00030912499999999999,0.00011062500000000001,0.00029908400000000154,0.00010941699999999967,0.00015079183503985405,0.00082224999999999996,12582912
1048576,measured,6,1,handwritten,0,0.00032345900000000001,0.00017275,0.00032158400000000323,0.00016870800000000005,0.00014754151925444603,0.00097008399999999996,12582912
1048576,measured,7,0,handwritten,0,0.00030279100000000001,7.0875000000000002e-05,0.00030054200000000086,7.0208000000000423e-05,0.000135000329464674,0.00074649999999999998,12582912
1048576,measured,7,1,generated,0,0.000176875,9.3957999999999997e-05,0.00017520799999999961,9.0207999999999608e-05,0.00013158330693840981,0.00063650000000000002,12582912
1048576,measured,8,0,generated,0,0.000179667,7.7625000000000003e-05,0.00017804100000000031,7.6707999999999985e-05,0.00012250011786818504,0.00061749999999999999,12582912
1048576,measured,8,1,handwritten,0,0.00017154099999999999,6.8541999999999995e-05,0.00017016599999999937,6.7832999999999782e-05,0.00011683348566293716,0.00056849999999999999,12582912
1048576,measured,9,0,handwritten,0,0.00016833399999999999,6.5124999999999997e-05,0.00016745899999999828,6.4457999999999877e-05,0.00013024965301156044,0.00056495899999999997,12582912
1048576,measured,9,1,generated,0,0.00021075,6.9666999999999996e-05,0.00020912399999999803,6.887500000000036e-05,0.00014074984937906265,0.00066391699999999998,12582912
1048576,measured,10,0,generated,0,0.00026174999999999999,6.7249999999999995e-05,0.00026033300000000148,6.6624999999999844e-05,0.00012520840391516685,0.00066862499999999995,12582912
1048576,measured,10,1,handwritten,0,0.00022954099999999999,6.5790999999999994e-05,0.00022345900000000224,6.5125000000000079e-05,0.00011866679415106773,0.00062429100000000002,12582912
1048576,measured,11,0,handwritten,0,0.00015691699999999999,6.7291000000000003e-05,0.00015583300000000105,6.6708999999999866e-05,0.00011262483894824982,0.00054220799999999997,12582912
1048576,measured,11,1,generated,0,0.00016650000000000001,7.0166999999999994e-05,0.00016566700000000129,6.9500000000000117e-05,0.00011779181659221649,0.00059541699999999999,12582912
1048576,measured,12,0,generated,0,0.00016120800000000001,8.4542000000000005e-05,0.00016012500000000054,8.3708000000000046e-05,0.00011399993672966957,0.00057437500000000002,12582912
1048576,measured,12,1,handwritten,0,0.00017920800000000001,6.8665999999999996e-05,0.00017791699999999966,6.7750000000000102e-05,0.00013937521725893021,0.00059845799999999995,12582912
1048576,measured,13,0,handwritten,0,0.00019075,7.2792000000000004e-05,0.00018895799999999949,7.2041000000000119e-05,0.00014220830053091049,0.00062770899999999995,12582912
1048576,measured,13,1,generated,0,0.00017245800000000001,9.6916999999999994e-05,0.00017154200000000022,9.5666999999999801e-05,0.00011783372610807419,0.00061983299999999997,12582912
1048576,measured,14,0,generated,0,0.00020745799999999999,7.3583000000000003e-05,0.00020604200000000003,7.2749999999999898e-05,0.00013449974358081818,0.00063770799999999996,12582912
1048576,measured,14,1,handwritten,0,0.00022491699999999999,0.000113083,0.00022387399999999891,0.00011062499999999961,0.00014279177412390709,0.00088637500000000001,12582912
1048576,measured,15,0,handwritten,0,0.000638041,0.00021675000000000001,0.0006339170000000012,0.00021025000000000037,0.00012695835903286934,0.0021854579999999999,12582912
1048576,measured,15,1,generated,0,0.00053562499999999997,0.00026966700000000002,0.000532249999999998,0.00026787499999999988,0.00013362523168325424,0.001540834,12582912
1048576,measured,16,0,generated,0,0.00041820799999999999,0.00013637499999999999,0.00041416600000000053,0.00013341700000000026,0.000138833187520504,0.0013739170000000001,12582912
1048576,measured,16,1,handwritten,0,0.00021695800000000001,0.00013833300000000001,0.00021349999999999841,0.0001355000000000002,0.00014087511226534843,0.00087804099999999998,12582912
1048576,measured,17,0,handwritten,0,0.00026758400000000002,0.00020004199999999999,0.00025737600000000013,0.00019612500000000012,0.0001443750225007534,0.0010100840000000001,12582912
1048576,measured,17,1,generated,0,0.00038058299999999998,0.000210542,0.00037804200000000204,0.00020712499999999984,0.00015375018119812012,0.0011295420000000001,12582912
1048576,measured,18,0,generated,0,0.00058149999999999999,0.00020229199999999999,0.00057712499999999778,0.00019762499999999988,0.00013225013390183449,0.001309834,12582912
1048576,measured,18,1,handwritten,0,0.00019504200000000001,0.000113542,0.0001933749999999991,0.00011279100000000011,0.00013483315706253052,0.00080162500000000004,12582912
1048576,measured,19,0,handwritten,0,0.00046691700000000002,0.00014758300000000001,0.0004609999999999996,0.00014454199999999924,0.00014837505295872688,0.0011994169999999999,12582912
1048576,measured,19,1,generated,0,0.00038212499999999998,0.00014587500000000001,0.00037629200000000029,0.00014262500000000039,0.00015141675248742104,0.001178042,12582912
1048576,measured,20,0,generated,0,0.00038529100000000001,0.00018599999999999999,0.00037924999999999764,0.00018208299999999955,0.00012879166752099991,0.0012250410000000001,12582912
1048576,measured,20,1,handwritten,0,0.00099104199999999992,0.00014616600000000001,0.00098133299999999743,0.00014266700000000083,0.00012125028297305107,0.001586917,12582912
1048576,measured,21,0,handwritten,0,0.00024350000000000001,0.000155709,0.00023954200000000231,0.00015224999999999961,0.00013279169797897339,0.00097075000000000004,12582912
1048576,measured,21,1,generated,0,0.00037183399999999998,0.00014395799999999999,0.00036995800000000009,0.00014033299999999943,0.00015470851212739944,0.0012552500000000001,12582912
1048576,measured,22,0,generated,0,0.00038516700000000001,0.00012641700000000001,0.00038325099999999765,0.00012216599999999994,0.00013412488624453545,0.00099883400000000009,12582912
1048576,measured,22,1,handwritten,0,0.000167959,9.0500000000000004e-05,0.00016583299999999718,8.8542000000000481e-05,0.00011174986138939857,0.00062270900000000004,12582912
1048576,measured,23,0,handwritten,0,0.000183792,0.000146625,0.00018270800000000365,0.00014400000000000003,0.00015262514352798462,0.00076158300000000003,12582912
1048576,measured,23,1,generated,0,0.000185417,9.7458000000000001e-05,0.00018387500000000001,9.6749999999999614e-05,0.00012887502089142799,0.000706542,12582912
1048576,measured,24,0,generated,0,0.000199125,9.2999999999999997e-05,0.00019808400000000115,9.2207999999999873e-05,0.00014487514272332191,0.00071250000000000003,12582912
1048576,measured,24,1,handwritten,0,0.000217042,0.00010545899999999999,0.00021616599999999681,0.00010450000000000043,0.00014095846563577652,0.00064570800000000005,12582912
1048576,measured,25,0,handwritten,0,0.00018404200000000001,9.5707999999999999e-05,0.00018304200000000131,9.4959000000000363e-05,0.00012108311057090759,0.00064183299999999997,12582912
1048576,measured,25,1,generated,0,0.000186334,8.8583000000000002e-05,0.00018533299999999586,8.7666999999999606e-05,0.00012691644951701164,0.00067366699999999997,12582912
1048576,measured,26,0,generated,0,0.00025729099999999999,8.8333999999999998e-05,0.00025558300000000367,8.7666999999999606e-05,0.00013745808973908424,0.00074187500000000002,12582912
1048576,measured,26,1,handwritten,0,0.00017799999999999999,0.000112667,0.00017704200000000225,0.00010858300000000064,0.00011791661381721497,0.00065012499999999999,12582912
1048576,measured,27,0,handwritten,0,0.00022795899999999999,0.000114709,0.00022495799999999733,0.00011262499999999988,0.00014845840632915497,0.00081995899999999999,12582912
1048576,measured,27,1,generated,0,0.000232625,9.5415999999999996e-05,0.00023041699999999665,9.4040999999999569e-05,0.00014499993994832039,0.00080216599999999999,12582912
1048576,measured,28,0,generated,0,0.000217166,9.4208000000000003e-05,0.00020608399999999527,9.3417000000000153e-05,0.00012587523087859154,0.00073354099999999999,12582912
1048576,measured,28,1,handwritten,0,0.00036099999999999999,0.00010495799999999999,0.0003591659999999941,0.00010212499999999979,0.00014083366841077805,0.000923875,12582912
1048576,measured,29,0,handwritten,0,0.000207875,0.00010691700000000001,0.00020495799999999814,0.00010483300000000036,0.00012650014832615852,0.00072945900000000001,12582912
1048576,measured,29,1,generated,0,0.000228125,0.00010370900000000001,0.00022495799999999733,0.00010229200000000035,0.00014833360910415649,0.00080962500000000001,12582912
1048576,measured,30,0,generated,0,0.00020729200000000001,0.00010608299999999999,0.00020450000000000329,0.00010329199999999962,0.00013699987903237343,0.00076862499999999999,12582912
1048576,measured,30,1,handwritten,0,0.00017845799999999999,0.000112458,0.00017729100000000303,0.00011108399999999914,0.00013212487101554871,0.00067912500000000004,12582912
1048576,measured,31,0,handwritten,0,0.00021104199999999999,8.9332999999999993e-05,0.00020870800000000189,8.8332999999999467e-05,0.00013025011867284775,0.00071804200000000001,12582912
1048576,measured,31,1,generated,0,0.00017054200000000001,0.000111,0.00016929200000000144,0.00010983300000000015,0.00011941650882363319,0.00067341700000000005,12582912
1048576,measured,32,0,generated,0,0.00018474999999999999,8.6000000000000003e-05,0.00018316700000000491,8.4749999999999756e-05,0.00012762472033500671,0.00066287500000000005,12582912
1048576,measured,32,1,handwritten,0,0.00018699999999999999,8.5624999999999994e-05,0.00018591599999999431,8.4707999999999312e-05,0.00012195855379104614,0.00062220899999999998,12582912
1048576,measured,33,0,handwritten,0,0.000176417,7.7167000000000002e-05,0.00017549899999999563,7.6167000000000248e-05,0.00013075023889541626,0.00060679199999999999,12582912
1048576,measured,33,1,generated,0,0.00017558299999999999,7.7333e-05,0.0001746249999999977,7.6542000000000623e-05,0.00012533320114016533,0.00062704099999999995,12582912
1048576,measured,34,0,generated,0,0.00022112499999999999,7.7374999999999997e-05,0.00019991800000000032,7.6583999999999333e-05,0.00012900028377771378,0.00065062500000000005,12582912
1048576,measured,34,1,handwritten,0,0.00017987499999999999,7.6291999999999994e-05,0.00017887499999999501,7.5583000000000594e-05,0.00011825002729892731,0.00059208299999999998,12582912
1048576,measured,35,0,handwritten,0,0.00017024999999999999,7.3334e-05,0.00016925000000000273,7.2584000000000537e-05,0.00011758320033550262,0.00056816699999999996,12582912
1048576,measured,35,1,generated,0,0.00017154200000000001,7.5875000000000001e-05,0.00017062600000000011,7.5208999999999693e-05,0.00011891638860106468,0.00061224999999999995,12582912
1048576,measured,36,0,generated,0,0.000176,7.6500000000000003e-05,0.00017504200000000025,7.57910000000004e-05,0.00012074969708919525,0.00059429199999999995,12582912
1048576,measured,36,1,handwritten,0,0.00017233299999999999,7.1082999999999997e-05,0.00017137499999999445,7.0416999999999702e-05,0.00012125028297305107,0.00057408299999999997,12582912
1048576,measured,37,0,handwritten,0,0.00023783300000000001,0.00010445799999999999,0.00023075000000000179,0.00010370900000000044,0.00015624985098838806,0.00084595799999999995,12582912
1048576,measured,37,1,generated,0,0.00019450000000000001,8.6666e-05,0.00019341599999999487,8.5750000000000756e-05,0.00012204144150018692,0.00068400000000000004,12582912
1048576,measured,38,0,generated,0,0.00018179200000000001,8.1833000000000001e-05,0.00018087500000000395,8.11249999999996e-05,0.00012600002810359001,0.00063429199999999995,12582912
1048576,measured,38,1,handwritten,0,0.00016795800000000001,8.1083999999999998e-05,0.00016674999999999329,8.0458000000000265e-05,0.00012400001287460327,0.00059199999999999997,12582912
1048576,measured,39,0,handwritten,0,0.00017666700000000001,7.9042000000000007e-05,0.00017579300000000048,7.8332999999999875e-05,0.00012016668915748596,0.00062366699999999995,12582912
1048576,measured,39,1,generated,0,0.00017837500000000001,8.1958000000000004e-05,0.00017737599999999992,8.1209000000000489e-05,0.00012674974277615547,0.00062541699999999997,12582912
1048576,measured,40,0,generated,0,0.00017170799999999999,8.2292000000000004e-05,0.00017083400000000165,8.154200000000042e-05,0.00012499978765845299,0.00060258299999999996,12582912
1048576,measured,40,1,handwritten,0,0.00019454100000000001,0.000100917,0.00019349999999999923,0.00010012499999999952,0.00015237508341670036,0.00069724999999999995,12582912
1048576,measured,41,0,handwritten,0,0.000210917,8.6834000000000002e-05,0.00020962500000000495,8.5958000000000562e-05,0.00011679157614707947,0.00065241699999999997,12582912
1048576,measured,41,1,generated,0,0.00017395799999999999,7.7040999999999996e-05,0.00017283300000000418,7.6249999999999929e-05,0.0001238333061337471,0.00062104100000000002,12582912
1048576,measured,42,0,generated,0,0.000175417,8.4290999999999996e-05,0.00017445800000000233,8.341700000000056e-05,0.00011916644871234894,0.00060599999999999998,12582912
1048576,measured,42,1,handwritten,0,0.000176708,8.3292000000000001e-05,0.00017575100000000177,8.2583000000000656e-05,0.00013416679576039314,0.00064108299999999997,12582912
1048576,measured,43,0,handwritten,0,0.000397041,0.00012041599999999999,0.00039408399999999594,0.00011720800000000059,0.00013404153287410736,0.001035291,12582912
1048576,measured,43,1,generated,0,0.00044212500000000003,0.00015691699999999999,0.00043662499999999604,0.0001538749999999995,0.00011087488383054733,0.001279917,12582912
1048576,measured,44,0,generated,0,0.000214083,9.1042e-05,0.00021204199999999562,8.9832999999999233e-05,0.00010850001126527786,0.00070641699999999998,12582912
1048576,measured,44,1,handwritten,0,0.00015574999999999999,6.3874999999999994e-05,0.00015466600000000469,6.316699999999939e-05,0.00010970840230584145,0.00054658300000000001,12582912
1048576,measured,45,0,handwritten,0,0.00016100000000000001,6.2916999999999994e-05,0.00016012499999999708,6.2291000000000776e-05,0.00011137500405311584,0.00055383299999999999,12582912
1048576,measured,45,1,generated,0,0.000157417,6.1667000000000004e-05,0.00015649899999999745,6.1042000000000735e-05,0.00010770838707685471,0.00054320900000000001,12582912
1048576,measured,46,0,generated,0,0.00015725,6.1457999999999993e-05,0.00015633400000000103,6.0584000000000679e-05,0.00010895822197198868,0.00054675000000000004,12582912
1048576,measured,46,1,handwritten,0,0.00015650000000000001,6.2249999999999995e-05,0.00015558299999999387,6.1458999999999819e-05,0.00010999990627169609,0.00053637499999999996,12582912
1048576,measured,47,0,handwritten,0,0.00017658300000000001,7.7541999999999997e-05,0.00017570900000000306,7.6707999999999985e-05,0.00012587476521730423,0.00058624999999999997,12582912
1048576,measured,47,1,generated,0,0.00015341700000000001,7.0624999999999996e-05,0.00015254099999999909,6.9916999999999202e-05,0.00011016661301255226,0.00054412500000000001,12582912
1048576,measured,48,0,generated,0,0.00016154099999999999,6.7458000000000004e-05,0.00016058399999999834,6.6791999999999546e-05,0.00010754168033599854,0.00055016600000000004,12582912
1048576,measured,48,1,handwritten,0,0.0001515,6.2292000000000006e-05,0.00015058300000000274,6.162499999999918e-05,0.00010795844718813896,0.00051908399999999995,12582912
1048576,measured,49,0,handwritten,0,0.00015287499999999999,6.5208000000000003e-05,0.00015195800000000065,6.4583999999999475e-05,0.00010795844718813896,0.00052033299999999999,12582912
1048576,measured,49,1,generated,0,0.00015429199999999999,6.2625000000000004e-05,0.00015325000000000061,6.1999999999999555e-05,0.00010804180055856705,0.000539125,12582912
1048576,measured,50,0,generated,0,0.000159541,6.4332999999999995e-05,0.0001585830000000038,6.3666000000000417e-05,0.0001077502965927124,0.00056308300000000003,12582912
1048576,measured,50,1,handwritten,0,0.00015474999999999999,6.1249999999999998e-05,0.00015379199999999982,6.0624999999999915e-05,0.00010787509381771088,0.00052999999999999998,12582912
1048576,measured,51,0,handwritten,0,0.00015979199999999999,6.3167e-05,0.00015879199999999788,6.25420000000005e-05,0.00011166650801897049,0.00053229199999999996,12582912
1048576,measured,51,1,generated,0,0.00016483399999999999,6.2625000000000004e-05,0.00016383399999999465,6.2042e-05,0.00011133356019854546,0.00053237499999999997,12582912
1048576,measured,52,0,generated,0,0.000154,6.5666000000000005e-05,0.00015304199999999907,6.5041999999999531e-05,0.00010870816186070442,0.00055133299999999999,12582912
1048576,measured,52,1,handwritten,0,0.00015529199999999999,6.1624999999999994e-05,0.00015429100000000084,6.1040999999999526e-05,0.00010837474837899208,0.00052950000000000002,12582912
1048576,measured,53,0,handwritten,0,0.00015854199999999999,6.1249999999999998e-05,0.00015754199999999663,6.0624999999999915e-05,0.00010812468826770782,0.00053287500000000004,12582912
1048576,measured,53,1,generated,0,0.00015291600000000001,5.9457999999999999e-05,0.00015191600000000194,5.8499999999999525e-05,0.00010812468826770782,0.00056079100000000005,12582912
1048576,measured,54,0,generated,0,0.00015404200000000001,6.0999999999999999e-05,0.0001530829999999983,6.0374999999999665e-05,0.00010704156011343002,0.00054383399999999998,12582912
1048576,measured,54,1,handwritten,0,0.00015249999999999999,6.2000000000000003e-05,0.0001515829999999968,6.1415999999999901e-05,0.00010787509381771088,0.00051304200000000001,12582912
1048576,measured,55,0,handwritten,0,0.00015845799999999999,6.5500000000000006e-05,0.00015749999999999792,6.4875000000000696e-05,0.00011441670358181,0.00052674999999999998,12582912
1048576,measured,55,1,generated,0,0.000155625,6.2458000000000004e-05,0.00015474900000000263,6.1834000000000194e-05,0.00011445861309766769,0.00050904200000000002,12582912
1048576,measured,56,0,generated,0,0.000155833,6.1709000000000002e-05,0.00015487499999999876,6.1082999999999971e-05,0.00010866671800613403,0.00054350000000000004,12582912
1048576,measured,56,1,handwritten,0,0.00015283300000000001,6.1833000000000002e-05,0.0001518750000000027,6.1208000000000096e-05,0.00010787509381771088,0.00051170800000000004,12582912
1048576,measured,57,0,handwritten,0,0.000157417,6.0124999999999998e-05,0.00015650100000000333,5.9500000000000525e-05,0.0001077502965927124,0.00051691699999999998,12582912
1048576,measured,57,1,generated,0,0.00015750000000000001,7.5500000000000006e-05,0.00015649999999999692,7.4582999999999594e-05,0.00010929163545370102,0.00065470800000000005,12582912
1048576,measured,58,0,generated,0,0.00016170900000000001,6.1916999999999997e-05,0.00016070899999999499,6.1165999999999651e-05,0.00010974984616041183,0.00057633399999999996,12582912
1048576,measured,58,1,handwritten,0,0.00015116700000000001,6.1457999999999993e-05,0.00015020900000000531,6.0792000000000485e-05,0.00010808324441313744,0.000516333,12582912
1048576,measured,59,0,handwritten,0,0.00015604200000000001,6.2249999999999995e-05,0.00015512499999999901,6.15419999999995e-05,0.00012029148638248444,0.00053574999999999998,12582912
1048576,measured,59,1,generated,0,0.000154625,6.1500000000000004e-05,0.00015366699999999622,6.0832999999999721e-05,0.00011287489905953407,0.00048145799999999998,12582912
1048576,measured,60,0,generated,0,0.00015245800000000001,6.1375000000000001e-05,0.00015154099999999809,6.0707999999999596e-05,0.00011075008660554886,0.000535875,12582912
1048576,measured,60,1,handwritten,0,0.000150667,6.0832999999999998e-05,0.00014975000000000405,6.0166999999999859e-05,0.00010895868763327599,0.00051287499999999998,12582912
1048576,measured,61,0,handwritten,0,0.00015187499999999999,6.1291000000000007e-05,0.00015095799999999965,6.066700000000036e-05,0.00010850001126527786,0.00051674999999999996,12582912
1048576,measured,61,1,generated,0,0.000151416,6.1291999999999995e-05,0.00015045799999999915,6.0542000000000235e-05,0.000108291395008564,0.00053008299999999999,12582912
1048576,measured,62,0,generated,0,0.000151125,6.1457999999999993e-05,0.00015016699999999966,6.075000000000004e-05,0.00010783318430185318,0.00053654199999999999,12582912
1048576,measured,62,1,handwritten,0,0.000151791,6.0417000000000001e-05,0.0001508750000000017,5.9791999999999484e-05,0.00010787509381771088,0.00052349999999999999,12582912
1048576,measured,63,0,handwritten,0,0.00015349999999999999,6.1709000000000002e-05,0.00015258399999999728,6.1042000000000735e-05,0.00011187512427568436,0.00052174999999999997,12582912
1048576,measured,63,1,generated,0,0.000157875,6.1667000000000004e-05,0.000156916,6.100000000000029e-05,0.00011333310976624489,0.00054816700000000001,12582912
1048576,measured,64,0,generated,0,0.000158667,6.1749999999999997e-05,0.00015766600000000075,6.0875000000000165e-05,0.00011350028216838837,0.00055979200000000004,12582912
1048576,measured,64,1,handwritten,0,0.00015466699999999999,6.2374999999999998e-05,0.00015366599999999675,6.1375000000000665e-05,0.00011100014671683311,0.00053645899999999998,12582912
1048576,measured,65,0,handwritten,0,0.00015541700000000001,6.1582999999999996e-05,0.00015445899999999568,6.0833000000001455e-05,0.0001105000264942646,0.00054041699999999996,12582912
1048576,measured,65,1,generated,0,0.00015358400000000001,6.1624999999999994e-05,0.00015262499999999651,6.087499999999843e-05,0.00010824995115399361,0.00054304199999999998,12582912
1048576,measured,66,0,generated,0,0.00015300000000000001,6.0207999999999997e-05,0.00015199999999999936,5.9541999999999234e-05,0.00010949978604912758,0.00053737499999999998,12582912
1048576,measured,66,1,handwritten,0,0.00015650000000000001,6.5790999999999994e-05,0.00015550000000000286,6.5042000000001265e-05,0.0001105419360101223,0.00054441600000000004,12582912
1048576,measured,67,0,handwritten,0,0.00017362500000000001,6.4499999999999996e-05,0.00017266600000000187,6.3875000000001431e-05,0.00012612482532858849,0.00058124999999999995,12582912
1048576,measured,67,1,generated,0,0.00016425000000000001,7.2291000000000003e-05,0.00016329200000000238,7.1583999999999537e-05,0.00013462500646710396,0.000600375,12582912
1048576,measured,68,0,generated,0,0.00016504200000000001,7.1291999999999994e-05,0.00016404099999999672,7.0666999999999952e-05,0.00011912500485777855,0.00058120899999999996,12582912
1048576,measured,68,1,handwritten,0,0.00015912500000000001,6.1707999999999999e-05,0.00015820799999999996,6.1042000000000735e-05,0.00011325022205710411,0.00053816699999999999,12582912
1048576,measured,69,0,handwritten,0,0.000154167,6.1458999999999996e-05,0.00015320799999999496,6.087499999999843e-05,0.00010837521404027939,0.00052012499999999997,12582912
1048576,measured,69,1,generated,0,0.000151834,6.1667000000000004e-05,0.00015091600000000094,6.1041000000001261e-05,0.00010837521404027939,0.00054279199999999995,12582912
1048576,measured,70,0,generated,0,0.00015200000000000001,5.9500000000000003e-05,0.00015104199999999707,5.8749999999999775e-05,0.00010787509381771088,0.00054612499999999995,12582912
1048576,measured,70,1,handwritten,0,0.00015449999999999999,5.9667000000000003e-05,0.00015350100000000033,5.9000000000000025e-05,0.00010925019159913063,0.00052775000000000001,12582912
1048576,measured,71,0,handwritten,0,0.00015420899999999999,6.0374999999999997e-05,0.00015325100000000008,5.9750000000000775e-05,0.00011583324521780014,0.00052754199999999998,12582912
1048576,measured,71,1,generated,0,0.00015412499999999999,6.0791999999999997e-05,0.0001532080000000019,6.0166999999999859e-05,0.00012920843437314034,0.00055579200000000005,12582912
1048576,measured,72,0,generated,0,0.000153292,6.1667000000000004e-05,0.0001523750000000032,6.1082999999999971e-05,0.00010887486860156059,0.0005375,12582912
1048576,measured,72,1,handwritten,0,0.00015175,6.0791999999999997e-05,0.00015079200000000376,6.0207999999999096e-05,0.00011100014671683311,0.00052412499999999996,12582912
1048576,measured,73,0,handwritten,0,0.000152416,6.0625000000000003e-05,0.00015141700000000091,6.0041999999999734e-05,0.00010837474837899208,0.00051625,12582912
1048576,measured,73,1,generated,0,0.000158667,6.05e-05,0.00015774999999999817,5.9957999999998846e-05,0.0001088753342628479,0.00054579200000000002,12582912
1048576,measured,74,0,generated,0,0.00015137500000000001,6.1416999999999998e-05,0.00015045899999999862,6.0791000000001011e-05,0.00010887486860156059,0.00052762499999999999,12582912
1048576,measured,74,1,handwritten,0,0.000155375,6.0999999999999999e-05,0.00015445900000000262,6.03750000000014e-05,0.00010749977082014084,0.00052562500000000005,12582912
1048576,measured,75,0,handwritten,0,0.00016100000000000001,7.2292000000000005e-05,0.0001600830000000053,7.1499999999998648e-05,0.00011208374053239822,0.00053670900000000001,12582912
1048576,measured,75,1,generated,0,0.00016100000000000001,6.5124999999999997e-05,0.00016004199999999913,6.4499999999998586e-05,0.00012066634371876717,0.00057470899999999996,12582912
1048576,measured,76,0,generated,0,0.000157625,6.1875e-05,0.0001567080000000054,6.1292000000000985e-05,0.00011300016194581985,0.00054629199999999998,12582912
1048576,measured,76,1,handwritten,0,0.00015733399999999999,6.1333000000000004e-05,0.00015637500000000026,6.0749999999998305e-05,0.00011349981650710106,0.00053687500000000003,12582912
1048576,measured,77,0,handwritten,0,0.00015799999999999999,6.2292000000000006e-05,0.00015704200000000307,6.1708000000000596e-05,0.00011541694402694702,0.00054187500000000004,12582912
1048576,measured,77,1,generated,0,0.000157708,6.4665999999999994e-05,0.00015679199999999588,6.4042000000000265e-05,0.00010912492871284485,0.00054158299999999999,12582912
1048576,measured,78,0,generated,0,0.00016320899999999999,6.7791000000000002e-05,0.00016220799999999702,6.7166999999999921e-05,0.00010937545448541641,0.00055029199999999997,12582912
1048576,measured,78,1,handwritten,0,0.00015699999999999999,6.6249999999999998e-05,0.00015604199999999513,6.5666999999998421e-05,0.0001093749888241291,0.00054516600000000003,12582912
1048576,measured,79,0,handwritten,0,0.00019620799999999999,8.1167000000000004e-05,0.00019529299999999916,8.0416999999999295e-05,0.00013795867562294006,0.00060591699999999998,12582912
1048576,measured,79,1,generated,0,0.00017100000000000001,7.0166000000000005e-05,0.00017012500000000014,6.9584000000001006e-05,0.00013074977323412895,0.00060024999999999998,12582912
1048576,measured,80,0,generated,0,0.00016175,6.3083000000000006e-05,0.00016083299999999912,6.2459000000000819e-05,0.0001127501018345356,0.00055079200000000004,12582912
1048576,measured,80,1,handwritten,0,0.00017629200000000001,6.4665999999999994e-05,0.00017537500000000539,6.4000000000001556e-05,0.00012800004333257675,0.00057799999999999995,12582912
1048576,measured,81,0,handwritten,0,0.000164,6.6208e-05,0.0001631240000000006,6.5583000000001002e-05,0.00011083343997597694,0.00053558399999999997,12582912
1048576,measured,81,1,generated,0,0.00017008299999999999,7.4791999999999998e-05,0.00016916599999999837,7.4207999999999219e-05,0.00011866632848978043,0.00059104100000000005,12582912
1048576,measured,82,0,generated,0,0.000164833,6.3499999999999999e-05,0.0001638760000000003,6.2915999999999667e-05,0.0001127081923186779,0.00055737500000000004,12582912
1048576,measured,82,1,handwritten,0,0.00017891599999999999,6.7292000000000006e-05,0.0001779999999999976,6.6582999999998532e-05,0.00012375041842460632,0.00057474999999999996,12582912
1048576,measured,83,0,handwritten,0,0.00015712500000000001,7.2249999999999994e-05,0.00015616699999999872,7.1666000000001479e-05,0.00012662541121244431,0.00055454199999999999,12582912
1048576,measured,83,1,generated,0,0.00026033399999999998,8.3290999999999999e-05,0.00025529100000000471,8.2709000000000255e-05,0.00015570828691124916,0.00069562499999999995,12582912
1048576,measured,84,0,generated,0,0.00015566700000000001,7.1833000000000002e-05,0.00015474900000000957,7.1207999999999688e-05,0.00010987464338541031,0.00056516699999999999,12582912
1048576,measured,84,1,handwritten,0,0.00015912500000000001,8.6082999999999996e-05,0.00015812499999999508,8.5249999999998521e-05,0.00013112509623169899,0.00058937499999999995,12582912
1048576,measured,85,0,handwritten,0,0.000175,0.00010225000000000001,0.00017379199999999206,0.00010137500000000077,0.00011837529018521309,0.0006045,12582912
1048576,measured,85,1,generated,0,0.00017245800000000001,8.6082999999999996e-05,0.00017145899999999881,8.5458000000000062e-05,0.00012899981811642647,0.00062250000000000001,12582912
1048576,measured,86,0,generated,0,0.00016604099999999999,7.2665999999999998e-05,0.00016504200000000413,7.2042000000001327e-05,0.0001166253350675106,0.00059508300000000005,12582912
1048576,measured,86,1,handwritten,0,0.00016404200000000001,9.3459000000000001e-05,0.00016308200000000883,9.2749999999999083e-05,0.00013116700574755669,0.00059820900000000005,12582912
1048576,measured,87,0,handwritten,0,0.000168541,8.0333000000000005e-05,0.00016762399999999122,7.974999999999996e-05,0.00012687500566244125,0.00060158300000000004,12582912
1048576,measured,87,1,generated,0,0.000174916,9.1625000000000005e-05,0.00017404100000001366,9.0916999999999387e-05,0.00012733321636915207,0.00061950000000000004,12582912
1048576,measured,88,0,generated,0,0.00016954200000000001,7.3208999999999997e-05,0.00016862500000000558,7.2458000000000938e-05,0.00012062489986419678,0.00058770899999999995,12582912
1048576,measured,88,1,handwritten,0,0.000162292,8.9332999999999993e-05,0.00016137600000000474,8.8667000000000606e-05,0.0001227501779794693,0.00057670799999999999,12582912
1048576,measured,89,0,handwritten,0,0.00017412499999999999,8.7750000000000005e-05,0.00017316600000000237,8.7125000000000397e-05,0.00012887502089142799,0.00059441699999999997,12582912
1048576,measured,89,1,generated,0,0.000168042,9.2041999999999997e-05,0.00016704099999999278,9.1250000000001052e-05,0.0001260414719581604,0.00063283399999999998,12582912
1048576,measured,90,0,generated,0,0.000183792,8.9375000000000004e-05,0.00018279100000000159,8.8749999999998552e-05,0.00013037538155913353,0.00062662500000000001,12582912
1048576,measured,90,1,handwritten,0,0.00017204199999999999,8.8125000000000001e-05,0.00017116699999999985,8.7457999999998592e-05,0.0001360834576189518,0.00060391700000000004,12582912
1048576,measured,91,0,handwritten,0,0.00017325000000000001,8.2750000000000006e-05,0.00017241699999999416,8.2083000000000156e-05,0.00013724993914365768,0.00053958299999999995,12582912
1048576,measured,91,1,generated,0,0.00017654199999999999,8.1042000000000001e-05,0.00017512500000001208,8.0415999999999821e-05,0.00012454157695174217,0.00061991699999999999,12582912
1048576,measured,92,0,generated,0,0.000175625,7.5791999999999995e-05,0.00017470899999999512,7.5208000000000219e-05,0.00012562517076730728,0.00060391700000000004,12582912
1048576,measured,92,1,handwritten,0,0.00018058399999999999,6.9624999999999998e-05,0.0001791659999999945,6.9041999999998327e-05,0.00011812476441264153,0.00062545899999999998,12582912
1048576,measured,93,0,handwritten,0,0.00015449999999999999,6.0958000000000001e-05,0.0001535829999999988,6.03750000000014e-05,0.00010891677811741829,0.00051900000000000004,12582912
1048576,measured,93,1,generated,0,0.0001515,6.1500000000000004e-05,0.00015058400000000915,6.091700000000061e-05,0.00010795844718813896,0.00054495800000000001,12582912
1048576,measured,94,0,generated,0,0.00015041699999999999,6.3999999999999997e-05,0.00014949999999999686,6.3332999999998751e-05,0.0001149582676589489,0.00057729199999999997,12582912
1048576,measured,94,1,handwritten,0,0.00015224999999999999,6.2042e-05,0.00015129099999999784,6.141700000000111e-05,0.00011316640302538872,0.000532542,12582912
1048576,measured,95,0,handwritten,0,0.00015224999999999999,6.2500000000000001e-05,0.00015125000000000555,6.187499999999943e-05,0.00011183321475982666,0.00051441599999999996,12582912
1048576,measured,95,1,generated,0,0.000152709,7.1958000000000005e-05,0.00015175000000000605,7.1292000000000577e-05,0.0001116250641644001,0.00054954199999999998,12582912
1048576,measured,96,0,generated,0,0.000155959,5.9959e-05,0.00015504200000000801,5.933300000000169e-05,0.00011233333498239517,0.00054750000000000003,12582912
1048576,measured,96,1,handwritten,0,0.000157708,5.9249999999999997e-05,0.0001567080000000054,5.8665999999998886e-05,0.00010824995115399361,0.000535083,12582912
1048576,measured,97,0,handwritten,0,0.00015449999999999999,5.8916999999999999e-05,0.0001535829999999988,5.8249999999999275e-05,0.00010783318430185318,0.00051449999999999998,12582912
1048576,measured,97,1,generated,0,0.00015650000000000001,5.9917000000000002e-05,0.00015558200000000133,5.93750000000004e-05,0.00010862527415156364,0.00054283399999999996,12582912
1048576,measured,98,0,generated,0,0.00015233299999999999,6.1791999999999994e-05,0.00015133399999998909,6.1208000000000096e-05,0.00010920828208327293,0.00052824999999999997,12582912
1048576,measured,98,1,handwritten,0,0.000156083,5.9333000000000003e-05,0.00015516699999999772,5.8749999999999775e-05,0.0001127501018345356,0.00052091599999999996,12582912
1048576,measured,99,0,handwritten,0,0.00015387500000000001,5.8833999999999999e-05,0.00015291700000000241,5.8208000000000565e-05,0.00011533312499523163,0.00051545900000000001,12582912
1048576,measured,99,1,generated,0,0.000150791,5.9166999999999998e-05,0.00014983200000000252,5.858300000000094e-05,0.00010812468826770782,0.00052620800000000001,12582912
16777216,warmup,0,0,generated,0,0.021310916999999999,0.0059364999999999999,0.021304417000000006,0.0059344999999999988,0.0017872080206871033,0.037331749999999997,201326592
16777216,warmup,0,1,handwritten,0,0.0070349160000000004,0.0012348750000000001,0.0070330420000000032,0.0012336670000000008,0.001721083652228117,0.010399333,201326592
16777216,warmup,1,0,handwritten,0,0.0024705,0.00131675,0.0024673750000000078,0.0013157919999999997,0.0016599581576883793,0.0058400409999999998,201326592
16777216,warmup,1,1,generated,0,0.002586292,0.0012149579999999999,0.0025835830000000004,0.0012139999999999998,0.0016584582626819611,0.0058416249999999996,201326592
16777216,warmup,2,0,generated,0,0.002518125,0.001290125,0.0025170429999999966,0.0012891669999999973,0.0017647081986069679,0.0058069590000000004,201326592
16777216,warmup,2,1,handwritten,0,0.0034434159999999999,0.001308708,0.0033883759999999985,0.0013076669999999985,0.0017341668717563152,0.0068645829999999996,201326592
16777216,warmup,3,0,handwritten,0,0.0027060420000000001,0.001234625,0.002702374999999993,0.0012327499999999977,0.0017897081561386585,0.0061532089999999998,201326592
16777216,warmup,3,1,generated,0,0.0026141250000000001,0.0012884579999999999,0.0026120410000000094,0.0012865000000000029,0.0017778747715055943,0.0061413329999999997,201326592
16777216,warmup,4,0,generated,0,0.0026965410000000002,0.001310208,0.0026922500000000071,0.0013089999999999977,0.0017081252299249172,0.0061163750000000003,201326592
16777216,warmup,4,1,handwritten,0,0.002560667,0.001602291,0.0025587079999999929,0.0015999579999999985,0.0018434999510645866,0.0064175830000000001,201326592
16777216,warmup,5,0,handwritten,0,0.0026594169999999999,0.001402833,0.0026561669999999871,0.001400916000000002,0.0017152498476207256,0.006175542,201326592
16777216,warmup,5,1,generated,0,0.0025130830000000002,0.001262708,0.002510332000000004,0.0012612499999999985,0.0017769164405763149,0.005976416,201326592
16777216,warmup,6,0,generated,0,0.0025776250000000001,0.0012923749999999999,0.002574333000000012,0.0012911249999999971,0.0016760001890361309,0.0059435,201326592
16777216,warmup,6,1,handwritten,0,0.0025444579999999999,0.001301083,0.0025422499999999959,0.001299792000000001,0.0017632497474551201,0.0059824580000000004,201326592
16777216,warmup,7,0,handwritten,0,0.0025912090000000001,0.001223792,0.0025887510000000002,0.0012225420000000001,0.0017701666802167892,0.0059214589999999996,201326592
16777216,warmup,7,1,generated,0,0.0027711670000000002,0.0013604590000000001,0.0027668329999999963,0.0013589580000000004,0.0017752498388290405,0.0063750839999999996,201326592
16777216,warmup,8,0,generated,0,0.0028336659999999999,0.0013860000000000001,0.0028294999999999848,0.001384541000000003,0.0017436249181628227,0.0062122499999999999,201326592
16777216,warmup,8,1,handwritten,0,0.002835667,0.001671,0.0028317079999999883,0.0016694589999999981,0.0017108749598264694,0.0066187920000000001,201326592
16777216,warmup,9,0,handwritten,0,0.00279875,0.0013248750000000001,0.0027955000000000063,0.0013235830000000032,0.0017367084510624409,0.0060650419999999997,201326592
16777216,warmup,9,1,generated,0,0.0024099170000000001,0.001283333,0.0024078750000000038,0.001282417000000001,0.0017189583741128445,0.0058658750000000004,201326592
16777216,measured,0,0,generated,0,0.0025057500000000002,0.0013057909999999999,0.0025046249999999826,0.0013049170000000027,0.0016537499614059925,0.0058951250000000002,201326592
16777216,measured,0,1,handwritten,0,0.0025968330000000002,0.0012136250000000001,0.0025941260000000022,0.0012127089999999993,0.0017004166729748249,0.0058727500000000004,201326592
16777216,measured,1,0,handwritten,0,0.0024157919999999999,0.0012795409999999999,0.002411207999999998,0.0012788339999999995,0.0017210831865668297,0.0058247919999999996,201326592
16777216,measured,1,1,generated,0,0.002607084,0.001343833,0.0026051659999999921,0.0013427499999999967,0.0016923747025430202,0.0060579170000000003,201326592
16777216,measured,2,0,generated,0,0.0026051669999999998,0.0012121670000000001,0.0026028749999999767,0.0012111250000000004,0.001660333015024662,0.0058717500000000002,201326592
16777216,measured,2,1,handwritten,0,0.0024260409999999999,0.001276541,0.0024249169999999987,0.0012755829999999968,0.001786625012755394,0.0058962909999999997,201326592
16777216,measured,3,0,handwritten,0,0.0029989579999999999,0.0013597920000000001,0.0029959170000000146,0.0013588750000000024,0.001683791633695364,0.0064412499999999999,201326592
16777216,measured,3,1,generated,0,0.0026682910000000002,0.001286625,0.0026657910000000007,0.0012858749999999988,0.0017499164678156376,0.0060968749999999999,201326592
16777216,measured,4,0,generated,0,0.0025360830000000002,0.0012469169999999999,0.0025349159999999982,0.0012460839999999945,0.0017192917875945568,0.0059287080000000004,201326592
16777216,measured,4,1,handwritten,0,0.0024028330000000001,0.001304417,0.002401541000000007,0.0013034579999999935,0.001665208488702774,0.0057541659999999998,201326592
16777216,measured,5,0,handwritten,0,0.002555875,0.0012092089999999999,0.0025546260000000043,0.0012084170000000033,0.001653249841183424,0.0057685419999999998,201326592
16777216,measured,5,1,generated,0,0.0024901670000000002,0.0012427079999999999,0.002489083000000003,0.0012418329999999977,0.0017531253397464752,0.0058920830000000002,201326592
16777216,measured,6,0,generated,0,0.002553292,0.0012362079999999999,0.0025520410000000049,0.0012350829999999979,0.0016696667298674583,0.0058652499999999998,201326592
16777216,measured,6,1,handwritten,0,0.0025999159999999999,0.0012138749999999999,0.0025975420000000082,0.0012100000000000027,0.0016673333011567593,0.0058467500000000004,201326592
16777216,measured,7,0,handwritten,0,0.0026976249999999999,0.0013124580000000001,0.0026965419999999962,0.001310875000000003,0.0017102500423789024,0.0061144169999999996,201326592
16777216,measured,7,1,generated,0,0.0024382499999999999,0.001187916,0.0024371660000000184,0.0011869580000000018,0.0016657081432640553,0.0056939160000000003,201326592
16777216,measured,8,0,generated,0,0.0024981249999999999,0.001240959,0.0024970009999999987,0.0012399589999999988,0.0016907085664570332,0.0058495839999999997,201326592
16777216,measured,8,1,handwritten,0,0.0024745420000000001,0.0012413750000000001,0.0024734999999999896,0.0012405830000000034,0.0016655419021844864,0.0057569589999999999,201326592
16777216,measured,9,0,handwritten,0,0.0024628330000000002,0.0011994589999999999,0.0024603749999999869,0.0011985830000000031,0.0016648750752210617,0.0056696669999999998,201326592
16777216,measured,9,1,generated,0,0.0024480410000000002,0.0012082919999999999,0.0024469579999999991,0.0012072499999999931,0.0016732499934732914,0.0057494579999999998,201326592
16777216,measured,10,0,generated,0,0.0024585420000000002,0.0012596249999999999,0.0024569170000000029,0.0012587500000000029,0.0016999584622681141,0.0058335000000000001,201326592
16777216,measured,10,1,handwritten,0,0.002418917,0.0011952079999999999,0.0024174590000000107,0.0011938330000000053,0.0016996664926409721,0.0057579170000000004,201326592
16777216,measured,11,0,handwritten,0,0.0024380830000000002,0.0012130419999999999,0.0024370000000000225,0.0012118329999999955,0.0017029168084263802,0.0057725830000000004,201326592
16777216,measured,11,1,generated,0,0.002417083,0.001194,0.0024159999999999737,0.0011930420000000053,0.0016789580695331097,0.0057138329999999998,201326592
16777216,measured,12,0,generated,0,0.0024659999999999999,0.0012457080000000001,0.0024637080000000089,0.0012449169999999982,0.0016593332402408123,0.0057933330000000003,201326592
16777216,measured,12,1,handwritten,0,0.0024663340000000001,0.001183375,0.0024651659999999631,0.001182417000000005,0.0016470002010464668,0.0056983750000000003,201326592
16777216,measured,13,0,handwritten,0,0.0024372090000000001,0.001276625,0.0024357919999999922,0.0012755420000000045,0.0017125834710896015,0.0058274590000000001,201326592
16777216,measured,13,1,generated,0,0.0026572079999999999,0.0012288749999999999,0.0026561250000000092,0.0012279590000000007,0.0017856252379715443,0.0060897909999999998,201326592
16777216,measured,14,0,generated,0,0.0024879590000000001,0.00125625,0.0024858329999999929,0.0012555000000000066,0.0016627502627670765,0.0057914589999999997,201326592
16777216,measured,14,1,handwritten,0,0.0026456660000000001,0.0013511669999999999,0.0026442499999999591,0.0013493329999999942,0.0017874999903142452,0.0061461249999999997,201326592
16777216,measured,15,0,handwritten,0,0.0034089160000000001,0.0013570839999999999,0.0034040000000000181,0.0013555420000000012,0.001785624772310257,0.0068126250000000001,201326592
16777216,measured,15,1,generated,0,0.0027524160000000002,0.0012381670000000001,0.0027506669999999844,0.0012368749999999984,0.0017252499237656593,0.00613775,201326592
16777216,measured,16,0,generated,0,0.002591959,0.0013525,0.0025908330000000146,0.001351000000000005,0.0016563748940825462,0.0059752920000000001,201326592
16777216,measured,16,1,handwritten,0,0.0025238750000000001,0.0012385829999999999,0.002522416999999999,0.0012370419999999938,0.0017960001714527607,0.0059122920000000004,201326592
16777216,measured,17,0,handwritten,0,0.002627917,0.0012026249999999999,0.0026252499999999679,0.0012014999999999942,0.0017421664670109749,0.0059510420000000001,201326592
16777216,measured,17,1,generated,0,0.0025847919999999998,0.0012268750000000001,0.0025833340000000482,0.0012260000000000049,0.0016721668653190136,0.0058535840000000002,201326592
16777216,measured,18,0,generated,0,0.0028581660000000001,0.0014521670000000001,0.002856957999999965,0.0014513750000000047,0.0017656246200203896,0.0065124579999999996,201326592
16777216,measured,18,1,handwritten,0,0.0030669170000000002,0.001471417,0.003064832999999989,0.0014675829999999945,0.0017479164525866508,0.0067292920000000004,201326592
16777216,measured,19,0,handwritten,0,0.0032034160000000002,0.0013907500000000001,0.0031947079999999906,0.0013884589999999947,0.0028340830467641354,0.0078372500000000005,201326592
16777216,measured,19,1,generated,0,0.0026857500000000002,0.0017366250000000001,0.0026821660000000414,0.0017337089999999999,0.0022351248189806938,0.007097417,201326592
16777216,measured,20,0,generated,0,0.0026431670000000001,0.001301041,0.0026378340000000056,0.0012998750000000059,0.0016833748668432236,0.0060430830000000003,201326592
16777216,measured,20,1,handwritten,0,0.0027445830000000001,0.001349666,0.0027407499999999585,0.0013485830000000004,0.0016906252130866051,0.0062172080000000001,201326592
16777216,measured,21,0,handwritten,0,0.0024297500000000001,0.00119125,0.0024277500000000063,0.0011901670000000059,0.0017012497410178185,0.0057534580000000004,201326592
16777216,measured,21,1,generated,0,0.0024393330000000001,0.0012046660000000001,0.0024369169999999829,0.0012039169999999988,0.0016720416024327278,0.0057810409999999998,201326592
16777216,measured,22,0,generated,0,0.0026187910000000001,0.001177792,0.002617625999999984,0.0011766670000000062,0.001660957932472229,0.0059109999999999996,201326592
16777216,measured,22,1,handwritten,0,0.0024803749999999999,0.001190792,0.0024777089999999946,0.0011894590000000038,0.0016786251217126846,0.0058149580000000003,201326592
16777216,measured,23,0,handwritten,0,0.0024359590000000001,0.001191417,0.0024342079999999933,0.0011904580000000053,0.0016757501289248466,0.0057785839999999998,201326592
16777216,measured,23,1,generated,0,0.002444416,0.001268417,0.0024422499999999792,0.0012676249999999945,0.0016923751682043076,0.005849875,201326592
16777216,measured,24,0,generated,0,0.0024020000000000001,0.001184959,0.0024007079999999736,0.0011839579999999988,0.0016751666553318501,0.0056841670000000004,201326592
16777216,measured,24,1,handwritten,0,0.002394958,0.0012828329999999999,0.00239241699999998,0.0012820000000000054,0.0016778334975242615,0.0057889159999999999,201326592
16777216,measured,25,0,handwritten,0,0.0024211250000000001,0.0011900840000000001,0.0024197069999999932,0.0011892079999999972,0.00166675029322505,0.0057032910000000001,201326592
16777216,measured,25,1,generated,0,0.0024847910000000001,0.001254125,0.0024835819999999842,0.0012530830000000021,0.0016738749109208584,0.0058375830000000004,201326592
16777216,measured,26,0,generated,0,0.002481834,0.0011930409999999999,0.0024800839999999935,0.0011922080000000002,0.0016647917218506336,0.0057721250000000003,201326592
16777216,measured,26,1,handwritten,0,0.0028196250000000001,0.001238208,0.0028173329999999774,0.001237000000000002,0.0016978750936686993,0.0062044580000000004,201326592
16777216,measured,27,0,handwritten,0,0.0024394579999999998,0.001217084,0.0024370420000000004,0.0012160420000000005,0.0017264168709516525,0.0058149170000000002,201326592
16777216,measured,27,1,generated,0,0.0025752090000000002,0.001540708,0.0025726249999999951,0.0015374580000000054,0.0017020832747220993,0.0063173750000000001,201326592
16777216,measured,28,0,generated,0,0.0024446670000000002,0.001254291,0.0024414989999999581,0.0012532910000000036,0.0016666669398546219,0.0058401249999999998,201326592
16777216,measured,28,1,handwritten,0,0.0025287920000000002,0.001298125,0.0025270000000000015,0.0012965839999999895,0.0017012497410178185,0.0060047080000000001,201326592
16777216,measured,29,0,handwritten,0,0.0025423329999999999,0.0013776249999999999,0.0025391670000000088,0.0013741670000000095,0.0016964999958872795,0.0060428749999999996,201326592
16777216,measured,29,1,generated,0,0.0025722919999999999,0.001306459,0.0025620839999999645,0.0013047079999999878,0.0017053750343620777,0.0059942090000000003,201326592
16777216,measured,30,0,generated,0,0.002827708,0.0013528749999999999,0.0028232510000000266,0.0013511669999999865,0.0017248750664293766,0.0061795000000000001,201326592
16777216,measured,30,1,handwritten,0,0.0026257920000000001,0.001227959,0.0026225839999999834,0.0012265419999999971,0.0016919998452067375,0.0059441670000000002,201326592
16777216,measured,31,0,handwritten,0,0.002595375,0.0012925840000000001,0.0025924589999999914,0.0012912499999999938,0.0017810831777751446,0.0059137920000000002,201326592
16777216,measured,31,1,generated,0,0.0028110000000000001,0.0014027499999999999,0.0028072510000000106,0.0014010000000000133,0.0018002497963607311,0.0064746250000000003,201326592
16777216,measured,32,0,generated,0,0.0028844579999999999,0.001287542,0.0028799579999999603,0.0012859159999999981,0.0018365001305937767,0.0065251670000000001,201326592
16777216,measured,32,1,handwritten,0,0.002770125,0.001350041,0.0027659579999999573,0.0013485829999999865,0.0017163748852908611,0.0062074169999999998,201326592
16777216,measured,33,0,handwritten,0,0.0024895830000000001,0.001242958,0.0024875420000000092,0.0012414580000000008,0.0017487085424363613,0.005887041,201326592
16777216,measured,33,1,generated,0,0.0027717919999999999,0.0015144589999999999,0.002768875000000004,0.0015130839999999979,0.0016960417851805687,0.0063826669999999999,201326592
16777216,measured,34,0,generated,0,0.0025024589999999998,0.0012158749999999999,0.0024992909999999591,0.0012144159999999959,0.00178537517786026,0.0059718749999999998,201326592
16777216,measured,34,1,handwritten,0,0.0027221250000000002,0.001271042,0.0027172499999999489,0.0012694580000000011,0.0017680414021015167,0.0061334170000000004,201326592
16777216,measured,35,0,handwritten,0,0.0027074999999999998,0.0014285420000000001,0.0027034169999999857,0.0014269169999999998,0.0016836249269545078,0.0060200829999999999,201326592
16777216,measured,35,1,generated,0,0.002678125,0.001394791,0.0026745830000000081,0.0013929579999999997,0.0018323753029108047,0.0063374579999999998,201326592
16777216,measured,36,0,generated,0,0.0026652910000000002,0.0014980830000000001,0.002661999000000026,0.0014955829999999948,0.0017020413652062416,0.0063548750000000003,201326592
16777216,measured,36,1,handwritten,0,0.0025408330000000002,0.0012187089999999999,0.0025364999999999971,0.0012173339999999866,0.001662250142544508,0.0058812910000000003,201326592
16777216,measured,37,0,handwritten,0,0.0025388339999999998,0.001343583,0.0025360829999999668,0.0013422499999999893,0.0018101665191352367,0.0061336669999999998,201326592
16777216,measured,37,1,generated,0,0.0024312079999999998,0.0012116659999999999,0.0024299589999999816,0.0012101250000000063,0.0016892082057893276,0.0058043330000000001,201326592
16777216,measured,38,0,generated,0,0.002719792,0.0012429170000000001,0.00271674999999999,0.0012417919999999916,0.0016751666553318501,0.0061193749999999998,201326592
16777216,measured,38,1,handwritten,0,0.0028425410000000001,0.001377042,0.0028385000000000216,0.0013750409999999935,0.0017126253806054592,0.0063873330000000002,201326592
16777216,measured,39,0,handwritten,0,0.0025678749999999998,0.0012019999999999999,0.0025654999999999983,0.0012010420000000133,0.0016826251521706581,0.0059012500000000002,201326592
16777216,measured,39,1,generated,0,0.0026201660000000002,0.0014441250000000001,0.0026181259999999984,0.0014432920000000127,0.0017661247402429581,0.0062941660000000003,201326592
16777216,measured,40,0,generated,0,0.0028127500000000001,0.001271,0.0028091670000000013,0.0012697080000000083,0.0016767499037086964,0.0062427919999999996,201326592
16777216,measured,40,1,handwritten,0,0.0026314160000000001,0.001407667,0.0026289989999999652,0.0014061250000000081,0.0018019997514784336,0.0063102499999999999,201326592
16777216,measured,41,0,handwritten,0,0.0025377080000000001,0.0012960840000000001,0.0025350840000000208,0.0012948339999999947,0.0017486666329205036,0.006030667,201326592
16777216,measured,41,1,generated,0,0.002522041,0.0013372499999999999,0.0025185840000000459,0.0013361249999999936,0.0016673333011567593,0.0060093330000000004,201326592
16777216,measured,42,0,generated,0,0.0024672499999999998,0.0012017919999999999,0.0024650830000000346,0.0012010000000000076,0.0016719996929168701,0.0058079999999999998,201326592
16777216,measured,42,1,handwritten,0,0.0026093330000000001,0.001431625,0.0026069160000000702,0.0014305000000000012,0.0016852500848472118,0.0061703749999999996,201326592
16777216,measured,43,0,handwritten,0,0.0030227919999999998,0.0014289999999999999,0.0030195840000000196,0.0014280000000000126,0.001777375116944313,0.0067022080000000003,201326592
16777216,measured,43,1,generated,0,0.003414458,0.0013350829999999999,0.0034108739999999527,0.0013336670000000106,0.0017718332819640636,0.0070312910000000003,201326592
16777216,measured,44,0,generated,0,0.002927416,0.0022632500000000001,0.0029218749999999627,0.0022606249999999883,0.0016745831817388535,0.0073242910000000001,201326592
16777216,measured,44,1,handwritten,0,0.0030244999999999998,0.001500375,0.0030185830000000191,0.0014985409999999921,0.001888833474367857,0.0066027919999999997,201326592
16777216,measured,45,0,handwritten,0,0.0029620829999999999,0.0016020419999999999,0.0029564579999999951,0.0015998339999999944,0.0017693750560283661,0.006641625,201326592
16777216,measured,45,1,generated,0,0.0034902079999999999,0.0014074999999999999,0.0034840839999999984,0.0013944579999999873,0.0018907501362264156,0.0073673330000000002,201326592
16777216,measured,46,0,generated,0,0.0027149169999999999,0.0012685000000000001,0.0027092930000000015,0.0012667080000000053,0.0018286248669028282,0.0062220000000000001,201326592
16777216,measured,46,1,handwritten,0,0.0028269160000000001,0.0013987909999999999,0.0028222920000000595,0.0013972499999999888,0.0017614997923374176,0.0061806659999999996,201326592
16777216,measured,47,0,handwritten,0,0.0043632080000000004,0.0021493340000000001,0.00435370700000004,0.0021452499999999874,0.002595874946564436,0.0093930420000000008,201326592
16777216,measured,47,1,generated,0,0.0035535409999999999,0.002444084,0.0035460000000000491,0.0024410830000000105,0.0017622918821871281,0.0080621249999999998,201326592
16777216,measured,48,0,generated,0,0.0027067079999999999,0.001247459,0.002700542000000028,0.001245917000000013,0.0019554998725652695,0.0062888329999999997,201326592
16777216,measured,48,1,handwritten,0,0.0031734580000000001,0.001342041,0.0031680829999999327,0.0013398330000000125,0.0017174580134451389,0.006462583,201326592
16777216,measured,49,0,handwritten,0,0.0061303750000000004,0.0021992499999999998,0.0061170830000000231,0.0021946250000000056,0.0015935832634568214,0.010184208,201326592
16777216,measured,49,1,generated,0,0.0033020419999999998,0.001536417,0.0032945009999999497,0.0015322500000000128,0.0016115834005177021,0.0067452090000000003,201326592
16777216,measured,50,0,generated,0,0.0026514170000000001,0.0018697080000000001,0.00264674999999992,0.0018663329999999978,0.0023079998791217804,0.0072745420000000002,201326592
16777216,measured,50,1,handwritten,0,0.0025402910000000001,0.0015258330000000001,0.0025348749999999365,0.0015242500000000048,0.0017243749462068081,0.0061950410000000001,201326592
16777216,measured,51,0,handwritten,0,0.0037039159999999998,0.0023796669999999998,0.0036972499999999853,0.0023741250000000047,0.0019039581529796124,0.0084771659999999995,201326592
16777216,measured,51,1,generated,0,0.0029194999999999998,0.0015983340000000001,0.0029145830000000261,0.0015961250000000038,0.0017455415800213814,0.0067311250000000001,201326592
16777216,measured,52,0,generated,0,0.0025914169999999999,0.001368792,0.0025844999999999896,0.0013671670000000025,0.001798833254724741,0.0061879999999999999,201326592
16777216,measured,52,1,handwritten,0,0.0029260829999999999,0.0012934999999999999,0.0029216250000000388,0.0012924579999999963,0.0016684164293110371,0.0062593750000000002,201326592
16777216,measured,53,0,handwritten,0,0.003158292,0.0012587919999999999,0.0031507920000000134,0.0012567079999999953,0.0019240835681557655,0.0067108749999999998,201326592
16777216,measured,53,1,generated,0,0.0027597500000000001,0.0015852500000000001,0.0027546659999999612,0.0015813329999999903,0.0020463750697672367,0.0066361670000000001,201326592
16777216,measured,54,0,generated,0,0.0026110830000000002,0.0018189580000000001,0.0026062079999999987,0.0018161250000000018,0.0024594999849796295,0.007352791,201326592
16777216,measured,54,1,handwritten,0,0.0035819160000000001,0.0020691249999999998,0.0035744580000000026,0.0020635420000000015,0.0019654999487102032,0.0080058750000000008,201326592
16777216,measured,55,0,handwritten,0,0.0034473749999999999,0.0017160000000000001,0.0034399159999999318,0.001710457999999998,0.0018056249246001244,0.0074892500000000002,201326592
16777216,measured,55,1,generated,0,0.00361875,0.0018550000000000001,0.0036117079999999913,0.0018498750000000008,0.0017493749037384987,0.0075186250000000001,201326592
16777216,measured,56,0,generated,0,0.005149542,0.0034561660000000001,0.0051385419999999682,0.0034503329999999999,0.0018031666986644268,0.010987917,201326592
16777216,measured,56,1,handwritten,0,0.004087958,0.0040647499999999998,0.0040776660000000353,0.0040598330000000127,0.0017934581264853477,0.010905166000000001,201326592
16777216,measured,57,0,handwritten,0,0.0038604590000000001,0.0039455000000000002,0.0038493750000000437,0.003938790999999997,0.0018579582683742046,0.010522917,201326592
16777216,measured,57,1,generated,0,0.0037190830000000002,0.0023179170000000001,0.0037118339999999694,0.0023130000000000095,0.001753833144903183,0.008280875,201326592
16777216,measured,58,0,generated,0,0.0041353329999999997,0.002170375,0.0041266670000000838,0.0021664160000000043,0.0019995002076029778,0.0086317909999999998,201326592
16777216,measured,58,1,handwritten,0,0.0038791659999999999,0.001958375,0.0038725819999999578,0.0019542080000000128,0.0019682915881276131,0.0084757080000000002,201326592
16777216,measured,59,0,handwritten,0,0.005764875,0.001320667,0.005757833000000101,0.001318249999999993,0.0018245833925902843,0.0093057499999999998,201326592
16777216,measured,59,1,generated,0,0.0031210840000000001,0.0013022909999999999,0.0031126670000000134,0.0013002920000000084,0.0019098753109574318,0.0065865000000000003,201326592
16777216,measured,60,0,generated,0,0.004431333,0.0012943340000000001,0.0044240420000000169,0.0012920829999999994,0.0018077916465699673,0.0078272919999999996,201326592
16777216,measured,60,1,handwritten,0,0.0032135000000000002,0.0013107080000000001,0.0032044169999999594,0.0013081249999999933,0.0017424998804926872,0.0065763749999999998,201326592
16777216,measured,61,0,handwritten,0,0.0036917909999999998,0.0013133750000000001,0.0036849589999999877,0.0013114170000000092,0.0017597912810742855,0.0069992910000000004,201326592
16777216,measured,61,1,generated,0,0.0035415830000000001,0.001369583,0.0035342929999999662,0.0013678749999999906,0.0017732917331159115,0.0069575829999999998,201326592
16777216,measured,62,0,generated,0,0.0037508749999999999,0.001302959,0.0037431249999999583,0.0013010420000000023,0.0016761249862611294,0.0069943339999999996,201326592
16777216,measured,62,1,handwritten,0,0.0040907909999999999,0.0020610419999999999,0.0040837079999999082,0.0020581669999999996,0.0017729587852954865,0.0083004580000000001,201326592
16777216,measured,63,0,handwritten,0,0.0029408749999999999,0.0012485,0.0029351669999999608,0.0012467499999999909,0.001812291331589222,0.0064219580000000002,201326592
16777216,measured,63,1,generated,0,0.003497708,0.001379875,0.0034892499999999993,0.0013710000000000111,0.0016668331809341908,0.0070473749999999998,201326592
16777216,measured,64,0,generated,0,0.0029870000000000001,0.0012662909999999999,0.0029831249999999754,0.0012651250000000058,0.001704083289951086,0.0064363329999999998,201326592
16777216,measured,64,1,handwritten,0,0.0032374579999999999,0.001444,0.0032320829999999967,0.001440250000000004,0.0017401250079274178,0.0069101249999999996,201326592
16777216,measured,65,0,handwritten,0,0.0047488340000000004,0.001674708,0.0047299160000000562,0.0016715830000000043,0.0027365419082343578,0.0093444170000000007,201326592
16777216,measured,65,1,generated,0,0.0081004170000000004,0.0089453329999999998,0.0080889989999999301,0.008925667000000026,0.0037235831841826439,0.021590874999999999,201326592
16777216,measured,66,0,generated,0,0.011139625,0.00165675,0.011118167000000012,0.0016530419999999935,0.0017949999310076237,0.014885707999999999,201326592
16777216,measured,66,1,handwritten,0,0.0044913339999999996,0.001629375,0.0044781680000000046,0.0016137500000000249,0.0018912497907876968,0.0084007089999999993,201326592
16777216,measured,67,0,handwritten,0,0.0028544579999999998,0.001569125,0.0028467920000000424,0.0015639579999999764,0.001828374806791544,0.0065369169999999997,201326592
16777216,measured,67,1,generated,0,0.0026419579999999998,0.001230959,0.0026369170000000164,0.0012294589999999883,0.0015572500415146351,0.0056974160000000003,201326592
16777216,measured,68,0,generated,0,0.003096208,0.0015245,0.0030900420000000706,0.0015223329999999868,0.0016554580070078373,0.0066946669999999996,201326592
16777216,measured,68,1,handwritten,0,0.0028753749999999999,0.001273,0.0028705420000000315,0.0012711249999999841,0.0015690834261476994,0.0062024580000000001,201326592
16777216,measured,69,0,handwritten,0,0.0025208750000000001,0.0014179590000000001,0.0025172500000000264,0.0014159169999999888,0.0015951250679790974,0.0058989999999999997,201326592
16777216,measured,69,1,generated,0,0.0027299999999999998,0.001562417,0.0027247080000000201,0.0015607499999999996,0.0015738336369395256,0.0061212920000000004,201326592
16777216,measured,70,0,generated,0,0.0030577920000000001,0.0018970829999999999,0.0030508339999999468,0.0018941250000000243,0.0019395002163946629,0.0071507920000000004,201326592
16777216,measured,70,1,handwritten,0,0.003384541,0.0012517920000000001,0.0033759170000000616,0.0012498340000000052,0.001933833584189415,0.0067947499999999996,201326592
16777216,measured,71,0,handwritten,0,0.003864166,0.0015445000000000001,0.0038559169999999865,0.0015432919999999739,0.0015950002707540989,0.0072355409999999998,201326592
16777216,measured,71,1,generated,0,0.003668166,0.0012427499999999999,0.0036479580000000622,0.0012411669999999875,0.0021647498942911625,0.0073158329999999999,201326592
16777216,measured,72,0,generated,0,0.0030914580000000001,0.0020414159999999999,0.0030871670000000018,0.002039457999999994,0.0020873746834695339,0.0075244580000000004,201326592
16777216,measured,72,1,handwritten,0,0.002880208,0.0020718339999999998,0.0028767090000000328,0.0020692079999999891,0.0021067499183118343,0.0073092499999999998,201326592
16777216,measured,73,0,handwritten,0,0.00309575,0.001188833,0.0030915410000000865,0.0011877499999999874,0.0015723332762718201,0.0060728750000000001,201326592
16777216,measured,73,1,generated,0,0.0044645420000000002,0.001915875,0.0044558319999999929,0.0019128339999999744,0.0022754580713808537,0.0090047089999999996,201326592
16777216,measured,74,0,generated,0,0.0044844580000000002,0.0022634589999999998,0.0044680829999999006,0.0022604580000000207,0.0016605001874268055,0.0086846660000000006,201326592
16777216,measured,74,1,handwritten,0,0.003385042,0.0027135409999999999,0.0033765000000000045,0.0027060839999999975,0.0017978749237954617,0.0082404580000000009,201326592
16777216,measured,75,0,handwritten,0,0.0031869160000000001,0.0021719579999999999,0.0031817490000000115,0.0021671670000000254,0.0015548751689493656,0.0071696659999999999,201326592
16777216,measured,75,1,generated,0,0.002907583,0.003081416,0.0029021259999999494,0.0030772920000000092,0.0015295417979359627,0.0077972500000000004,201326592
16777216,measured,76,0,generated,0,0.008879708,0.0028946250000000001,0.0088659170000000564,0.0028882089999999749,0.002273291815072298,0.014362041000000001,201326592
16777216,measured,76,1,handwritten,0,0.0028888329999999999,0.0018448749999999999,0.0028842909999999833,0.0018427080000000262,0.0020902501419186592,0.0070715830000000002,201326592
16777216,measured,77,0,handwritten,0,0.0027391669999999998,0.001726083,0.0027369999999999894,0.0017234999999999889,0.0019180835224688053,0.0067451669999999998,201326592
16777216,measured,77,1,generated,0,0.0029566660000000002,0.002093583,0.0029546679999999936,0.0020796249999999739,0.0015452499501407146,0.0068868330000000002,201326592
16777216,measured,78,0,generated,0,0.002749334,0.0024870410000000002,0.0027444169999999435,0.0024836249999999893,0.0015337914228439331,0.0070623750000000001,201326592
16777216,measured,78,1,handwritten,0,0.0029945839999999998,0.0017611250000000001,0.0029898329999999973,0.0017574169999999834,0.0015351669862866402,0.0065484999999999996,201326592
16777216,measured,79,0,handwritten,0,0.0032615830000000002,0.001727959,0.0032569170000000813,0.0017257500000000259,0.0019580419175326824,0.0071869999999999998,201326592
16777216,measured,79,1,generated,0,0.0034910000000000002,0.0024612089999999998,0.0034824159999999882,0.0024584579999999967,0.0019524996168911457,0.0081723330000000004,201326592
16777216,measured,80,0,generated,0,0.0040817090000000002,0.001928042,0.0040710830000000309,0.0019244580000000178,0.0018411250784993172,0.0081392089999999997,201326592
16777216,measured,80,1,handwritten,0,0.0031534589999999999,0.0022687919999999999,0.0031482499999999636,0.002263457999999996,0.0015661250799894333,0.0072434589999999998,201326592
16777216,measured,81,0,handwritten,0,0.0032140419999999999,0.0018307499999999999,0.0032098750000000287,0.0018275409999999881,0.0015345001593232155,0.0067801249999999997,201326592
16777216,measured,81,1,generated,0,0.0031449170000000001,0.0021572090000000002,0.0031389579999999695,0.0021535420000000083,0.0019488749094307423,0.0075139580000000003,201326592
16777216,measured,82,0,generated,0,0.0033535420000000002,0.0019445,0.0033498320000000525,0.0019407499999999911,0.0019762502051889896,0.007545375,201326592
16777216,measured,82,1,handwritten,0,0.003117833,0.001726792,0.0031122080000000052,0.0017238339999999797,0.0019562500528991222,0.0070339579999999999,201326592
16777216,measured,83,0,handwritten,0,0.0033548749999999998,0.001878167,0.0033488760000000006,0.0018748330000000202,0.0019867080263793468,0.007440042,201326592
16777216,measured,83,1,generated,0,0.0033562499999999999,0.0023965829999999999,0.0033505409999999847,0.0023910830000000161,0.0019779163412749767,0.0079844170000000006,201326592
16777216,measured,84,0,generated,0,0.0037569999999999999,0.0023290419999999999,0.0037491249999999088,0.0023258749999999773,0.0015252502635121346,0.0078722500000000008,201326592
16777216,measured,84,1,handwritten,0,0.0033101659999999998,0.0030705839999999999,0.0033046670000000944,0.0030643329999999747,0.0020712916739284992,0.0088816659999999999,201326592
16777216,measured,85,0,handwritten,0,0.003794291,0.001854666,0.0037861249999999735,0.0018502499999999977,0.0023900000378489494,0.0082454160000000002,201326592
16777216,measured,85,1,generated,0,0.0049840409999999998,0.003246208,0.0049723329999999955,0.0032353330000000069,0.0021517081186175346,0.011150458,201326592
16777216,measured,86,0,generated,0,0.0057398329999999997,0.004253667,0.0057270830000000217,0.0042488330000000074,0.0022559580393135548,0.012866499999999999,201326592
16777216,measured,86,1,handwritten,0,0.0056895410000000002,0.0038785,0.0056810419999999695,0.0038677500000000031,0.0021807500161230564,0.012346375,201326592
16777216,measured,87,0,handwritten,0,0.0038968750000000002,0.0048845410000000001,0.003881041000000085,0.0048777079999999806,0.0019404999911785126,0.011047625,201326592
16777216,measured,87,1,generated,0,0.0068722080000000003,0.0042883749999999997,0.0068584999999998786,0.0042796250000000091,0.0019549163989722729,0.013648375000000001,201326592
16777216,measured,88,0,generated,0,0.011077958000000001,0.0037576250000000001,0.011062832999999994,0.0037117919999999915,0.0026252497918903828,0.018062374999999999,201326592
16777216,measured,88,1,handwritten,0,0.0082539169999999995,0.0058082089999999999,0.008232500000000087,0.0057830830000000222,0.0023837080225348473,0.017646958000000001,201326592
16777216,measured,89,0,handwritten,0,0.012967667,0.0056474170000000001,0.012392458999999967,0.0055046659999999914,0.0025054165162146091,0.023443042000000001,201326592
16777216,measured,89,1,generated,0,0.0080015420000000004,0.0046492080000000002,0.0079865409999999581,0.0046434579999999892,0.0023555001243948936,0.016353541999999999,201326592
16777216,measured,90,0,generated,0,0.010692500000000001,0.0042677499999999998,0.01067879099999991,0.0042596249999999891,0.0030132918618619442,0.019719332999999999,201326592
16777216,measured,90,1,handwritten,0,0.012656291,0.0054459590000000002,0.012643583000000014,0.00543616600000002,0.0027541248127818108,0.022246874999999999,201326592
16777216,measured,91,0,handwritten,0,0.0063767920000000001,0.003562791,0.0063642909999999109,0.003556166999999999,0.0016878750175237656,0.012096833,201326592
16777216,measured,91,1,generated,0,0.0061487080000000001,0.0034547499999999999,0.0061288340000000829,0.0034487910000000066,0.0017972914502024651,0.01187275,201326592
16777216,measured,92,0,generated,0,0.0057529169999999998,0.0024162910000000001,0.0057382079999999114,0.0024035000000000029,0.0022475831210613251,0.010843375000000001,201326592
16777216,measured,92,1,handwritten,0,0.003496875,0.0032712090000000002,0.0034882489999998878,0.0032645000000000035,0.0023948750458657742,0.0097449170000000005,201326592
16777216,measured,93,0,handwritten,0,0.004140917,0.002079334,0.0041319579999998801,0.0020732500000000265,0.0022979583591222763,0.0093227919999999999,201326592
16777216,measured,93,1,generated,0,0.004549666,0.0013897499999999999,0.0045360840000001623,0.0013841250000000138,0.0028012916445732117,0.0090390000000000002,201326592
16777216,measured,94,0,generated,0,0.0038573330000000001,0.0030845830000000001,0.0038484169999999374,0.0030772090000000252,0.0017390833236277103,0.0090285409999999993,201326592
16777216,measured,94,1,handwritten,0,0.003714625,0.001945209,0.0037015410000000859,0.0019397090000000117,0.001996167004108429,0.0079308750000000004,201326592
16777216,measured,95,0,handwritten,0,0.0038856670000000002,0.001878291,0.0038781250000001766,0.0018724999999999992,0.002209000289440155,0.0083288330000000008,201326592
16777216,measured,95,1,generated,0,0.0044548749999999996,0.0022619580000000001,0.0044392499999998947,0.0022564999999999946,0.0017708749510347843,0.0093289170000000008,201326592
16777216,measured,96,0,generated,0,0.0054430839999999999,0.001309958,0.00543008300000003,0.0013056249999999769,0.0021892501972615719,0.0097917500000000001,201326592
16777216,measured,96,1,handwritten,0,0.0039954999999999999,0.0012771670000000001,0.0039860419999999674,0.0012748750000000086,0.0021354998461902142,0.0076742080000000001,201326592
16777216,measured,97,0,handwritten,0,0.0042022500000000003,0.0013613329999999999,0.0041926660000000116,0.0013588330000000037,0.0021296250633895397,0.0080600829999999991,201326592
16777216,measured,97,1,generated,0,0.0040135830000000003,0.0016017920000000001,0.0040054160000000394,0.0015990830000000011,0.0017640418373048306,0.0076476249999999999,201326592
16777216,measured,98,0,generated,0,0.0042086249999999997,0.0013215,0.0042021249999999455,0.0013175409999999776,0.0018487498164176941,0.007637708,201326592
16777216,measured,98,1,handwritten,0,0.0037022499999999998,0.0022107920000000001,0.0036936249999999227,0.0022074579999999955,0.0015652496367692947,0.0078723330000000005,201326592
16777216,measured,99,0,handwritten,0,0.0084348749999999997,0.0019170000000000001,0.0083851249999999933,0.0019141249999999888,0.0023148749023675919,0.013054667000000001,201326592
16777216,measured,99,1,generated,0,0.003748917,0.0021575829999999998,0.0037390419999998592,0.0021542079999999908,0.0021045836620032787,0.0082994999999999996,201326592
