elements,phase,iteration,order,variant,pipeline_compile_seconds,h2d_api_seconds,d2h_api_seconds,h2d_copy_seconds,d2h_copy_seconds,gpu_seconds,total_seconds,runtime_owned_peak_buffer_bytes
1024,warmup,0,0,generated,0.00094658299999999997,1.375e-06,2.0839999999999999e-06,4.5900000000000007e-07,4.58e-07,6.1248429119586945e-06,0.0025489169999999999,12288
1024,warmup,0,1,handwritten,0.00018475000000000002,1.333e-06,1.542e-06,4.5900000000000018e-07,2.9200000000000002e-07,6.2081962823867798e-06,0.00053899999999999998,12288
1024,warmup,1,0,handwritten,0,1.167e-06,1.0419999999999999e-06,2.4999999999999994e-07,2.0799999999999996e-07,6.2501057982444763e-06,0.00046620800000000002,12288
1024,warmup,1,1,generated,0,1.125e-06,9.16e-07,2.0799999999999996e-07,1.6700000000000005e-07,5.2500050514936447e-05,0.00054620799999999996,12288
1024,warmup,2,0,generated,0,8.7499999999999999e-07,8.3300000000000001e-07,1.6699999999999984e-07,1.6599999999999998e-07,0.00045762490481138229,0.00061404199999999997,12288
1024,warmup,2,1,handwritten,0,1.083e-06,1.167e-06,1.6700000000000026e-07,2.0900000000000003e-07,6.2081962823867798e-06,0.00051045799999999998,12288
1024,warmup,3,0,handwritten,0,1.0839999999999999e-06,9.5900000000000005e-07,1.6699999999999984e-07,2.4999999999999994e-07,6.2501057982444763e-06,0.00047249999999999999,12288
1024,warmup,3,1,generated,0,9.9999999999999995e-07,8.3399999999999998e-07,2.0799999999999996e-07,1.2500000000000007e-07,5.4999254643917084e-06,0.00028174999999999999,12288
1024,warmup,4,0,generated,0,1.125e-06,8.3300000000000001e-07,1.6700000000000026e-07,1.6599999999999998e-07,5.5413693189620972e-06,0.00028583299999999999,12288
1024,warmup,4,1,handwritten,0,1.0419999999999999e-06,7.5000000000000002e-07,2.0799999999999953e-07,1.2500000000000007e-07,5.4580159485340118e-06,0.000260917,12288
1024,warmup,5,0,handwritten,0,1.125e-06,7.92e-07,2.4899999999999965e-07,1.6699999999999984e-07,5.4999254643917084e-06,0.000288292,12288
1024,warmup,5,1,generated,0,1.0410000000000001e-06,1.8330000000000001e-06,2.499999999999993e-07,2.9199999999999991e-07,5.5418349802494049e-06,0.00029504100000000001,12288
1024,warmup,6,0,generated,0,1.125e-06,1.125e-06,2.0799999999999953e-07,1.6699999999999984e-07,5.4999254643917084e-06,0.00028616699999999999,12288
1024,warmup,6,1,handwritten,0,1.083e-06,7.92e-07,1.6599999999999977e-07,1.6600000000000019e-07,5.416572093963623e-06,0.00038200000000000002,12288
1024,warmup,7,0,handwritten,0,1.0419999999999999e-06,7.0800000000000004e-07,2.499999999999993e-07,1.6600000000000019e-07,5.5832788348197937e-06,0.000137,12288
1024,warmup,7,1,generated,0,1.0419999999999999e-06,9.5799999999999998e-07,2.0900000000000003e-07,2.0900000000000003e-07,5.5418349802494049e-06,0.00031750000000000002,12288
1024,warmup,8,0,generated,0,1.125e-06,7.0800000000000004e-07,1.6599999999999977e-07,8.2999999999999883e-08,5.5413693189620972e-06,0.000271959,12288
1024,warmup,8,1,handwritten,0,9.9999999999999995e-07,8.7499999999999999e-07,2.0799999999999953e-07,1.2500000000000007e-07,6.166752427816391e-06,0.00048083400000000002,12288
1024,warmup,9,0,handwritten,0,1.0419999999999999e-06,9.16e-07,2.0799999999999953e-07,2.5000000000000015e-07,6.2086619436740875e-06,0.00048187499999999999,12288
1024,warmup,9,1,generated,0,1.083e-06,1.75e-06,2.0799999999999953e-07,2.4999999999999972e-07,6.166752427816391e-06,0.00047958300000000001,12288
1024,measured,0,0,generated,0,1.209e-06,1.167e-06,1.6700000000000026e-07,2.0800000000000038e-07,6.1248429119586945e-06,0.00047783400000000001,12288
1024,measured,0,1,handwritten,0,1.125e-06,9.16e-07,1.6700000000000026e-07,2.0900000000000003e-07,5.5832788348197937e-06,0.00028937499999999997,12288
1024,measured,1,0,handwritten,0,1.167e-06,8.3300000000000001e-07,2.499999999999993e-07,1.6700000000000026e-07,5.5413693189620972e-06,0.00026025000000000001,12288
1024,measured,1,1,generated,0,1.0839999999999999e-06,8.3300000000000001e-07,2.0800000000000038e-07,2.0900000000000003e-07,5.5832788348197937e-06,0.00028875,12288
1024,measured,2,0,generated,0,1.083e-06,7.9100000000000003e-07,1.6600000000000146e-07,1.2499999999999965e-07,5.5413693189620972e-06,0.000285166,12288
1024,measured,2,1,handwritten,0,1.0419999999999999e-06,7.5000000000000002e-07,1.6700000000000026e-07,2.0800000000000038e-07,5.4999254643917084e-06,0.00027791699999999998,12288
1024,measured,3,0,handwritten,0,1.0419999999999999e-06,7.9100000000000003e-07,2.0800000000000038e-07,2.0900000000000003e-07,5.4999254643917084e-06,0.00026229200000000002,12288
1024,measured,3,1,generated,0,1.0839999999999999e-06,7.9100000000000003e-07,2.0899999999999918e-07,1.6700000000000026e-07,5.5003911256790161e-06,0.00028462499999999999,12288
1024,measured,4,0,generated,0,1.0839999999999999e-06,7.5000000000000002e-07,2.9199999999999991e-07,2.0900000000000003e-07,0.00056287506595253944,0.00073733399999999997,12288
1024,measured,4,1,handwritten,0,1.0410000000000001e-06,7.9100000000000003e-07,2.499999999999993e-07,1.2499999999999965e-07,6.2496401369571686e-06,0.00050891599999999999,12288
1024,measured,5,0,handwritten,0,1.0410000000000001e-06,7.92e-07,1.6600000000000146e-07,1.6599999999999977e-07,5.5418349802494049e-06,0.00029333300000000001,12288
1024,measured,5,1,generated,0,1.0419999999999999e-06,7.0800000000000004e-07,2.499999999999993e-07,2.0800000000000038e-07,5.5413693189620972e-06,0.00028449999999999998,12288
1024,measured,6,0,generated,0,1.0419999999999999e-06,5.8299999999999997e-07,2.499999999999993e-07,1.6599999999999977e-07,5.4999254643917084e-06,0.00028124999999999998,12288
1024,measured,6,1,handwritten,0,8.7499999999999999e-07,7.9100000000000003e-07,1.6600000000000146e-07,1.6700000000000026e-07,5.5003911256790161e-06,0.00026916599999999999,12288
1024,measured,7,0,handwritten,0,9.9999999999999995e-07,7.5000000000000002e-07,2.0899999999999918e-07,1.6700000000000026e-07,5.5832788348197937e-06,0.00027104100000000002,12288
1024,measured,7,1,generated,0,1.0419999999999999e-06,7.0800000000000004e-07,2.0800000000000038e-07,1.2499999999999965e-07,5.4999254643917084e-06,0.00028616699999999999,12288
1024,measured,8,0,generated,0,1.0419999999999999e-06,7.5000000000000002e-07,1.6600000000000146e-07,1.2499999999999965e-07,5.4999254643917084e-06,0.00028862499999999998,12288
1024,measured,8,1,handwritten,0,1.0419999999999999e-06,7.0800000000000004e-07,2.0800000000000038e-07,1.2499999999999965e-07,5.4999254643917084e-06,0.00031524999999999999,12288
1024,measured,9,0,handwritten,0,1.083e-06,7.0900000000000001e-07,1.6600000000000146e-07,1.2499999999999965e-07,5.5418349802494049e-06,0.00031366599999999999,12288
1024,measured,9,1,generated,0,1.0419999999999999e-06,7.0800000000000004e-07,2.499999999999993e-07,1.6700000000000026e-07,5.5832788348197937e-06,0.00012549999999999999,12288
1024,measured,10,0,generated,0,1.0410000000000001e-06,7.0800000000000004e-07,2.499999999999993e-07,1.6599999999999977e-07,5.5003911256790161e-06,0.00028420799999999999,12288
1024,measured,10,1,handwritten,0,9.9999999999999995e-07,7.0800000000000004e-07,2.0800000000000038e-07,1.250000000000005e-07,5.5418349802494049e-06,0.00043254200000000001,12288
1024,measured,11,0,handwritten,0,1.125e-06,7.0900000000000001e-07,2.5000000000000099e-07,1.6700000000000026e-07,9.7500160336494446e-06,0.000235916,12288
1024,measured,11,1,generated,0,1.0410000000000001e-06,7.92e-07,2.499999999999993e-07,2.0899999999999918e-07,5.4999254643917084e-06,0.000114916,12288
1024,measured,12,0,generated,0,1.0839999999999999e-06,7.5000000000000002e-07,2.0799999999999869e-07,1.6599999999999977e-07,5.4999254643917084e-06,0.00032533399999999999,12288
1024,measured,12,1,handwritten,0,1.0839999999999999e-06,7.5000000000000002e-07,2.0799999999999869e-07,1.6700000000000026e-07,5.4999254643917084e-06,0.00028324999999999997,12288
1024,measured,13,0,handwritten,0,1.0410000000000001e-06,7.5000000000000002e-07,2.499999999999993e-07,1.6700000000000026e-07,5.5418349802494049e-06,0.00027691599999999999,12288
1024,measured,13,1,generated,0,1.083e-06,7.0900000000000001e-07,1.6599999999999807e-07,1.6700000000000026e-07,5.4999254643917084e-06,0.00029041599999999999,12288
1024,measured,14,0,generated,0,1.0410000000000001e-06,7.5000000000000002e-07,2.0799999999999869e-07,1.6700000000000026e-07,5.4999254643917084e-06,0.00029862500000000001,12288
1024,measured,14,1,handwritten,0,1.0419999999999999e-06,7.92e-07,2.499999999999993e-07,1.6700000000000026e-07,5.4999254643917084e-06,0.00028704199999999999,12288
1024,measured,15,0,handwritten,0,1.0419999999999999e-06,7.0800000000000004e-07,2.499999999999993e-07,1.6599999999999977e-07,5.5418349802494049e-06,0.000281,12288
1024,measured,15,1,generated,0,1.0419999999999999e-06,7.5000000000000002e-07,2.0799999999999869e-07,1.6700000000000026e-07,5.4999254643917084e-06,0.00026370899999999999,12288
1024,measured,16,0,generated,0,1.0419999999999999e-06,7.0800000000000004e-07,1.6800000000000246e-07,1.6700000000000026e-07,5.5003911256790161e-06,0.00027687499999999999,12288
1024,measured,16,1,handwritten,0,9.9999999999999995e-07,7.0900000000000001e-07,2.0799999999999869e-07,1.2499999999999965e-07,5.5832788348197937e-06,0.00028687500000000002,12288
1024,measured,17,0,handwritten,0,1.0419999999999999e-06,7.5000000000000002e-07,1.6800000000000246e-07,1.6700000000000026e-07,5.2749644964933395e-05,0.00036529200000000003,12288
1024,measured,17,1,generated,0,1.0839999999999999e-06,7.5000000000000002e-07,1.6599999999999807e-07,1.6700000000000026e-07,0.00045662513002753258,0.00060145900000000004,12288
1024,measured,18,0,generated,0,9.9999999999999995e-07,7.0900000000000001e-07,2.0799999999999869e-07,1.2499999999999965e-07,5.666632205247879e-06,0.00030079199999999998,12288
1024,measured,18,1,handwritten,0,9.1699999999999997e-07,7.0800000000000004e-07,1.6599999999999807e-07,1.2499999999999965e-07,5.5418349802494049e-06,0.00027512499999999998,12288
1024,measured,19,0,handwritten,0,1.0410000000000001e-06,7.5000000000000002e-07,1.6599999999999807e-07,1.6700000000000026e-07,5.4999254643917084e-06,0.000286791,12288
1024,measured,19,1,generated,0,1.0419999999999999e-06,7.0800000000000004e-07,2.0799999999999869e-07,1.6599999999999977e-07,5.5418349802494049e-06,0.00028529199999999998,12288
1024,measured,20,0,generated,0,1.125e-06,7.5000000000000002e-07,1.6599999999999807e-07,1.6599999999999977e-07,5.5832788348197937e-06,0.00028058299999999999,12288
1024,measured,20,1,handwritten,0,1.0419999999999999e-06,7.0900000000000001e-07,2.499999999999993e-07,1.6700000000000026e-07,5.4999254643917084e-06,0.000290709,12288
1024,measured,21,0,handwritten,0,1.0419999999999999e-06,7.0900000000000001e-07,1.6800000000000246e-07,1.2499999999999965e-07,5.5413693189620972e-06,0.00027895799999999999,12288
1024,measured,21,1,generated,0,9.9999999999999995e-07,7.5000000000000002e-07,2.0900000000000088e-07,1.6700000000000026e-07,5.4999254643917084e-06,0.00028162499999999997,12288
1024,measured,22,0,generated,0,1.0419999999999999e-06,7.0900000000000001e-07,2.499999999999993e-07,1.6700000000000026e-07,5.6251883506774902e-06,0.00031483299999999999,12288
1024,measured,22,1,handwritten,0,1.083e-06,8.3300000000000001e-07,2.0900000000000088e-07,1.6700000000000026e-07,5.5418349802494049e-06,0.00034037500000000002,12288
1024,measured,23,0,handwritten,0,1.0419999999999999e-06,7.0800000000000004e-07,2.0799999999999869e-07,1.6700000000000026e-07,5.666632205247879e-06,0.000135625,12288
1024,measured,23,1,generated,0,9.9999999999999995e-07,7.0800000000000004e-07,1.6599999999999807e-07,1.2499999999999965e-07,5.5418349802494049e-06,0.00014654199999999999,12288
1024,measured,24,0,generated,0,1.0410000000000001e-06,7.5000000000000002e-07,2.0799999999999869e-07,1.6700000000000026e-07,5.5832788348197937e-06,0.00030129100000000003,12288
1024,measured,24,1,handwritten,0,1.0419999999999999e-06,7.5000000000000002e-07,2.0799999999999869e-07,1.6700000000000026e-07,5.4999254643917084e-06,0.00029224999999999998,12288
1024,measured,25,0,handwritten,0,1.083e-06,7.0800000000000004e-07,2.0799999999999869e-07,1.2499999999999965e-07,5.5003911256790161e-06,0.00027929099999999998,12288
1024,measured,25,1,generated,0,1.0419999999999999e-06,7.5000000000000002e-07,2.499999999999993e-07,1.6700000000000026e-07,5.5003911256790161e-06,0.00027920899999999999,12288
1024,measured,26,0,generated,0,1.0419999999999999e-06,7.5000000000000002e-07,2.0900000000000088e-07,1.6700000000000026e-07,5.5832788348197937e-06,0.00032216699999999999,12288
1024,measured,26,1,handwritten,0,1.0410000000000001e-06,7.9100000000000003e-07,2.0799999999999869e-07,1.6700000000000026e-07,5.4999254643917084e-06,0.00032404100000000001,12288
1024,measured,27,0,handwritten,0,1.125e-06,7.5000000000000002e-07,2.499999999999993e-07,1.6700000000000026e-07,5.4999254643917084e-06,0.00029437499999999999,12288
1024,measured,27,1,generated,0,1.0410000000000001e-06,7.5000000000000002e-07,2.499999999999993e-07,1.6700000000000026e-07,5.5418349802494049e-06,0.000282625,12288
1024,measured,28,0,generated,0,1.083e-06,7.0800000000000004e-07,2.0900000000000088e-07,1.6599999999999977e-07,5.4999254643917084e-06,0.00029849999999999999,12288
1024,measured,28,1,handwritten,0,1.083e-06,6.6599999999999996e-07,1.6800000000000246e-07,1.6599999999999977e-07,5.4999254643917084e-06,0.00028299999999999999,12288
1024,measured,29,0,handwritten,0,1.0419999999999999e-06,7.0900000000000001e-07,2.499999999999993e-07,1.2499999999999965e-07,5.5418349802494049e-06,0.00026600000000000001,12288
1024,measured,29,1,generated,0,1.0410000000000001e-06,7.5000000000000002e-07,1.2399999999999746e-07,1.6700000000000026e-07,5.4999254643917084e-06,0.00027266600000000002,12288
1024,measured,30,0,generated,0,1.0410000000000001e-06,7.5000000000000002e-07,1.6599999999999807e-07,1.6700000000000026e-07,5.4999254643917084e-06,0.00029016600000000001,12288
1024,measured,30,1,handwritten,0,1.083e-06,7.0800000000000004e-07,2.0799999999999869e-07,1.2499999999999965e-07,5.1041599363088608e-05,0.00037270800000000002,12288
1024,measured,31,0,handwritten,0,1.0419999999999999e-06,7.0800000000000004e-07,1.6599999999999807e-07,1.6599999999999977e-07,0.00047658337280154228,0.00060516699999999999,12288
1024,measured,31,1,generated,0,1.0410000000000001e-06,7.0800000000000004e-07,2.499999999999993e-07,1.6700000000000026e-07,5.7499855756759644e-06,0.000301458,12288
1024,measured,32,0,generated,0,1.291e-06,7.0900000000000001e-07,2.499999999999993e-07,1.6700000000000026e-07,5.4999254643917084e-06,0.000271625,12288
1024,measured,32,1,handwritten,0,1.083e-06,7.0900000000000001e-07,2.499999999999993e-07,1.6700000000000026e-07,5.5832788348197937e-06,0.000290792,12288
1024,measured,33,0,handwritten,0,1.083e-06,7.92e-07,2.499999999999993e-07,1.6700000000000026e-07,5.4999254643917084e-06,0.00028591700000000001,12288
1024,measured,33,1,generated,0,9.5799999999999998e-07,7.0900000000000001e-07,1.6700000000000026e-07,1.6700000000000026e-07,5.4999254643917084e-06,0.000280666,12288
1024,measured,34,0,generated,0,1.083e-06,7.5000000000000002e-07,2.0900000000000427e-07,2.0799999999999869e-07,5.5413693189620972e-06,0.00030266700000000001,12288
1024,measured,34,1,handwritten,0,1.0419999999999999e-06,7.0800000000000004e-07,2.5000000000000608e-07,1.6600000000000146e-07,5.4999254643917084e-06,0.00029916699999999998,12288
1024,measured,35,0,handwritten,0,1.083e-06,7.0800000000000004e-07,2.5000000000000608e-07,1.6600000000000146e-07,5.4999254643917084e-06,0.00029024999999999998,12288
1024,measured,35,1,generated,0,1.083e-06,7.0800000000000004e-07,2.5000000000000608e-07,1.6700000000000026e-07,5.4999254643917084e-06,0.00029008300000000001,12288
1024,measured,36,0,generated,0,1.125e-06,7.5000000000000002e-07,2.0800000000000207e-07,1.6700000000000026e-07,5.5832788348197937e-06,0.00028537499999999998,12288
1024,measured,36,1,handwritten,0,1.0419999999999999e-06,7.0800000000000004e-07,2.5000000000000608e-07,1.6600000000000146e-07,5.5832788348197937e-06,0.00028037500000000003,12288
1024,measured,37,0,handwritten,0,9.9999999999999995e-07,7.0800000000000004e-07,2.0800000000000207e-07,1.6600000000000146e-07,5.4999254643917084e-06,0.000281792,12288
1024,measured,37,1,generated,0,1.0839999999999999e-06,8.3300000000000001e-07,2.499999999999993e-07,1.6700000000000026e-07,5.5837444961071014e-06,0.00034704199999999999,12288
1024,measured,38,0,generated,0,1.0419999999999999e-06,7.5000000000000002e-07,2.5000000000000608e-07,1.6700000000000026e-07,5.6247226893901825e-06,0.000306209,12288
1024,measured,38,1,handwritten,0,1.0419999999999999e-06,7.5000000000000002e-07,2.0900000000000427e-07,1.6700000000000026e-07,5.5832788348197937e-06,0.00043433300000000002,12288
1024,measured,39,0,handwritten,0,1.0410000000000001e-06,7.0800000000000004e-07,1.6599999999999807e-07,1.6600000000000146e-07,1.0916963219642639e-05,0.00023883300000000001,12288
1024,measured,39,1,generated,0,1.0839999999999999e-06,7.5000000000000002e-07,2.0800000000000207e-07,2.0799999999999869e-07,5.5832788348197937e-06,0.00012487500000000001,12288
1024,measured,40,0,generated,0,1.0410000000000001e-06,7.0800000000000004e-07,2.0800000000000207e-07,1.6700000000000026e-07,5.5003911256790161e-06,0.00029229100000000002,12288
1024,measured,40,1,handwritten,0,1.083e-06,7.92e-07,2.0800000000000207e-07,1.6600000000000146e-07,5.4999254643917084e-06,0.000295708,12288
1024,measured,41,0,handwritten,0,1.083e-06,7.5000000000000002e-07,2.0800000000000207e-07,1.6600000000000146e-07,5.4999254643917084e-06,0.00028220799999999999,12288
1024,measured,41,1,generated,0,1.0419999999999999e-06,7.5000000000000002e-07,2.0800000000000207e-07,1.6600000000000146e-07,5.4999254643917084e-06,0.000289542,12288
1024,measured,42,0,generated,0,1.125e-06,7.92e-07,2.0800000000000207e-07,1.6700000000000026e-07,5.5003911256790161e-06,0.000294834,12288
1024,measured,42,1,handwritten,0,1.0419999999999999e-06,7.0900000000000001e-07,2.5000000000000608e-07,1.2499999999999965e-07,5.4999254643917084e-06,0.00026012499999999999,12288
1024,measured,43,0,handwritten,0,1.0410000000000001e-06,7.0800000000000004e-07,2.0800000000000207e-07,1.2499999999999965e-07,5.4999254643917084e-06,0.00030174999999999999,12288
1024,measured,43,1,generated,0,1.0419999999999999e-06,7.5000000000000002e-07,2.0800000000000207e-07,1.2499999999999965e-07,5.4999254643917084e-06,0.00027966699999999999,12288
1024,measured,44,0,generated,0,1.0419999999999999e-06,7.5000000000000002e-07,2.5000000000000608e-07,1.6700000000000026e-07,5.4999254643917084e-06,0.000283875,12288
1024,measured,44,1,handwritten,0,9.9999999999999995e-07,7.5000000000000002e-07,1.6599999999999807e-07,1.2499999999999965e-07,5.0791539251804352e-05,0.00035799999999999997,12288
1024,measured,45,0,handwritten,0,1.0410000000000001e-06,7.5000000000000002e-07,2.0800000000000207e-07,1.6700000000000026e-07,0.0004748334176838398,0.00060541600000000001,12288
1024,measured,45,1,generated,0,1.0419999999999999e-06,7.0900000000000001e-07,2.5000000000000608e-07,1.6700000000000026e-07,5.7499855756759644e-06,0.000287958,12288
1024,measured,46,0,generated,0,1.0410000000000001e-06,7.0900000000000001e-07,2.5000000000000608e-07,1.6700000000000026e-07,5.4999254643917084e-06,0.00030491600000000002,12288
1024,measured,46,1,handwritten,0,1.0419999999999999e-06,7.0900000000000001e-07,2.5000000000000608e-07,1.6700000000000026e-07,5.5832788348197937e-06,0.00029720799999999998,12288
1024,measured,47,0,handwritten,0,1.0419999999999999e-06,7.5000000000000002e-07,2.5000000000000608e-07,1.6700000000000026e-07,5.5418349802494049e-06,0.00029579200000000002,12288
1024,measured,47,1,generated,0,1.0410000000000001e-06,7.0900000000000001e-07,2.5000000000000608e-07,1.6700000000000026e-07,5.4999254643917084e-06,0.00030654100000000002,12288
1024,measured,48,0,generated,0,1.0410000000000001e-06,7.0900000000000001e-07,1.6800000000000246e-07,1.6700000000000026e-07,5.4999254643917084e-06,0.00027849999999999999,12288
1024,measured,48,1,handwritten,0,1.0410000000000001e-06,7.0800000000000004e-07,1.6599999999999807e-07,1.2499999999999965e-07,5.4999254643917084e-06,0.00030833299999999999,12288
1024,measured,49,0,handwritten,0,1.0419999999999999e-06,7.9100000000000003e-07,2.0900000000000427e-07,1.6700000000000026e-07,5.5418349802494049e-06,0.00029583300000000001,12288
1024,measured,49,1,generated,0,1.0419999999999999e-06,7.5000000000000002e-07,2.0900000000000427e-07,1.2499999999999965e-07,5.5832788348197937e-06,0.00030075000000000002,12288
1024,measured,50,0,generated,0,1.0419999999999999e-06,7.5000000000000002e-07,2.0800000000000207e-07,1.6600000000000146e-07,5.5418349802494049e-06,0.00030354200000000002,12288
1024,measured,50,1,handwritten,0,1.0419999999999999e-06,7.0900000000000001e-07,2.0800000000000207e-07,1.2499999999999965e-07,5.5413693189620972e-06,0.00029533400000000002,12288
1024,measured,51,0,handwritten,0,9.9999999999999995e-07,7.0800000000000004e-07,1.6800000000000246e-07,1.6600000000000146e-07,5.5418349802494049e-06,0.000327208,12288
1024,measured,51,1,generated,0,1.0419999999999999e-06,7.5000000000000002e-07,2.5000000000000608e-07,1.2499999999999965e-07,5.5837444961071014e-06,0.000127,12288
1024,measured,52,0,generated,0,1.0410000000000001e-06,7.5000000000000002e-07,2.0900000000000427e-07,1.6600000000000146e-07,5.6251883506774902e-06,0.00036358300000000001,12288
1024,measured,52,1,handwritten,0,1.0419999999999999e-06,7.9100000000000003e-07,2.5000000000000608e-07,1.6700000000000026e-07,5.5413693189620972e-06,0.00013100000000000001,12288
1024,measured,53,0,handwritten,0,1.0419999999999999e-06,7.5000000000000002e-07,1.6800000000000246e-07,1.6700000000000026e-07,5.4999254643917084e-06,0.00031408299999999999,12288
1024,measured,53,1,generated,0,1.083e-06,7.0900000000000001e-07,2.5000000000000608e-07,1.2499999999999965e-07,5.4999254643917084e-06,0.00028829099999999998,12288
1024,measured,54,0,generated,0,1.0410000000000001e-06,7.0900000000000001e-07,1.6800000000000246e-07,1.2499999999999965e-07,5.5832788348197937e-06,0.00030591599999999999,12288
1024,measured,54,1,handwritten,0,1.0410000000000001e-06,7.0800000000000004e-07,2.5000000000000608e-07,1.2499999999999965e-07,5.6251883506774902e-06,0.00028545799999999999,12288
1024,measured,55,0,handwritten,0,9.9999999999999995e-07,7.0900000000000001e-07,2.0800000000000207e-07,1.2499999999999965e-07,5.5413693189620972e-06,0.00030124999999999998,12288
1024,measured,55,1,generated,0,1.0419999999999999e-06,7.0900000000000001e-07,2.0800000000000207e-07,1.6700000000000026e-07,5.5413693189620972e-06,0.00031558399999999999,12288
1024,measured,56,0,generated,0,1.0419999999999999e-06,7.5000000000000002e-07,2.0800000000000207e-07,1.6700000000000026e-07,5.5832788348197937e-06,0.00028733399999999998,12288
1024,measured,56,1,handwritten,0,1.083e-06,7.5000000000000002e-07,1.6800000000000246e-07,1.6700000000000026e-07,5.5418349802494049e-06,0.000274083,12288
1024,measured,57,0,handwritten,0,9.9999999999999995e-07,7.0800000000000004e-07,2.0900000000000427e-07,1.2499999999999965e-07,5.5413693189620972e-06,0.00028370799999999997,12288
1024,measured,57,1,generated,0,1.0410000000000001e-06,7.9100000000000003e-07,1.6599999999999807e-07,1.6700000000000026e-07,5.5418349802494049e-06,0.00028304099999999999,12288
1024,measured,58,0,generated,0,1.0419999999999999e-06,7.5000000000000002e-07,2.0800000000000207e-07,1.6600000000000146e-07,5.5413693189620972e-06,0.00029658400000000002,12288
1024,measured,58,1,handwritten,0,1.0839999999999999e-06,8.3300000000000001e-07,2.499999999999993e-07,1.6600000000000146e-07,1.0250136256217957e-05,0.00014558400000000001,12288
1024,measured,59,0,handwritten,0,1.0839999999999999e-06,7.5000000000000002e-07,2.0800000000000207e-07,1.2499999999999965e-07,0.00047566695138812065,0.000604417,12288
1024,measured,59,1,generated,0,9.9999999999999995e-07,7.0900000000000001e-07,2.0800000000000207e-07,1.2499999999999965e-07,5.666632205247879e-06,0.00028862499999999998,12288
1024,measured,60,0,generated,0,1.0419999999999999e-06,7.0800000000000004e-07,2.5000000000000608e-07,1.2499999999999965e-07,5.4999254643917084e-06,0.00032895800000000002,12288
1024,measured,60,1,handwritten,0,1.0419999999999999e-06,7.0800000000000004e-07,2.0800000000000207e-07,1.2499999999999965e-07,5.5418349802494049e-06,0.000278459,12288
1024,measured,61,0,handwritten,0,9.9999999999999995e-07,7.0800000000000004e-07,1.6599999999999807e-07,1.6600000000000146e-07,5.5832788348197937e-06,0.00030541699999999999,12288
1024,measured,61,1,generated,0,1.083e-06,7.0900000000000001e-07,2.0800000000000207e-07,1.2499999999999965e-07,5.5413693189620972e-06,0.00028166600000000002,12288
1024,measured,62,0,generated,0,1.0410000000000001e-06,8.3300000000000001e-07,2.0800000000000207e-07,1.6700000000000026e-07,5.5413693189620972e-06,0.00030891600000000001,12288
1024,measured,62,1,handwritten,0,1.0839999999999999e-06,7.5000000000000002e-07,2.5000000000000608e-07,1.2499999999999965e-07,5.5832788348197937e-06,0.000296834,12288
1024,measured,63,0,handwritten,0,1.0419999999999999e-06,7.5000000000000002e-07,2.5000000000000608e-07,1.6600000000000146e-07,5.4999254643917084e-06,0.00030112500000000001,12288
1024,measured,63,1,generated,0,1.125e-06,7.92e-07,1.6599999999999807e-07,1.6700000000000026e-07,5.5832788348197937e-06,0.00030212499999999998,12288
1024,measured,64,0,generated,0,1.125e-06,7.5000000000000002e-07,2.5000000000000608e-07,1.6700000000000026e-07,5.5413693189620972e-06,0.00030425,12288
1024,measured,64,1,handwritten,0,1.083e-06,7.0900000000000001e-07,2.0800000000000207e-07,1.2499999999999965e-07,5.5413693189620972e-06,0.00029670800000000002,12288
1024,measured,65,0,handwritten,0,1.0410000000000001e-06,7.5000000000000002e-07,1.6599999999999807e-07,2.0900000000000088e-07,5.8328732848167419e-06,0.00032566600000000001,12288
1024,measured,65,1,generated,0,1.083e-06,7.0900000000000001e-07,1.6599999999999807e-07,1.6700000000000026e-07,5.7918950915336609e-06,0.000413041,12288
1024,measured,66,0,generated,0,1.0410000000000001e-06,7.0800000000000004e-07,2.0900000000000427e-07,1.6700000000000026e-07,5.6247226893901825e-06,0.00013029099999999999,12288
1024,measured,66,1,handwritten,0,1.0410000000000001e-06,7.92e-07,1.6599999999999807e-07,2.0900000000000088e-07,5.4999254643917084e-06,0.00033241599999999998,12288
1024,measured,67,0,handwritten,0,1.083e-06,7.0900000000000001e-07,1.6700000000000026e-07,1.6700000000000026e-07,5.5413693189620972e-06,0.00030366699999999998,12288
1024,measured,67,1,generated,0,1.0419999999999999e-06,7.0900000000000001e-07,2.0900000000000427e-07,1.6700000000000026e-07,5.666632205247879e-06,0.00029479199999999999,12288
1024,measured,68,0,generated,0,1.0419999999999999e-06,7.5000000000000002e-07,2.5000000000000608e-07,1.6700000000000026e-07,5.5832788348197937e-06,0.00028804200000000002,12288
1024,measured,68,1,handwritten,0,1.0419999999999999e-06,7.5000000000000002e-07,1.6800000000000246e-07,1.6700000000000026e-07,5.5413693189620972e-06,0.00030858300000000002,12288
1024,measured,69,0,handwritten,0,1.0410000000000001e-06,7.0800000000000004e-07,2.0800000000000207e-07,1.2499999999999965e-07,5.5418349802494049e-06,0.00030462499999999999,12288
1024,measured,69,1,generated,0,9.9999999999999995e-07,7.5000000000000002e-07,2.0800000000000207e-07,1.6700000000000026e-07,5.4999254643917084e-06,0.00028745799999999998,12288
1024,measured,70,0,generated,0,1.0419999999999999e-06,7.5000000000000002e-07,2.0900000000000427e-07,1.6700000000000026e-07,5.6251883506774902e-06,0.00030120800000000002,12288
1024,measured,70,1,handwritten,0,1.083e-06,7.92e-07,2.920000000000033e-07,1.6700000000000026e-07,5.4999254643917084e-06,0.00029862500000000001,12288
1024,measured,71,0,handwritten,0,1.125e-06,7.5000000000000002e-07,2.5000000000000608e-07,1.6700000000000026e-07,5.5418349802494049e-06,0.00029479199999999999,12288
1024,measured,71,1,generated,0,1.083e-06,7.5000000000000002e-07,2.5000000000000608e-07,1.6600000000000146e-07,5.5418349802494049e-06,0.00029799999999999998,12288
1024,measured,72,0,generated,0,1.0419999999999999e-06,7.5000000000000002e-07,2.0800000000000207e-07,1.6600000000000146e-07,5.1124952733516693e-05,0.000381417,12288
1024,measured,72,1,handwritten,0,9.9999999999999995e-07,7.0900000000000001e-07,2.0900000000000427e-07,2.0900000000000088e-07,0.00046808365732431412,0.00060024999999999998,12288
1024,measured,73,0,handwritten,0,1.0410000000000001e-06,7.5000000000000002e-07,2.0800000000000207e-07,1.6600000000000146e-07,5.6247226893901825e-06,0.00032587499999999999,12288
1024,measured,73,1,generated,0,1.083e-06,6.6700000000000003e-07,1.6800000000000246e-07,1.2499999999999965e-07,5.5832788348197937e-06,0.000289583,12288
1024,measured,74,0,generated,0,1.0419999999999999e-06,7.0800000000000004e-07,2.0900000000000427e-07,1.6700000000000026e-07,5.4999254643917084e-06,0.00029608299999999999,12288
1024,measured,74,1,handwritten,0,1.0410000000000001e-06,7.0900000000000001e-07,2.0800000000000207e-07,1.6700000000000026e-07,5.5003911256790161e-06,0.00029754100000000002,12288
1024,measured,75,0,handwritten,0,1.083e-06,7.5000000000000002e-07,2.0800000000000207e-07,1.6700000000000026e-07,5.5413693189620972e-06,0.00029849999999999999,12288
1024,measured,75,1,generated,0,9.9999999999999995e-07,7.0800000000000004e-07,2.0800000000000207e-07,1.6700000000000026e-07,5.4999254643917084e-06,0.00030025000000000001,12288
1024,measured,76,0,generated,0,1.0410000000000001e-06,7.0900000000000001e-07,2.0800000000000207e-07,1.2499999999999965e-07,5.4999254643917084e-06,0.00029554100000000002,12288
1024,measured,76,1,handwritten,0,1.0410000000000001e-06,7.0900000000000001e-07,2.0800000000000207e-07,1.6700000000000026e-07,5.4999254643917084e-06,0.000298666,12288
1024,measured,77,0,handwritten,0,1.0410000000000001e-06,7.0900000000000001e-07,2.5000000000000608e-07,1.6700000000000026e-07,5.5418349802494049e-06,0.00029674999999999998,12288
1024,measured,77,1,generated,0,1.0419999999999999e-06,7.5000000000000002e-07,2.0800000000000207e-07,1.6600000000000146e-07,5.4999254643917084e-06,0.00030404199999999997,12288
1024,measured,78,0,generated,0,1.083e-06,7.0800000000000004e-07,2.5000000000000608e-07,1.2499999999999965e-07,5.5418349802494049e-06,0.00030291699999999999,12288
1024,measured,78,1,handwritten,0,1.0419999999999999e-06,7.0800000000000004e-07,2.5000000000000608e-07,1.6600000000000146e-07,5.6247226893901825e-06,0.0003435,12288
1024,measured,79,0,handwritten,0,1.0839999999999999e-06,7.92e-07,2.0899999999999749e-07,1.6700000000000026e-07,5.5832788348197937e-06,0.00031795899999999998,12288
1024,measured,79,1,generated,0,1.0419999999999999e-06,7.0800000000000004e-07,2.0899999999999749e-07,1.6600000000000146e-07,5.6247226893901825e-06,0.00042949999999999998,12288
1024,measured,80,0,generated,0,1.0839999999999999e-06,7.5000000000000002e-07,1.6600000000001162e-07,1.6700000000000026e-07,1.1875294148921967e-05,0.00023737500000000001,12288
1024,measured,80,1,handwritten,0,1.0410000000000001e-06,7.0900000000000001e-07,2.5000000000000608e-07,1.6700000000000026e-07,5.5418349802494049e-06,0.0001305,12288
1024,measured,81,0,handwritten,0,1.083e-06,7.5000000000000002e-07,2.0899999999999749e-07,2.0799999999999869e-07,5.4999254643917084e-06,0.00032362500000000002,12288
1024,measured,81,1,generated,0,1.0839999999999999e-06,7.5000000000000002e-07,2.0800000000000885e-07,1.6700000000000026e-07,5.5418349802494049e-06,0.00029524999999999999,12288
1024,measured,82,0,generated,0,1.0410000000000001e-06,7.5000000000000002e-07,2.5000000000000608e-07,1.6700000000000026e-07,5.4999254643917084e-06,0.00031195799999999998,12288
1024,measured,82,1,handwritten,0,1.0839999999999999e-06,7.92e-07,2.0800000000000885e-07,1.6599999999999807e-07,5.5832788348197937e-06,0.000304667,12288
1024,measured,83,0,handwritten,0,1.0419999999999999e-06,7.0800000000000004e-07,2.0899999999999749e-07,1.6700000000000026e-07,5.6247226893901825e-06,0.00030600000000000001,12288
1024,measured,83,1,generated,0,1.0839999999999999e-06,7.0800000000000004e-07,2.0800000000000885e-07,1.6599999999999807e-07,5.5418349802494049e-06,0.00027666700000000003,12288
1024,measured,84,0,generated,0,1.0410000000000001e-06,7.5000000000000002e-07,2.5000000000000608e-07,1.6700000000000026e-07,5.5418349802494049e-06,0.00030925000000000001,12288
1024,measured,84,1,handwritten,0,1.0419999999999999e-06,7.0900000000000001e-07,2.0899999999999749e-07,1.6700000000000026e-07,5.5418349802494049e-06,0.00031641699999999999,12288
1024,measured,85,0,handwritten,0,1.0419999999999999e-06,7.0900000000000001e-07,2.5000000000000608e-07,1.6700000000000026e-07,5.4999254643917084e-06,0.00029679199999999999,12288
1024,measured,85,1,generated,0,1.083e-06,7.5000000000000002e-07,2.5000000000000608e-07,1.6700000000000026e-07,5.0750095397233963e-05,0.00038020799999999999,12288
1024,measured,86,0,generated,0,1.0839999999999999e-06,7.0800000000000004e-07,1.2500000000000304e-07,1.2500000000000304e-07,0.00045012496411800385,0.00060641700000000005,12288
1024,measured,86,1,handwritten,0,1.0410000000000001e-06,7.0800000000000004e-07,2.5000000000000608e-07,1.6700000000000026e-07,5.6247226893901825e-06,0.00033691599999999998,12288
1024,measured,87,0,handwritten,0,1.0410000000000001e-06,7.5000000000000002e-07,2.0800000000000885e-07,1.6700000000000026e-07,5.6251883506774902e-06,0.000308375,12288
1024,measured,87,1,generated,0,1.0419999999999999e-06,7.5000000000000002e-07,2.5000000000000608e-07,1.6599999999999807e-07,5.5418349802494049e-06,0.00028937499999999997,12288
1024,measured,88,0,generated,0,1.0419999999999999e-06,7.0800000000000004e-07,2.5000000000000608e-07,1.2500000000000304e-07,5.5413693189620972e-06,0.00030775000000000003,12288
1024,measured,88,1,handwritten,0,1.0419999999999999e-06,7.0900000000000001e-07,2.0800000000000885e-07,1.6700000000000026e-07,5.5418349802494049e-06,0.00030012499999999999,12288
1024,measured,89,0,handwritten,0,1.083e-06,7.92e-07,2.0800000000000885e-07,1.6599999999999807e-07,5.6247226893901825e-06,0.000301458,12288
1024,measured,89,1,generated,0,1.0419999999999999e-06,7.5000000000000002e-07,2.0800000000000885e-07,1.6599999999999807e-07,5.5832788348197937e-06,0.00028762500000000001,12288
1024,measured,90,0,generated,0,1.0839999999999999e-06,7.5000000000000002e-07,1.6600000000001162e-07,1.6599999999999807e-07,5.6251883506774902e-06,0.00030554200000000001,12288
1024,measured,90,1,handwritten,0,9.9999999999999995e-07,7.0800000000000004e-07,1.6600000000001162e-07,1.2500000000000304e-07,5.6247226893901825e-06,0.00030508400000000001,12288
1024,measured,91,0,handwritten,0,1.0419999999999999e-06,7.0800000000000004e-07,1.679999999999889e-07,1.2500000000000304e-07,5.5418349802494049e-06,0.00027829200000000003,12288
1024,measured,91,1,generated,0,1.0419999999999999e-06,7.0800000000000004e-07,2.0800000000000885e-07,1.2500000000000304e-07,6.5830536186695099e-06,0.00028941699999999998,12288
1024,measured,92,0,generated,0,1.0410000000000001e-06,7.0900000000000001e-07,2.0899999999999749e-07,1.2500000000000304e-07,5.6247226893901825e-06,0.00037654099999999999,12288
1024,measured,92,1,handwritten,0,1.0419999999999999e-06,7.5000000000000002e-07,2.5000000000000608e-07,1.6700000000000026e-07,1.2499745935201645e-05,0.0001805,12288
1024,measured,93,0,handwritten,0,1.0410000000000001e-06,7.5000000000000002e-07,2.0800000000000885e-07,2.0800000000000207e-07,5.666632205247879e-06,0.0001165,12288
1024,measured,93,1,generated,0,1.0419999999999999e-06,7.5000000000000002e-07,2.0899999999999749e-07,1.6700000000000026e-07,5.6247226893901825e-06,0.00031050000000000001,12288
1024,measured,94,0,generated,0,1.0419999999999999e-06,7.0900000000000001e-07,2.5000000000000608e-07,1.6700000000000026e-07,5.6247226893901825e-06,0.00029120900000000001,12288
1024,measured,94,1,handwritten,0,1.083e-06,7.0800000000000004e-07,1.679999999999889e-07,1.6700000000000026e-07,5.6251883506774902e-06,0.00029445799999999999,12288
1024,measured,95,0,handwritten,0,1.0410000000000001e-06,7.5000000000000002e-07,2.0800000000000885e-07,1.2500000000000304e-07,5.6247226893901825e-06,0.00027999999999999998,12288
1024,measured,95,1,generated,0,1.0419999999999999e-06,7.0900000000000001e-07,1.6600000000001162e-07,1.6700000000000026e-07,5.6247226893901825e-06,0.00029791699999999997,12288
1024,measured,96,0,generated,0,1.0410000000000001e-06,7.0900000000000001e-07,1.679999999999889e-07,1.2500000000000304e-07,5.5837444961071014e-06,0.00034054099999999998,12288
1024,measured,96,1,handwritten,0,1.0410000000000001e-06,7.5000000000000002e-07,2.5000000000000608e-07,1.6700000000000026e-07,5.5832788348197937e-06,0.00029729099999999998,12288
1024,measured,97,0,handwritten,0,1.0410000000000001e-06,7.0800000000000004e-07,2.0800000000000885e-07,1.2500000000000304e-07,5.6247226893901825e-06,0.00028650000000000003,12288
1024,measured,97,1,generated,0,1.0839999999999999e-06,7.9100000000000003e-07,2.0800000000000885e-07,2.0899999999999749e-07,5.6251883506774902e-06,0.00029337500000000002,12288
1024,measured,98,0,generated,0,1.083e-06,7.5000000000000002e-07,2.5000000000000608e-07,1.6700000000000026e-07,5.6251883506774902e-06,0.00027654099999999999,12288
1024,measured,98,1,handwritten,0,1.0419999999999999e-06,7.5000000000000002e-07,2.0899999999999749e-07,1.6599999999999807e-07,5.5413693189620972e-06,0.00028637500000000001,12288
1024,measured,99,0,handwritten,0,1.0419999999999999e-06,7.0900000000000001e-07,2.0899999999999749e-07,1.2500000000000304e-07,5.0167087465524673e-05,0.000373333,12288
1024,measured,99,1,generated,0,9.9999999999999995e-07,7.0900000000000001e-07,1.6600000000001162e-07,1.6700000000000026e-07,0.00045450031757354736,0.00060695900000000001,12288
65536,warmup,0,0,generated,0,2.9541999999999999e-05,6.9580000000000001e-06,2.8667000000000002e-05,6.2920000000000001e-06,1.2625008821487427e-05,0.00028445800000000002,786432
65536,warmup,0,1,handwritten,0,8.3340000000000002e-06,4.916e-06,7.4580000000000089e-06,4.3340000000000029e-06,1.2042000889778137e-05,0.00028912499999999999,786432
65536,warmup,1,0,handwritten,0,8.3750000000000003e-06,5.2499999999999997e-06,7.5000000000000197e-06,4.6249999999999972e-06,1.2124888598918915e-05,0.00026316600000000001,786432
65536,warmup,1,1,generated,0,8.4169999999999992e-06,4.9590000000000003e-06,7.4999999999999926e-06,4.3749999999999979e-06,1.1916738003492355e-05,0.00025508300000000002,786432
65536,warmup,2,0,generated,0,8.4579999999999993e-06,5.0000000000000004e-06,7.5410000000000147e-06,4.3749999999999979e-06,1.2042000889778137e-05,0.00028287499999999998,786432
65536,warmup,2,1,handwritten,0,8.5839999999999995e-06,5.1669999999999998e-06,7.6660000000000042e-06,4.4999999999999942e-06,1.1875294148921967e-05,0.00029370900000000002,786432
65536,warmup,3,0,handwritten,0,8.5420000000000005e-06,5.1669999999999998e-06,7.7499999999999986e-06,4.500000000000001e-06,1.1874828487634659e-05,0.00028616699999999999,786432
65536,warmup,3,1,generated,0,8.7919999999999998e-06,5.2499999999999997e-06,7.9169999999999989e-06,4.665999999999999e-06,1.1875294148921967e-05,0.00027541700000000002,786432
65536,warmup,4,0,generated,0,8.3750000000000003e-06,4.9579999999999998e-06,7.4580000000000089e-06,4.3330000000000007e-06,1.2000091373920441e-05,0.00027762499999999999,786432
65536,warmup,4,1,handwritten,0,8.3750000000000003e-06,5.3329999999999996e-06,7.4590000000000246e-06,4.625000000000004e-06,1.2000091373920441e-05,0.00028216599999999998,786432
65536,warmup,5,0,handwritten,0,8.541e-06,4.9169999999999997e-06,7.6240000000000205e-06,4.2910000000000035e-06,1.9249971956014633e-05,0.00031887499999999999,786432
65536,warmup,5,1,generated,0,8.3750000000000003e-06,5.0839999999999999e-06,7.5830000000000255e-06,4.4580000000000037e-06,1.183338463306427e-05,0.00033112499999999998,786432
65536,warmup,6,0,generated,0,8.4169999999999992e-06,5.0000000000000004e-06,7.5000000000000197e-06,4.3340000000000029e-06,1.2458302080631256e-05,0.00042137499999999998,786432
65536,warmup,6,1,handwritten,0,8.5420000000000005e-06,5.2499999999999997e-06,7.6250000000000363e-06,4.5830000000000068e-06,1.2249685823917389e-05,0.000234334,786432
65536,warmup,7,0,handwritten,0,8.4589999999999998e-06,5.1660000000000002e-06,7.6259999999999978e-06,4.5419999999999982e-06,1.2208241969347e-05,0.00035454200000000001,786432
65536,warmup,7,1,generated,0,8.5830000000000007e-06,5.2920000000000003e-06,7.6250000000000363e-06,4.665999999999999e-06,1.2000091373920441e-05,0.000282708,786432
65536,warmup,8,0,generated,0,8.7080000000000003e-06,5.2079999999999999e-06,7.7080000000000421e-06,4.625000000000004e-06,1.2166798114776611e-05,0.00028670799999999999,786432
65536,warmup,8,1,handwritten,0,8.8340000000000005e-06,5.0409999999999997e-06,7.8750000000000152e-06,4.3749999999999979e-06,1.1916738003492355e-05,0.00028812500000000002,786432
65536,warmup,9,0,handwritten,0,8.6249999999999996e-06,4.9590000000000003e-06,7.5830000000000255e-06,4.2920000000000057e-06,1.2124888598918915e-05,0.00028866699999999999,786432
65536,warmup,9,1,generated,0,8.5830000000000007e-06,4.9579999999999998e-06,7.6660000000000313e-06,4.3339999999999893e-06,1.1750031262636185e-05,0.00028187500000000001,786432
65536,measured,0,0,generated,0,8.4579999999999993e-06,5.0420000000000002e-06,7.5000000000000197e-06,4.4169999999999951e-06,1.1874828487634659e-05,0.00028412499999999998,786432
65536,measured,0,1,handwritten,0,8.4999999999999999e-06,4.9169999999999997e-06,7.4999999999999655e-06,4.3330000000000007e-06,1.2082979083061218e-05,0.00024808300000000002,786432
65536,measured,1,0,handwritten,0,8.6249999999999996e-06,5.0000000000000004e-06,7.5829999999999171e-06,4.4160000000000065e-06,1.2333039194345474e-05,0.00027125000000000001,786432
65536,measured,1,1,generated,0,8.5420000000000005e-06,5.0000000000000004e-06,7.7089999999999494e-06,4.3750000000000115e-06,5.6958291679620743e-05,0.00032695800000000002,786432
65536,measured,2,0,generated,0,8.4999999999999999e-06,4.9579999999999998e-06,7.5409999999999063e-06,4.3750000000000115e-06,0.00042970851063728333,0.00058995800000000002,786432
65536,measured,2,1,handwritten,0,8.3329999999999997e-06,4.9579999999999998e-06,7.4999999999999113e-06,4.3330000000000007e-06,1.2458302080631256e-05,0.000290458,786432
65536,measured,3,0,handwritten,0,8.4579999999999993e-06,4.9590000000000003e-06,7.6249999999999278e-06,4.3330000000000007e-06,1.2041535228490829e-05,0.0002945,786432
65536,measured,3,1,generated,0,8.3329999999999997e-06,4.9169999999999997e-06,7.541999999999922e-06,4.2920000000000057e-06,1.2041535228490829e-05,0.00028645800000000001,786432
65536,measured,4,0,generated,0,8.4999999999999999e-06,5.0830000000000003e-06,7.4999999999999113e-06,4.4169999999999951e-06,1.1875294148921967e-05,0.00028791599999999999,786432
65536,measured,4,1,handwritten,0,8.4579999999999993e-06,5.3329999999999996e-06,7.4999999999999113e-06,4.5830000000000068e-06,1.2500211596488953e-05,0.00026904099999999997,786432
65536,measured,5,0,handwritten,0,8.3750000000000003e-06,4.9169999999999997e-06,7.5829999999999171e-06,4.2920000000000057e-06,1.1916738003492355e-05,0.00027637499999999998,786432
65536,measured,5,1,generated,0,8.4579999999999993e-06,5.0000000000000004e-06,7.500999999999927e-06,4.4160000000000065e-06,1.1666677892208099e-05,0.00027166700000000001,786432
65536,measured,6,0,generated,0,8.6249999999999996e-06,4.916e-06,7.8329999999999502e-06,4.2920000000000057e-06,1.2083444744348526e-05,0.00028108300000000001,786432
65536,measured,6,1,handwritten,0,8.4169999999999992e-06,5.0000000000000004e-06,7.5829999999999171e-06,4.3750000000000115e-06,1.2000091373920441e-05,0.00034404200000000002,786432
65536,measured,7,0,handwritten,0,8.4999999999999999e-06,5.0839999999999999e-06,7.6249999999999278e-06,4.500000000000001e-06,1.9208062440156937e-05,0.00029762499999999998,786432
65536,measured,7,1,generated,0,8.3750000000000003e-06,4.916e-06,7.541999999999922e-06,4.2920000000000057e-06,1.1791475117206573e-05,0.00032654199999999998,786432
65536,measured,8,0,generated,0,8.4589999999999998e-06,5.2499999999999997e-06,7.5839999999999328e-06,4.6249999999999904e-06,1.2124888598918915e-05,0.00034283399999999998,786432
65536,measured,8,1,handwritten,0,8.6249999999999996e-06,4.9169999999999997e-06,7.5829999999999171e-06,4.2920000000000057e-06,1.2292061001062393e-05,0.00034908399999999999,786432
65536,measured,9,0,handwritten,0,7.9999999999999996e-06,4.9590000000000003e-06,7.0840000000000833e-06,4.2920000000000057e-06,1.1874828487634659e-05,0.000250375,786432
65536,measured,9,1,generated,0,7.8339999999999999e-06,4.9169999999999997e-06,6.9170000000000559e-06,4.2920000000000057e-06,1.2125354260206223e-05,0.00027641699999999999,786432
65536,measured,10,0,generated,0,7.9999999999999996e-06,4.9579999999999998e-06,7.2910000000000899e-06,4.3330000000000007e-06,1.1874828487634659e-05,0.000270458,786432
65536,measured,10,1,handwritten,0,7.9170000000000006e-06,5.0420000000000002e-06,7.0420000000000725e-06,4.3750000000000115e-06,1.1791475117206573e-05,0.00028479200000000002,786432
65536,measured,11,0,handwritten,0,7.875e-06,5.0420000000000002e-06,6.9580000000000509e-06,4.4160000000000065e-06,1.2125354260206223e-05,0.00027791699999999998,786432
65536,measured,11,1,generated,0,7.875e-06,4.9579999999999998e-06,6.9580000000000509e-06,4.3330000000000007e-06,1.1791940778493881e-05,0.00029512499999999998,786432
65536,measured,12,0,generated,0,7.875e-06,4.9169999999999997e-06,7.0000000000000617e-06,4.2909999999999899e-06,1.2000091373920441e-05,0.00033199999999999999,786432
65536,measured,12,1,handwritten,0,7.9170000000000006e-06,5.0000000000000004e-06,6.9170000000000559e-06,4.3750000000000115e-06,1.2000091373920441e-05,0.00028141700000000001,786432
65536,measured,13,0,handwritten,0,7.9580000000000007e-06,5.0000000000000004e-06,7.0830000000000675e-06,4.3749999999999844e-06,1.1874828487634659e-05,0.00026629099999999999,786432
65536,measured,13,1,generated,0,7.875e-06,5.1250000000000001e-06,6.9170000000000559e-06,4.4159999999999794e-06,1.1874828487634659e-05,0.00028949999999999999,786432
65536,measured,14,0,generated,0,7.875e-06,5.6250000000000004e-06,6.9590000000000667e-06,5.0000000000000131e-06,1.1958181858062744e-05,0.00027358299999999999,786432
65536,measured,14,1,handwritten,0,7.9999999999999996e-06,5.4580000000000001e-06,7.1670000000000891e-06,4.8329999999999857e-06,0.00066687492653727531,0.00096262500000000005,786432
65536,measured,15,0,handwritten,0,7.9160000000000001e-06,4.9579999999999998e-06,7.0420000000000725e-06,4.3749999999999844e-06,1.2583564966917038e-05,0.00030587499999999999,786432
65536,measured,15,1,generated,0,7.8329999999999994e-06,5.2499999999999997e-06,6.9169999999999475e-06,4.5830000000000068e-06,1.1750031262636185e-05,0.00027587500000000002,786432
65536,measured,16,0,generated,0,8.0839999999999992e-06,5.0000000000000004e-06,7.2089999999999915e-06,4.3749999999999844e-06,1.1750031262636185e-05,0.000271167,786432
65536,measured,16,1,handwritten,0,8.1249999999999993e-06,5.0000000000000004e-06,7.3750000000000031e-06,4.3339999999999893e-06,1.1874828487634659e-05,0.00028570800000000002,786432
65536,measured,17,0,handwritten,0,7.875e-06,5.0830000000000003e-06,6.9589999999999583e-06,4.500000000000001e-06,1.1874828487634659e-05,0.000258583,786432
65536,measured,17,1,generated,0,7.875e-06,4.9590000000000003e-06,6.9160000000000402e-06,4.291000000000017e-06,1.1832918971776962e-05,0.000280542,786432
65536,measured,18,0,generated,0,7.9160000000000001e-06,4.9169999999999997e-06,6.9160000000000402e-06,4.3329999999999736e-06,1.9125174731016159e-05,0.00030124999999999998,786432
65536,measured,18,1,handwritten,0,7.9170000000000006e-06,5.0000000000000004e-06,6.9160000000000402e-06,4.4169999999999951e-06,1.2000091373920441e-05,0.00031125,786432
65536,measured,19,0,handwritten,0,7.8329999999999994e-06,4.9579999999999998e-06,6.8740000000000294e-06,4.3329999999999736e-06,1.2000091373920441e-05,0.00016187499999999999,786432
65536,measured,19,1,generated,0,7.9580000000000007e-06,5.2079999999999999e-06,7.081999999999835e-06,4.5840000000000225e-06,1.2125354260206223e-05,0.00033816599999999999,786432
65536,measured,20,0,generated,0,7.9170000000000006e-06,4.9169999999999997e-06,6.8749999999999367e-06,4.291000000000017e-06,1.1958647519350052e-05,0.00026445899999999998,786432
65536,measured,20,1,handwritten,0,7.875e-06,5.0000000000000004e-06,7.0420000000000725e-06,4.3749999999999844e-06,1.1958181858062744e-05,0.00026679200000000002,786432
65536,measured,21,0,handwritten,0,7.8329999999999994e-06,5.0000000000000004e-06,6.7919999999998225e-06,4.4159999999999794e-06,1.2166798114776611e-05,0.00025187499999999998,786432
65536,measured,21,1,generated,0,7.8329999999999994e-06,4.9579999999999998e-06,6.8329999999999259e-06,4.3749999999999844e-06,1.2000091373920441e-05,0.00028166699999999999,786432
65536,measured,22,0,generated,0,7.8329999999999994e-06,4.9579999999999998e-06,6.8339999999998333e-06,4.3749999999999844e-06,1.1875294148921967e-05,0.00028275000000000002,786432
65536,measured,22,1,handwritten,0,7.9160000000000001e-06,5.0000000000000004e-06,6.9169999999999475e-06,4.4159999999999794e-06,1.2041535228490829e-05,0.000258958,786432
65536,measured,23,0,handwritten,0,7.8329999999999994e-06,5.0000000000000004e-06,6.9169999999999475e-06,4.4579999999999902e-06,1.183338463306427e-05,0.000256875,786432
65536,measured,23,1,generated,0,7.9170000000000006e-06,4.9169999999999997e-06,6.9179999999998548e-06,4.3329999999999736e-06,1.1916272342205048e-05,0.000271625,786432
65536,measured,24,0,generated,0,7.8329999999999994e-06,5.0000000000000004e-06,6.8749999999999367e-06,4.3339999999999893e-06,1.2083444744348526e-05,0.00030520800000000001,786432
65536,measured,24,1,handwritten,0,7.8329999999999994e-06,4.8749999999999999e-06,6.9169999999999475e-06,4.250000000000022e-06,1.1874828487634659e-05,0.00025912500000000002,786432
65536,measured,25,0,handwritten,0,7.9170000000000006e-06,5.2499999999999997e-06,7.0419999999998557e-06,4.6250000000000176e-06,1.2250151485204697e-05,0.00028225,786432
65536,measured,25,1,generated,0,7.875e-06,4.9579999999999998e-06,6.9169999999999475e-06,4.3749999999999844e-06,1.2041535228490829e-05,0.00026783299999999998,786432
65536,measured,26,0,generated,0,7.875e-06,5.0420000000000002e-06,6.9169999999999475e-06,4.3749999999999844e-06,5.7250261306762695e-05,0.00035016700000000002,786432
65536,measured,26,1,handwritten,0,7.2089999999999999e-06,4.9590000000000003e-06,6.4999999999999954e-06,4.3329999999999736e-06,0.00044329185038805008,0.00057208400000000005,786432
65536,measured,27,0,handwritten,0,7.0829999999999998e-06,4.9590000000000003e-06,6.3330000000000764e-06,4.291000000000017e-06,1.2000091373920441e-05,0.00031304100000000001,786432
65536,measured,27,1,generated,0,7.1670000000000002e-06,5.0000000000000004e-06,6.417000000000098e-06,4.3339999999999893e-06,1.2124888598918915e-05,0.00027212500000000001,786432
65536,measured,28,0,generated,0,7.1670000000000002e-06,4.8749999999999999e-06,6.417000000000098e-06,4.250000000000022e-06,1.2000091373920441e-05,0.00025583399999999998,786432
65536,measured,28,1,handwritten,0,7.1670000000000002e-06,4.9579999999999998e-06,6.3759999999999945e-06,4.2919999999999786e-06,1.1916738003492355e-05,0.00027195799999999999,786432
65536,measured,29,0,handwritten,0,7.1670000000000002e-06,4.9169999999999997e-06,6.3759999999999945e-06,4.3329999999999736e-06,1.2291595339775085e-05,0.00025591699999999998,786432
65536,measured,29,1,generated,0,7.2080000000000003e-06,5.0000000000000004e-06,6.4159999999999738e-06,4.3749999999999844e-06,1.2083444744348526e-05,0.00027479199999999999,786432
65536,measured,30,0,generated,0,7.1670000000000002e-06,4.9579999999999998e-06,6.4579999999999846e-06,4.3329999999999736e-06,1.2000091373920441e-05,0.000269125,786432
65536,measured,30,1,handwritten,0,7.2089999999999999e-06,5.0839999999999999e-06,6.417000000000098e-06,4.500000000000001e-06,1.1958647519350052e-05,0.00026725000000000002,786432
65536,measured,31,0,handwritten,0,7.3749999999999997e-06,5.0000000000000004e-06,6.6249999999999035e-06,4.3339999999999893e-06,8.2501210272312164e-06,0.00023883300000000001,786432
65536,measured,31,1,generated,0,7.2080000000000003e-06,5.0420000000000002e-06,6.4579999999999846e-06,4.3339999999999893e-06,8.292030543088913e-06,0.00023149999999999999,786432
65536,measured,32,0,generated,0,7.1670000000000002e-06,4.8749999999999999e-06,6.4169999999998811e-06,4.291000000000017e-06,8.6664222180843353e-06,0.00022599999999999999,786432
65536,measured,32,1,handwritten,0,7.1670000000000002e-06,4.9169999999999997e-06,6.4589999999998919e-06,4.3329999999999736e-06,8.2501210272312164e-06,0.00026570899999999999,786432
65536,measured,33,0,handwritten,0,7.1659999999999997e-06,5.0000000000000004e-06,6.4159999999999738e-06,4.3749999999999844e-06,8.3749182522296906e-06,0.00033349999999999997,786432
65536,measured,33,1,generated,0,7.1250000000000004e-06,4.9579999999999998e-06,6.3750000000000872e-06,4.3329999999999736e-06,3.8875266909599304e-05,0.000212625,786432
65536,measured,34,0,generated,0,7.1250000000000004e-06,4.9169999999999997e-06,6.3749999999998704e-06,4.3329999999999736e-06,8.3334743976593018e-06,0.00028691600000000002,786432
65536,measured,34,1,handwritten,0,7.1659999999999997e-06,4.9590000000000003e-06,6.4159999999999738e-06,4.3329999999999736e-06,8.5416249930858612e-06,0.00022954099999999999,786432
65536,measured,35,0,handwritten,0,7.2080000000000003e-06,4.9579999999999998e-06,6.4579999999999846e-06,4.3329999999999736e-06,8.4997154772281647e-06,0.000220917,786432
65536,measured,35,1,generated,0,7.1670000000000002e-06,4.9579999999999998e-06,6.3750000000000872e-06,4.3339999999999893e-06,8.3749182522296906e-06,0.000205458,786432
65536,measured,36,0,generated,0,7.1670000000000002e-06,5.0420000000000002e-06,6.4169999999998811e-06,4.4169999999999951e-06,8.5416249930858612e-06,0.000231709,786432
65536,measured,36,1,handwritten,0,7.1659999999999997e-06,4.9579999999999998e-06,6.4159999999999738e-06,4.3749999999999844e-06,1.2333504855632782e-05,0.00029833300000000002,786432
65536,measured,37,0,handwritten,0,7.3339999999999996e-06,4.9590000000000003e-06,6.5420000000000061e-06,4.2919999999999786e-06,1.1791475117206573e-05,0.000284584,786432
65536,measured,37,1,generated,0,7.4580000000000004e-06,5.0830000000000003e-06,6.7080000000000178e-06,4.4579999999999902e-06,1.1999625712633133e-05,0.00024949999999999999,786432
65536,measured,38,0,generated,0,7.2080000000000003e-06,4.9579999999999998e-06,6.4999999999999954e-06,4.3749999999999844e-06,1.2208241969347e-05,0.00026708299999999999,786432
65536,measured,38,1,handwritten,0,7.1250000000000004e-06,5.0830000000000003e-06,6.3750000000000872e-06,4.4590000000000059e-06,1.1875294148921967e-05,0.00027591600000000002,786432
65536,measured,39,0,handwritten,0,7.2919999999999998e-06,4.9579999999999998e-06,6.5420000000000061e-06,4.3339999999999893e-06,5.8750156313180923e-05,0.00034054199999999999,786432
65536,measured,39,1,generated,0,7.2910000000000002e-06,5.0000000000000004e-06,6.5830000000001096e-06,4.3339999999999893e-06,0.00043125031515955925,0.00057883299999999995,786432
65536,measured,40,0,generated,0,7.1670000000000002e-06,4.9579999999999998e-06,6.4589999999998919e-06,4.3329999999999736e-06,1.1916738003492355e-05,0.000298084,786432
65536,measured,40,1,handwritten,0,7.25e-06,4.8749999999999999e-06,6.417000000000098e-06,4.291000000000017e-06,1.1791475117206573e-05,0.00026370899999999999,786432
65536,measured,41,0,handwritten,0,7.1670000000000002e-06,4.9169999999999997e-06,6.4169999999998811e-06,4.291000000000017e-06,1.1874828487634659e-05,0.00026291699999999999,786432
65536,measured,41,1,generated,0,7.2089999999999999e-06,4.9579999999999998e-06,6.4589999999998919e-06,4.3340000000000435e-06,1.2374948710203171e-05,0.00026141700000000001,786432
65536,measured,42,0,generated,0,7.1659999999999997e-06,4.9579999999999998e-06,6.4159999999999738e-06,4.2920000000000328e-06,1.1874828487634659e-05,0.00027066599999999997,786432
65536,measured,42,1,handwritten,0,7.1250000000000004e-06,5.0000000000000004e-06,6.3750000000000872e-06,4.3750000000000386e-06,1.1666677892208099e-05,0.00026266700000000001,786432
65536,measured,43,0,handwritten,0,7.2080000000000003e-06,5.0000000000000004e-06,6.4159999999999738e-06,4.3750000000000386e-06,1.1999625712633133e-05,0.00028483300000000002,786432
65536,measured,43,1,generated,0,7.1670000000000002e-06,4.9169999999999997e-06,6.4159999999999738e-06,4.291000000000017e-06,1.2000091373920441e-05,0.000252375,786432
65536,measured,44,0,generated,0,7.1659999999999997e-06,4.9590000000000003e-06,6.4159999999999738e-06,4.3330000000000278e-06,1.183338463306427e-05,0.00024649999999999997,786432
65536,measured,44,1,handwritten,0,7.25e-06,5.0000000000000004e-06,6.4579999999999846e-06,4.4170000000000494e-06,8.3753839135169983e-06,0.000243959,786432
65536,measured,45,0,handwritten,0,7.25e-06,4.9169999999999997e-06,6.4999999999999954e-06,4.291000000000017e-06,8.2082115113735199e-06,0.000222208,786432
65536,measured,45,1,generated,0,7.1250000000000004e-06,4.9590000000000003e-06,6.4579999999999846e-06,4.3330000000000278e-06,8.6249783635139465e-06,0.000253167,786432
65536,measured,46,0,generated,0,7.25e-06,4.8749999999999999e-06,6.4579999999999846e-06,4.2920000000000328e-06,8.2496553659439087e-06,0.00026462499999999999,786432
65536,measured,46,1,handwritten,0,7.25e-06,4.9169999999999997e-06,6.4580000000004183e-06,4.3330000000000278e-06,8.292030543088913e-06,0.00026533399999999999,786432
65536,measured,47,0,handwritten,0,7.25e-06,4.916e-06,6.4580000000004183e-06,4.2920000000000328e-06,8.3749182522296906e-06,0.00027520799999999998,786432
65536,measured,47,1,generated,0,7.1670000000000002e-06,4.8749999999999999e-06,6.4170000000003148e-06,4.250000000000022e-06,8.2501210272312164e-06,0.000213542,786432
65536,measured,48,0,generated,0,7.1250000000000004e-06,4.916e-06,6.4170000000003148e-06,4.2920000000000328e-06,8.4997154772281647e-06,0.00021641600000000001,786432
65536,measured,48,1,handwritten,0,7.1659999999999997e-06,4.9579999999999998e-06,6.4579999999999846e-06,4.3750000000000386e-06,8.3334743976593018e-06,0.00021474999999999999,786432
65536,measured,49,0,handwritten,0,7.1670000000000002e-06,4.9590000000000003e-06,6.375000000000304e-06,4.3330000000000278e-06,8.2082115113735199e-06,0.00021345899999999999,786432
65536,measured,49,1,generated,0,7.1670000000000002e-06,4.916e-06,6.4170000000003148e-06,4.3340000000000435e-06,8.2501210272312164e-06,0.000214,786432
65536,measured,50,0,generated,0,7.1670000000000002e-06,4.9579999999999998e-06,6.3330000000002933e-06,4.3750000000000386e-06,8.3749182522296906e-06,0.00023204200000000001,786432
65536,measured,50,1,handwritten,0,7.1670000000000002e-06,4.9579999999999998e-06,6.4180000000002221e-06,4.3750000000000386e-06,8.292030543088913e-06,0.00021387500000000001,786432
65536,measured,51,0,handwritten,0,7.0829999999999998e-06,4.9169999999999997e-06,6.3330000000002933e-06,4.291000000000017e-06,8.3749182522296906e-06,0.00021225000000000001,786432
65536,measured,51,1,generated,0,7.1659999999999997e-06,4.9579999999999998e-06,6.4580000000004183e-06,4.3340000000000435e-06,8.3334743976593018e-06,0.00021008299999999999,786432
65536,measured,52,0,generated,0,7.1670000000000002e-06,4.916e-06,6.4170000000003148e-06,4.3340000000000435e-06,8.2496553659439087e-06,0.00021937500000000001,786432
65536,measured,52,1,handwritten,0,7.1670000000000002e-06,4.9169999999999997e-06,6.3760000000002114e-06,4.3330000000000278e-06,8.2915648818016052e-06,0.00021212499999999999,786432
65536,measured,53,0,handwritten,0,7.1250000000000004e-06,4.8749999999999999e-06,6.375000000000304e-06,4.250000000000022e-06,8.6668878793716431e-06,0.000217541,786432
65536,measured,53,1,generated,0,7.25e-06,5.0420000000000002e-06,6.4170000000003148e-06,4.4160000000000336e-06,8.3334743976593018e-06,0.00020429199999999999,786432
65536,measured,54,0,generated,0,7.3749999999999997e-06,4.9579999999999998e-06,6.6250000000001204e-06,4.2920000000000328e-06,0.00031041679903864861,0.00045849999999999998,786432
65536,measured,54,1,handwritten,0,7.3339999999999996e-06,4.9169999999999997e-06,6.5840000000000169e-06,4.291000000000017e-06,6.5001659095287323e-06,0.00026345900000000001,786432
65536,measured,55,0,handwritten,0,7.1659999999999997e-06,4.9579999999999998e-06,6.4160000000004075e-06,4.3750000000000386e-06,6.3329935073852539e-06,0.00018904100000000001,786432
65536,measured,55,1,generated,0,7.1670000000000002e-06,4.9579999999999998e-06,6.375000000000304e-06,4.3330000000000278e-06,6.3749030232429504e-06,0.00017550000000000001,786432
65536,measured,56,0,generated,0,7.2089999999999999e-06,4.9169999999999997e-06,6.4590000000003256e-06,4.3330000000000278e-06,6.5001659095287323e-06,0.00016445899999999999,786432
65536,measured,56,1,handwritten,0,7.1250000000000004e-06,5.0000000000000004e-06,6.4170000000003148e-06,4.3750000000000386e-06,6.416812539100647e-06,0.00017979199999999999,786432
65536,measured,57,0,handwritten,0,7.1250000000000004e-06,4.9169999999999997e-06,6.4160000000004075e-06,4.3330000000000278e-06,6.3334591686725616e-06,0.000172666,786432
65536,measured,57,1,generated,0,7.2089999999999999e-06,4.9169999999999997e-06,6.4590000000003256e-06,4.291000000000017e-06,6.3753686845302582e-06,0.000165709,786432
65536,measured,58,0,generated,0,7.1670000000000002e-06,4.9169999999999997e-06,6.4589999999998919e-06,4.3330000000000278e-06,6.2915496528148651e-06,0.00018358400000000001,786432
65536,measured,58,1,handwritten,0,7.1670000000000002e-06,4.9169999999999997e-06,6.4160000000004075e-06,4.291000000000017e-06,6.3334591686725616e-06,0.00018737499999999999,786432
65536,measured,59,0,handwritten,0,7.1659999999999997e-06,4.9169999999999997e-06,6.4160000000004075e-06,4.3340000000000435e-06,6.416812539100647e-06,0.00019179099999999999,786432
65536,measured,59,1,generated,0,7.2080000000000003e-06,4.8749999999999999e-06,6.4160000000004075e-06,4.291000000000017e-06,6.5001659095287323e-06,0.000186083,786432
65536,measured,60,0,generated,0,7.2080000000000003e-06,4.8749999999999999e-06,6.4579999999999846e-06,4.291000000000017e-06,6.2501057982444763e-06,0.000164,786432
65536,measured,60,1,handwritten,0,7.1250000000000004e-06,4.9590000000000003e-06,6.375000000000304e-06,4.250000000000022e-06,6.3749030232429504e-06,0.00020179200000000001,786432
65536,measured,61,0,handwritten,0,7.1670000000000002e-06,5.0000000000000004e-06,6.4170000000003148e-06,4.3750000000000386e-06,6.5001659095287323e-06,0.00021699999999999999,786432
65536,measured,61,1,generated,0,7.1670000000000002e-06,4.9579999999999998e-06,6.4580000000004183e-06,4.3330000000000278e-06,6.6249631345272064e-06,0.000198125,786432
65536,measured,62,0,generated,0,7.1670000000000002e-06,5.0000000000000004e-06,6.4170000000003148e-06,4.4170000000000494e-06,6.2501057982444763e-06,0.00016458400000000001,786432
65536,measured,62,1,handwritten,0,7.3329999999999999e-06,4.9169999999999997e-06,6.5830000000001096e-06,4.291000000000017e-06,6.3334591686725616e-06,0.00028508299999999999,786432
65536,measured,63,0,handwritten,0,7.1659999999999997e-06,4.9579999999999998e-06,6.4579999999999846e-06,4.3750000000000386e-06,6.3749030232429504e-06,0.000204833,786432
65536,measured,63,1,generated,0,7.1670000000000002e-06,4.9169999999999997e-06,6.4590000000003256e-06,4.3330000000000278e-06,6.4997002482414246e-06,0.000126709,786432
65536,measured,64,0,generated,0,7.25e-06,4.9590000000000003e-06,6.4580000000004183e-06,4.3330000000000278e-06,6.2501057982444763e-06,0.000191084,786432
65536,measured,64,1,handwritten,0,7.1250000000000004e-06,4.9579999999999998e-06,6.4170000000003148e-06,4.3330000000000278e-06,6.3749030232429504e-06,0.00016716699999999999,786432
65536,measured,65,0,handwritten,0,7.0840000000000003e-06,4.9579999999999998e-06,6.375000000000304e-06,4.3330000000000278e-06,6.3334591686725616e-06,0.00021491699999999999,786432
65536,measured,65,1,generated,0,7.2089999999999999e-06,4.916e-06,6.4170000000003148e-06,4.2920000000000328e-06,6.3753686845302582e-06,0.00018474999999999999,786432
65536,measured,66,0,generated,0,7.1659999999999997e-06,4.9169999999999997e-06,6.4160000000004075e-06,4.3330000000000278e-06,6.3749030232429504e-06,0.000178958,786432
65536,measured,66,1,handwritten,0,7.1250000000000004e-06,4.8749999999999999e-06,6.4170000000003148e-06,4.250000000000022e-06,6.5001659095287323e-06,0.000201709,786432
65536,measured,67,0,handwritten,0,7.25e-06,4.8749999999999999e-06,6.4170000000003148e-06,4.250000000000022e-06,6.4587220549583435e-06,0.00017308300000000001,786432
65536,measured,67,1,generated,0,7.2089999999999999e-06,4.9590000000000003e-06,6.500000000000429e-06,4.3750000000000386e-06,6.3749030232429504e-06,0.00018033400000000001,786432
65536,measured,68,0,generated,0,7.25e-06,4.9169999999999997e-06,6.4160000000004075e-06,4.2920000000000328e-06,8.3749182522296906e-06,0.00026787499999999999,786432
65536,measured,68,1,handwritten,0,7.0829999999999998e-06,4.9169999999999997e-06,6.3330000000002933e-06,4.2920000000000328e-06,8.3749182522296906e-06,0.00022525,786432
65536,measured,69,0,handwritten,0,7.2080000000000003e-06,4.9169999999999997e-06,6.4160000000004075e-06,4.3330000000000278e-06,8.3749182522296906e-06,0.00021729200000000001,786432
65536,measured,69,1,generated,0,7.1670000000000002e-06,5.0000000000000004e-06,6.4170000000003148e-06,4.3750000000000386e-06,8.3749182522296906e-06,0.000196875,786432
65536,measured,70,0,generated,0,7.1670000000000002e-06,4.9169999999999997e-06,6.4170000000003148e-06,4.3330000000000278e-06,8.4168277680873871e-06,0.00020033400000000001,786432
65536,measured,70,1,handwritten,0,7.1670000000000002e-06,4.9169999999999997e-06,6.4170000000003148e-06,4.291000000000017e-06,8.3749182522296906e-06,0.00022599999999999999,786432
65536,measured,71,0,handwritten,0,7.1670000000000002e-06,5.0000000000000004e-06,6.4170000000003148e-06,4.3750000000000386e-06,3.6749988794326782e-05,0.00026729199999999997,786432
65536,measured,71,1,generated,0,7.1659999999999997e-06,5.0000000000000004e-06,6.4160000000004075e-06,4.3330000000000278e-06,0.00024625007063150406,0.00038533300000000002,786432
65536,measured,72,0,generated,0,7.1659999999999997e-06,4.9579999999999998e-06,6.4160000000004075e-06,4.3340000000000435e-06,6.4582563936710358e-06,0.00026133299999999999,786432
65536,measured,72,1,handwritten,0,7.1670000000000002e-06,5.2499999999999997e-06,6.4580000000004183e-06,4.6249999999999633e-06,6.3749030232429504e-06,0.00019691700000000001,786432
65536,measured,73,0,handwritten,0,7.25e-06,4.916e-06,6.500000000000429e-06,4.2920000000000328e-06,6.5420754253864288e-06,0.0001695,786432
65536,measured,73,1,generated,0,7.1250000000000004e-06,4.9169999999999997e-06,6.4170000000003148e-06,4.3330000000000278e-06,6.4587220549583435e-06,0.000167959,786432
65536,measured,74,0,generated,0,7.1670000000000002e-06,5.0000000000000004e-06,6.4170000000003148e-06,4.3330000000000278e-06,6.3753686845302582e-06,0.00016574999999999999,786432
65536,measured,74,1,handwritten,0,7.2089999999999999e-06,4.5839999999999996e-06,6.4590000000003256e-06,3.9589999999999938e-06,6.3749030232429504e-06,0.00018374999999999999,786432
65536,measured,75,0,handwritten,0,7.2919999999999998e-06,5.0420000000000002e-06,6.5420000000000061e-06,4.4170000000000494e-06,6.5001659095287323e-06,0.00021220899999999999,786432
65536,measured,75,1,generated,0,7.3329999999999999e-06,4.9590000000000003e-06,6.6249999999996867e-06,4.291000000000017e-06,6.3749030232429504e-06,0.000179042,786432
65536,measured,76,0,generated,0,7.2910000000000002e-06,5.1250000000000001e-06,6.500000000000429e-06,4.4580000000000444e-06,6.4582563936710358e-06,0.00017825,786432
65536,measured,76,1,handwritten,0,7.2080000000000003e-06,5.0000000000000004e-06,6.4160000000004075e-06,4.3330000000000278e-06,6.5416097640991211e-06,0.00017741600000000001,786432
65536,measured,77,0,handwritten,0,7.1670000000000002e-06,4.9590000000000003e-06,6.4170000000003148e-06,4.3330000000000278e-06,6.5001659095287323e-06,0.000169875,786432
65536,measured,77,1,generated,0,7.2080000000000003e-06,5.0409999999999997e-06,6.4580000000004183e-06,4.3750000000000386e-06,6.2915496528148651e-06,0.000176458,786432
65536,measured,78,0,generated,0,7.1670000000000002e-06,4.9169999999999997e-06,6.375000000000304e-06,4.3330000000000278e-06,6.3753686845302582e-06,0.000169958,786432
65536,measured,78,1,handwritten,0,7.2080000000000003e-06,4.9579999999999998e-06,6.4580000000004183e-06,4.3330000000000278e-06,6.2501057982444763e-06,0.00017554199999999999,786432
65536,measured,79,0,handwritten,0,7.1670000000000002e-06,4.9169999999999997e-06,6.4170000000003148e-06,4.291000000000017e-06,6.7916698753833771e-06,0.000244167,786432
65536,measured,79,1,generated,0,7.1670000000000002e-06,4.9579999999999998e-06,6.4170000000003148e-06,4.3340000000000435e-06,6.5001659095287323e-06,0.00019287500000000001,786432
65536,measured,80,0,generated,0,9.0000000000000002e-06,4.8749999999999999e-06,8.0000000000001945e-06,4.250000000000022e-06,6.3749030232429504e-06,0.00033179100000000001,786432
65536,measured,80,1,handwritten,0,7.2080000000000003e-06,4.9579999999999998e-06,6.4170000000003148e-06,4.3330000000000278e-06,2.8875190764665604e-05,0.00020879199999999999,786432
65536,measured,81,0,handwritten,0,7.1670000000000002e-06,4.9590000000000003e-06,6.375000000000304e-06,4.291000000000017e-06,6.3334591686725616e-06,0.00026533399999999999,786432
65536,measured,81,1,generated,0,7.2080000000000003e-06,4.9590000000000003e-06,6.4580000000004183e-06,4.3330000000000278e-06,6.3749030232429504e-06,0.000171375,786432
65536,measured,82,0,generated,0,7.1250000000000004e-06,4.9590000000000003e-06,6.4170000000003148e-06,4.3330000000000278e-06,6.3749030232429504e-06,0.00016275,786432
65536,measured,82,1,handwritten,0,7.2080000000000003e-06,4.9169999999999997e-06,6.4580000000004183e-06,4.291000000000017e-06,6.5001659095287323e-06,0.00017587500000000001,786432
65536,measured,83,0,handwritten,0,7.6660000000000008e-06,4.9579999999999998e-06,6.8330000000003596e-06,4.2920000000000328e-06,6.3749030232429504e-06,0.000170166,786432
65536,measured,83,1,generated,0,7.1250000000000004e-06,4.9579999999999998e-06,6.375000000000304e-06,4.3330000000000278e-06,6.5835192799568176e-06,0.00018287500000000001,786432
65536,measured,84,0,generated,0,7.2080000000000003e-06,4.916e-06,6.500000000000429e-06,4.250000000000022e-06,6.5001659095287323e-06,0.00017075,786432
65536,measured,84,1,handwritten,0,7.25e-06,4.916e-06,6.500000000000429e-06,4.2920000000000328e-06,6.5001659095287323e-06,0.00016899999999999999,786432
65536,measured,85,0,handwritten,0,7.2080000000000003e-06,5.0000000000000004e-06,6.4169999999998811e-06,4.3330000000000278e-06,6.3749030232429504e-06,0.00015912500000000001,786432
65536,measured,85,1,generated,0,7.2089999999999999e-06,5.0000000000000004e-06,6.4590000000003256e-06,4.3750000000000386e-06,6.2496401369571686e-06,0.00022320900000000001,786432
65536,measured,86,0,generated,0,7.2080000000000003e-06,4.9590000000000003e-06,6.4580000000004183e-06,4.291000000000017e-06,5.5418349802494049e-06,0.00021374999999999999,786432
65536,measured,86,1,handwritten,0,7.0829999999999998e-06,5.0000000000000004e-06,6.4160000000004075e-06,4.3330000000000278e-06,5.5413693189620972e-06,0.00019900000000000001,786432
65536,measured,87,0,handwritten,0,8.9579999999999996e-06,5.0000000000000004e-06,8.0420000000002052e-06,4.3750000000000386e-06,5.4999254643917084e-06,0.000150166,786432
65536,measured,87,1,generated,0,7.2089999999999999e-06,5.0000000000000004e-06,6.4590000000003256e-06,4.3750000000000386e-06,5.6251883506774902e-06,0.000195792,786432
65536,measured,88,0,generated,0,7.25e-06,4.9169999999999997e-06,6.4580000000004183e-06,4.291000000000017e-06,5.666632205247879e-06,0.00018141699999999999,786432
65536,measured,88,1,handwritten,0,8.8750000000000006e-06,5.0000000000000004e-06,8.0000000000001945e-06,4.3750000000000386e-06,5.6251883506774902e-06,0.00015945799999999999,786432
65536,measured,89,0,handwritten,0,7.1670000000000002e-06,4.9169999999999997e-06,6.4170000000003148e-06,4.291000000000017e-06,1.8042046576738358e-05,0.00018762499999999999,786432
65536,measured,89,1,generated,0,7.2080000000000003e-06,4.9579999999999998e-06,6.4580000000004183e-06,4.3750000000000386e-06,9.8541378974914551e-05,0.00023775000000000001,786432
65536,measured,90,0,generated,0,7.2080000000000003e-06,4.916e-06,6.4999999999999954e-06,4.2920000000000328e-06,5.666632205247879e-06,0.000179333,786432
65536,measured,90,1,handwritten,0,7.25e-06,4.9579999999999998e-06,6.4999999999999954e-06,4.3330000000000278e-06,5.7499855756759644e-06,0.00018045800000000001,786432
65536,measured,91,0,handwritten,0,7.2089999999999999e-06,4.9579999999999998e-06,6.4180000000002221e-06,4.3750000000000386e-06,5.5832788348197937e-06,0.00015491699999999999,786432
65536,measured,91,1,generated,0,7.1670000000000002e-06,4.9579999999999998e-06,6.4170000000003148e-06,4.291000000000017e-06,5.6247226893901825e-06,0.00018775000000000001,786432
65536,measured,92,0,generated,0,7.1670000000000002e-06,4.916e-06,6.4580000000004183e-06,4.3750000000000386e-06,5.4999254643917084e-06,0.00018175,786432
65536,measured,92,1,handwritten,0,7.2089999999999999e-06,4.9590000000000003e-06,6.4180000000002221e-06,4.3330000000000278e-06,5.5832788348197937e-06,0.00016770899999999999,786432
65536,measured,93,0,handwritten,0,7.1670000000000002e-06,4.9169999999999997e-06,6.4580000000004183e-06,4.291000000000017e-06,5.5413693189620972e-06,0.000155167,786432
65536,measured,93,1,generated,0,7.1670000000000002e-06,4.916e-06,6.4589999999998919e-06,4.3340000000000435e-06,5.5832788348197937e-06,0.00017862499999999999,786432
65536,measured,94,0,generated,0,7.25e-06,4.9579999999999998e-06,6.4590000000003256e-06,4.3330000000000278e-06,5.5418349802494049e-06,0.000183167,786432
65536,measured,94,1,handwritten,0,8.8750000000000006e-06,4.9579999999999998e-06,7.9170000000000802e-06,4.3340000000000435e-06,5.666632205247879e-06,0.000168708,786432
65536,measured,95,0,handwritten,0,8.7919999999999998e-06,5.0000000000000004e-06,7.833999999999966e-06,4.3750000000000386e-06,5.5832788348197937e-06,0.000162917,786432
65536,measured,95,1,generated,0,7.25e-06,4.9590000000000003e-06,6.4999999999999954e-06,4.3330000000000278e-06,5.4999254643917084e-06,0.000190125,786432
65536,measured,96,0,generated,0,7.25e-06,4.9169999999999997e-06,6.500000000000429e-06,4.291000000000017e-06,5.4999254643917084e-06,0.00018204199999999999,786432
65536,measured,96,1,handwritten,0,7.2080000000000003e-06,5.0000000000000004e-06,6.4999999999999954e-06,4.3330000000000278e-06,5.4584816098213196e-06,0.000168083,786432
65536,measured,97,0,handwritten,0,7.1250000000000004e-06,4.9169999999999997e-06,6.4170000000003148e-06,4.2920000000000328e-06,5.5418349802494049e-06,0.00025549999999999998,786432
65536,measured,97,1,generated,0,7.25e-06,5.0000000000000004e-06,6.4579999999999846e-06,4.3329999999999194e-06,5.4999254643917084e-06,0.00020333300000000001,786432
65536,measured,98,0,generated,0,7.2080000000000003e-06,4.9590000000000003e-06,6.4580000000004183e-06,4.3330000000000278e-06,5.4999254643917084e-06,0.00027691599999999999,786432
65536,measured,98,1,handwritten,0,7.1670000000000002e-06,4.9169999999999997e-06,6.4170000000003148e-06,4.2919999999999243e-06,5.6251883506774902e-06,0.00015833399999999999,786432
65536,measured,99,0,handwritten,0,7.2080000000000003e-06,4.916e-06,6.4579999999999846e-06,4.2919999999999243e-06,5.5832788348197937e-06,0.00017133299999999999,786432
65536,measured,99,1,generated,0,7.1659999999999997e-06,5.0000000000000004e-06,6.4160000000004075e-06,4.3750000000000386e-06,5.5837444961071014e-06,0.000177166,786432
1048576,warmup,0,0,generated,0,0.00065174999999999999,0.000355416,0.0006506659999999994,0.00035479200000000004,9.4208400696516037e-05,0.0015305,12582912
1048576,warmup,0,1,handwritten,0,0.00049666599999999999,6.1457999999999993e-05,0.00049579200000000011,6.0790999999999927e-05,9.8000280559062958e-05,0.00084070800000000002,12582912
1048576,warmup,1,0,handwritten,0,0.00015591699999999999,6.2791000000000002e-05,0.00015508399999999978,6.2208999999999919e-05,8.2708429545164108e-05,0.00048149999999999999,12582912
1048576,warmup,1,1,generated,0,0.00016262500000000001,6.3499999999999999e-05,0.00016179099999999967,6.2708999999999985e-05,0.00011087534949183464,0.000530084,12582912
1048576,warmup,2,0,generated,0,0.00017054200000000001,6.2500000000000001e-05,0.0001696239999999993,6.183300000000007e-05,0.00012025004252791405,0.00050654200000000002,12582912
1048576,warmup,2,1,handwritten,0,0.00015525000000000001,5.9292000000000001e-05,0.00015437600000000034,5.8667000000000094e-05,8.3458144217729568e-05,0.000468875,12582912
1048576,warmup,3,0,handwritten,0,0.00014574999999999999,5.9166999999999998e-05,0.00014487600000000038,5.8541999999999969e-05,6.9625210016965866e-05,0.00044079200000000002,12582912
1048576,warmup,3,1,generated,0,0.000149083,5.9583000000000002e-05,0.00014824900000000047,5.9000000000000025e-05,7.8166835010051727e-05,0.00046624999999999998,12582912
1048576,warmup,4,0,generated,0,0.00014766599999999999,5.9416999999999997e-05,0.00014679099999999942,5.8749999999999991e-05,8.4833241999149323e-05,0.00047837500000000001,12582912
1048576,warmup,4,1,handwritten,0,0.000149708,5.9750000000000002e-05,0.00014883300000000012,5.9166000000000036e-05,8.8749919086694717e-05,0.00049062499999999996,12582912
1048576,warmup,5,0,handwritten,0,0.00031166599999999999,6.4916e-05,0.00031079300000000018,6.4333000000000185e-05,8.2999933511018753e-05,0.00071441600000000005,12582912
1048576,warmup,5,1,generated,0,0.00014512499999999999,5.9208e-05,0.00014429099999999952,5.8583000000000073e-05,6.958330050110817e-05,0.00045754200000000002,12582912
1048576,warmup,6,0,generated,0,0.000147291,6.0166e-05,0.00014645899999999983,5.9542000000000102e-05,7.8708399087190628e-05,0.00046541600000000002,12582912
1048576,warmup,6,1,handwritten,0,0.00014841600000000001,5.9249999999999997e-05,0.00014754200000000051,5.8583000000000073e-05,8.1750098615884781e-05,0.000452208,12582912
1048576,warmup,7,0,handwritten,0,0.000157625,6.0291999999999998e-05,0.00015670899999999967,5.9666999999999793e-05,0.00011070817708969116,0.000508875,12582912
1048576,warmup,7,1,generated,0,0.00014670800000000001,5.8708000000000001e-05,0.00014583400000000094,5.8125000000000017e-05,9.1749709099531174e-05,0.00055658300000000003,12582912
1048576,warmup,8,0,generated,0,0.00014558299999999999,6.1667000000000004e-05,0.00014470800000000034,6.0999999999999856e-05,7.9000368714332581e-05,0.00047962500000000002,12582912
1048576,warmup,8,1,handwritten,0,0.000145709,6.2458000000000004e-05,0.00014474999999999905,6.1832999999999853e-05,7.483363151550293e-05,0.00044866699999999998,12582912
1048576,warmup,9,0,handwritten,0,0.0001485,5.9916e-05,0.0001476669999999989,5.9290999999999944e-05,9.0999994426965714e-05,0.00046954199999999998,12582912
1048576,warmup,9,1,generated,0,0.00014362500000000001,6.1333000000000004e-05,0.00014279099999999975,6.0708000000000029e-05,0.00035766651853919029,0.00073941700000000003,12582912
1048576,measured,0,0,generated,0,0.000145,5.6249999999999998e-05,0.00014404199999999874,5.5584000000000015e-05,7.137516513466835e-05,0.00046145799999999999,12582912
1048576,measured,0,1,handwritten,0,0.000142375,5.9125000000000001e-05,0.00014150100000000047,5.8499999999999958e-05,7.1875285357236862e-05,0.00044137499999999998,12582912
1048576,measured,1,0,handwritten,0,0.00013954200000000001,5.9166999999999998e-05,0.0001386670000000003,5.8499999999999958e-05,6.8875029683113098e-05,0.00043062500000000002,12582912
1048576,measured,1,1,generated,0,0.000145625,6.3207999999999995e-05,0.00014479100000000002,6.258300000000017e-05,9.0500339865684509e-05,0.00048633299999999998,12582912
1048576,measured,2,0,generated,0,0.00014737499999999999,6.0333e-05,0.00014650100000000027,5.9707999999999897e-05,0.00010675005614757538,0.00049404199999999998,12582912
1048576,measured,2,1,handwritten,0,0.00014075000000000001,5.9709e-05,0.00013987499999999937,5.9000000000000025e-05,8.1041827797889709e-05,0.00044187499999999999,12582912
1048576,measured,3,0,handwritten,0,0.00014058300000000001,5.9416000000000002e-05,0.00013974899999999978,5.8832999999999889e-05,7.3625240474939346e-05,0.00045187500000000002,12582912
1048576,measured,3,1,generated,0,0.00014075000000000001,5.9791999999999999e-05,0.00013991699999999982,5.916700000000016e-05,8.9083332568407059e-05,0.00047329199999999999,12582912
1048576,measured,4,0,generated,0,0.00014262500000000001,6.05e-05,0.00014170700000000133,5.9875000000000032e-05,8.3291437476873398e-05,0.00046929200000000001,12582912
1048576,measured,4,1,handwritten,0,0.000301916,6.0417000000000001e-05,0.00030112499999999931,5.9791000000000011e-05,7.8499782830476761e-05,0.00070362500000000004,12582912
1048576,measured,5,0,handwritten,0,0.00014629199999999999,5.8999999999999998e-05,0.00014537499999999967,5.8374999999999833e-05,7.0749782025814056e-05,0.00044854200000000002,12582912
1048576,measured,5,1,generated,0,0.000140292,5.8749999999999998e-05,0.00013941599999999985,5.8083000000000006e-05,6.8749766796827316e-05,0.00044558400000000001,12582912
1048576,measured,6,0,generated,0,0.00015349999999999999,5.9333000000000003e-05,0.00015266699999999869,5.8750000000000208e-05,0.00011141691356897354,0.00052462500000000003,12582912
1048576,measured,6,1,handwritten,0,0.00014825,6.3750000000000005e-05,0.00014737499999999994,6.3124999999999813e-05,7.4125360697507858e-05,0.00046691700000000002,12582912
1048576,measured,7,0,handwritten,0,0.00014008299999999999,6.4499999999999996e-05,0.00013925000000000048,6.387500000000013e-05,6.9874804466962814e-05,0.000443125,12582912
1048576,measured,7,1,generated,0,0.00014191599999999999,6.4708000000000005e-05,0.00014099999999999877,6.4040999999999924e-05,7.7249947935342789e-05,0.00046508299999999998,12582912
1048576,measured,8,0,generated,0,0.000140667,5.8832999999999997e-05,0.00013987500000000111,5.8208000000000131e-05,8.1375241279602051e-05,0.0004595,12582912
1048576,measured,8,1,handwritten,0,0.00014920800000000001,5.9624999999999999e-05,0.0001483749999999992,5.9000000000000025e-05,0.00010512489825487137,0.00048950000000000003,12582912
1048576,measured,9,0,handwritten,0,0.00014091700000000001,6.4166999999999997e-05,0.00014012499999999962,6.3582999999999869e-05,8.3249993622303009e-05,0.000454167,12582912
1048576,measured,9,1,generated,0,0.00016245800000000001,5.8916000000000003e-05,0.00016162499999999858,5.8250000000000142e-05,8.5333362221717834e-05,0.00048229099999999998,12582912
1048576,measured,10,0,generated,0,0.00014054200000000001,5.8999999999999998e-05,0.00013966799999999904,5.8374999999999833e-05,6.7874789237976074e-05,0.000447708,12582912
1048576,measured,10,1,handwritten,0,0.00014433299999999999,5.8916000000000003e-05,0.00014345900000000029,5.8292000000000153e-05,7.1791931986808777e-05,0.000449791,12582912
1048576,measured,11,0,handwritten,0,0.00013945799999999999,5.9083999999999999e-05,0.00013862499999999986,5.8457999999999948e-05,6.5249856561422348e-05,0.00042999999999999999,12582912
1048576,measured,11,1,generated,0,0.00015533300000000001,5.9375e-05,0.0001545009999999996,5.8791000000000312e-05,0.00011087488383054733,0.000531833,12582912
1048576,measured,12,0,generated,0,0.000153292,6.1208000000000001e-05,0.00015245800000000115,6.0583000000000338e-05,0.00010449998080730438,0.00061287500000000003,12582912
1048576,measured,12,1,handwritten,0,0.00014750000000000001,6.3167e-05,0.00014666699999999963,6.2500000000000056e-05,9.5124822109937668e-05,0.00048245900000000002,12582912
1048576,measured,13,0,handwritten,0,0.00015162500000000001,6.0374999999999997e-05,0.00015074999999999984,5.9749999999999907e-05,9.16249118745327e-05,0.00047100000000000001,12582912
1048576,measured,13,1,generated,0,0.000152709,6.0458000000000003e-05,0.00015191699999999968,5.9832999999999588e-05,0.00010629184544086456,0.00050520899999999995,12582912
1048576,measured,14,0,generated,0,0.00014412499999999999,6.0291999999999998e-05,0.0001433330000000007,5.9624999999999782e-05,0.00034175021573901176,0.00068245800000000004,12582912
1048576,measured,14,1,handwritten,0,0.000142917,5.9500000000000003e-05,0.000142040999999999,5.8917000000000344e-05,7.4875075370073318e-05,0.00045758399999999997,12582912
1048576,measured,15,0,handwritten,0,0.00015137500000000001,6.0333e-05,0.00015050000000000133,5.9667000000000227e-05,0.0001038750633597374,0.00049675000000000001,12582912
1048576,measured,15,1,generated,0,0.00014587500000000001,6.0832999999999998e-05,0.00014508400000000019,6.0125000000000282e-05,8.7499618530273438e-05,0.00049041600000000003,12582912
1048576,measured,16,0,generated,0,0.00015875000000000001,6.0665999999999998e-05,0.00015787499999999829,6.0000000000000157e-05,0.00011674966663122177,0.00053212500000000005,12582912
1048576,measured,16,1,handwritten,0,0.00015395900000000001,5.9540999999999998e-05,0.00015308300000000177,5.8916000000000003e-05,0.00010937545448541641,0.00049204200000000004,12582912
1048576,measured,17,0,handwritten,0,0.00014766599999999999,5.9042000000000002e-05,0.00014679199999999976,5.8416999999999844e-05,9.799981489777565e-05,0.00049704100000000004,12582912
1048576,measured,17,1,generated,0,0.00014687500000000001,5.9500000000000003e-05,0.00014604199999999901,5.8916000000000003e-05,9.3625392764806747e-05,0.00050762500000000005,12582912
1048576,measured,18,0,generated,0,0.00015058399999999999,5.9667000000000003e-05,0.00014975100000000005,5.9041999999999602e-05,0.00011349981650710106,0.00052133400000000003,12582912
1048576,measured,18,1,handwritten,0,0.000145375,5.9874999999999998e-05,0.00014449899999999932,5.9291999999999852e-05,0.00010183360427618027,0.00049645899999999998,12582912
1048576,measured,19,0,handwritten,0,0.00021699999999999999,5.8916000000000003e-05,0.00021620900000000193,5.8250000000000142e-05,9.7750220447778702e-05,0.000555541,12582912
1048576,measured,19,1,generated,0,0.00015912500000000001,6.1208000000000001e-05,0.00015829200000000085,6.0624999999999915e-05,0.00010562501847743988,0.00052583299999999996,12582912
1048576,measured,20,0,generated,0,0.00015233400000000001,5.9040999999999999e-05,0.00015145800000000015,5.841600000000037e-05,0.00010008318349719048,0.00051316700000000003,12582912
1048576,measured,20,1,handwritten,0,0.00015970900000000001,5.9375e-05,0.00015883300000000058,5.8708000000000198e-05,0.00012504169717431068,0.00052233399999999995,12582912
1048576,measured,21,0,handwritten,0,0.00015795800000000001,5.9833000000000001e-05,0.00015712600000000049,5.9166999999999727e-05,0.00011099968105554581,0.00047204099999999998,12582912
1048576,measured,21,1,generated,0,0.00015141699999999999,5.9249999999999997e-05,0.00015062500000000145,5.8583000000000073e-05,0.00010795798152685165,0.00060316700000000005,12582912
1048576,measured,22,0,generated,0,0.00014566700000000001,5.9333999999999998e-05,0.00014475100000000199,5.8749999999999775e-05,9.0749934315681458e-05,0.00048633299999999998,12582912
1048576,measured,22,1,handwritten,0,0.000145041,5.9333999999999998e-05,0.00014425000000000202,5.8749999999999775e-05,0.00010062474757432938,0.00047379099999999999,12582912
1048576,measured,23,0,handwritten,0,0.00015200000000000001,5.9166999999999998e-05,0.00015116700000000066,5.8584000000000414e-05,0.00010400032624602318,0.00049541600000000004,12582912
1048576,measured,23,1,generated,0,0.00015145800000000001,5.9125000000000001e-05,0.00015058399999999875,5.8457999999999948e-05,0.00029024994000792503,0.00062937500000000005,12582912
1048576,measured,24,0,generated,0,0.00015300000000000001,5.9540999999999998e-05,0.00015212400000000001,5.895799999999958e-05,0.0001004999503493309,0.000508042,12582912
1048576,measured,24,1,handwritten,0,0.00014695800000000001,6.1875e-05,0.00014608399999999772,6.1166999999999992e-05,0.00011650007218122482,0.00049579099999999998,12582912
1048576,measured,25,0,handwritten,0,0.00016045799999999999,5.9500000000000003e-05,0.00015958299999999787,5.8833000000000323e-05,0.0001221667043864727,0.00053541699999999995,12582912
1048576,measured,25,1,generated,0,0.00015387500000000001,5.9540999999999998e-05,0.0001530829999999983,5.8917000000000344e-05,0.00010808324441313744,0.00051912499999999995,12582912
1048576,measured,26,0,generated,0,0.00015458299999999999,5.6916999999999997e-05,0.00015374999999999764,5.6292000000000321e-05,0.00010974984616041183,0.000539125,12582912
1048576,measured,26,1,handwritten,0,0.00014816699999999999,5.9457999999999999e-05,0.00014729200000000026,5.8833000000000323e-05,0.0001032496802508831,0.00049712499999999995,12582912
1048576,measured,27,0,handwritten,0,0.00015412499999999999,5.9707999999999998e-05,0.00015324999999999714,5.9000000000000025e-05,0.00010320870205760002,0.00048762499999999999,12582912
1048576,measured,27,1,generated,0,0.00016008299999999999,5.9583000000000002e-05,0.00015920900000000043,5.9000000000000025e-05,0.00013525038957595825,0.00056562500000000005,12582912
1048576,measured,28,0,generated,0,0.00015625,6.1875e-05,0.00015545900000000015,6.1209000000000437e-05,0.00034645851701498032,0.00077004099999999995,12582912
1048576,measured,28,1,handwritten,0,0.00014674999999999999,5.9791999999999999e-05,0.00014591800000000182,5.9166999999999727e-05,0.00010116631165146828,0.00049212500000000005,12582912
1048576,measured,29,0,handwritten,0,0.000158042,5.9166000000000002e-05,0.0001572090000000019,5.8540999999999628e-05,0.00012787524610757828,0.000530125,12582912
1048576,measured,29,1,generated,0,0.000159875,6.05e-05,0.00015908400000000031,5.9875000000000032e-05,0.00011399993672966957,0.00053945800000000004,12582912
1048576,measured,30,0,generated,0,0.00016379099999999999,6.1249999999999998e-05,0.00016295900000000071,6.0624999999999915e-05,0.00012474972754716873,0.000543291,12582912
1048576,measured,30,1,handwritten,0,0.000155625,6.2416999999999995e-05,0.00015479300000000029,6.1750000000000173e-05,0.00012025004252791405,0.00053937500000000003,12582912
1048576,measured,31,0,handwritten,0,0.000155625,6.3666999999999999e-05,0.00015474899999999917,6.2999999999999688e-05,0.00012187520042061806,0.00052154199999999995,12582912
1048576,measured,31,1,generated,0,0.00016000000000000001,6.2042e-05,0.00015912499999999954,6.1374999999999798e-05,0.00012554135173559189,0.000538333,12582912
1048576,measured,32,0,generated,0,0.000160125,6.1540999999999999e-05,0.00015924999999999967,6.0916000000000269e-05,0.00011637480929493904,0.00054350000000000004,12582912
1048576,measured,32,1,handwritten,0,0.00015508399999999999,7.1333000000000003e-05,0.00015424999999999814,7.0665999999999611e-05,0.00041116680949926376,0.00080341699999999995,12582912
1048576,measured,33,0,handwritten,0,0.00016529199999999999,6.2082999999999995e-05,0.00016445799999999927,6.1458000000000346e-05,0.0001138332299888134,0.00051729200000000003,12582912
1048576,measured,33,1,generated,0,0.00015345800000000001,6.3292000000000003e-05,0.00015258399999999728,6.2666999999999758e-05,0.00012983335182070732,0.00053962499999999996,12582912
1048576,measured,34,0,generated,0,0.00015620799999999999,6.1416999999999998e-05,0.00015541800000000092,6.0791999999999617e-05,0.00011999998241662979,0.00054541599999999996,12582912
1048576,measured,34,1,handwritten,0,0.00015875000000000001,6.1709000000000002e-05,0.00015795799999999971,6.1084000000000312e-05,0.0001233336515724659,0.00053679200000000002,12582912
1048576,measured,35,0,handwritten,0,0.00016216700000000001,6.3083999999999994e-05,0.00016129299999999985,6.2417000000000375e-05,0.00011858344078063965,0.00046366700000000002,12582912
1048576,measured,35,1,generated,0,0.00015504200000000001,6.3417000000000006e-05,0.00015412499999999801,6.2834000000000327e-05,0.0001249583438038826,0.00054270900000000005,12582912
1048576,measured,36,0,generated,0,0.00016441599999999999,6.2458000000000004e-05,0.00016354099999999969,6.1791000000000276e-05,0.00013675028458237648,0.00054908300000000001,12582912
1048576,measured,36,1,handwritten,0,0.00016799999999999999,6.0958000000000001e-05,0.00016716600000000331,6.0207999999999963e-05,0.0001254999078810215,0.00054770899999999996,12582912
1048576,measured,37,0,handwritten,0,0.00015929200000000001,6.2083999999999997e-05,0.00015845899999999968,6.1458999999999819e-05,0.00037241680547595024,0.00078041700000000005,12582912
1048576,measured,37,1,generated,0,0.00015208299999999999,6.1540999999999999e-05,0.0001512490000000026,6.0875000000000165e-05,0.00011574989184737206,0.00052995799999999997,12582912
1048576,measured,38,0,generated,0,0.000155542,6.1375000000000001e-05,0.00015475000000000211,6.075000000000004e-05,0.00011491682380437851,0.00051545900000000001,12582912
1048576,measured,38,1,handwritten,0,0.000159333,6.1542000000000001e-05,0.00015845899999999968,6.0875000000000165e-05,0.00012966664507985115,0.00052854200000000001,12582912
1048576,measured,39,0,handwritten,0,0.00015545899999999999,6.1457999999999993e-05,0.00015462600000000146,6.0832999999999721e-05,0.00012512505054473877,0.00052004199999999997,12582912
1048576,measured,39,1,generated,0,0.000157458,6.1833000000000002e-05,0.00015662500000000051,6.1208000000000096e-05,0.00012745847925543785,0.00052512499999999998,12582912
1048576,measured,40,0,generated,0,0.00015862499999999999,6.1582999999999996e-05,0.00015774999999999817,6.0957999999999846e-05,0.00012412481009960175,0.00052220800000000003,12582912
1048576,measured,40,1,handwritten,0,0.00016037500000000001,6.2000000000000003e-05,0.00015949999999999992,6.1374999999999798e-05,0.0001166248694062233,0.00052987499999999996,12582912
1048576,measured,41,0,handwritten,0,0.00015720900000000001,6.2125000000000006e-05,0.00015641700000000244,6.1458000000000346e-05,0.00012287497520446777,0.00052329199999999996,12582912
1048576,measured,41,1,generated,0,0.000345958,6.0749999999999999e-05,0.00034512500000000168,6.0125000000000282e-05,9.6333213150501251e-05,0.00063337500000000004,12582912
1048576,measured,42,0,generated,0,0.000155666,5.9666000000000001e-05,0.00015483300000000005,5.9041000000000128e-05,0.00010987464338541031,0.00052095799999999997,12582912
1048576,measured,42,1,handwritten,0,0.00016533300000000001,6.1540999999999999e-05,0.00016449999999999798,6.0916000000000269e-05,0.00011599995195865631,0.00052716600000000003,12582912
1048576,measured,43,0,handwritten,0,0.000165833,5.8666999999999999e-05,0.00016487499999999836,5.7917000000000211e-05,0.00011124974116683006,0.00053220800000000005,12582912
1048576,measured,43,1,generated,0,0.00017162500000000001,6.6833000000000002e-05,0.00017070800000000205,6.6125000000000211e-05,0.00013362476602196693,0.00056245799999999995,12582912
1048576,measured,44,0,generated,0,0.000170125,6.2458000000000004e-05,0.00016924999999999926,6.1666000000000151e-05,0.00012025004252791405,0.00064412499999999995,12582912
1048576,measured,44,1,handwritten,0,0.00023679199999999999,7.7082999999999994e-05,0.00023495800000000039,7.6249999999999929e-05,0.00014262506738305092,0.00067695899999999998,12582912
1048576,measured,45,0,handwritten,0,0.00016829099999999999,6.05e-05,0.00016745800000000227,5.9874999999999165e-05,0.00011408375576138496,0.00054312499999999999,12582912
1048576,measured,45,1,generated,0,0.00016862499999999999,6.3583000000000004e-05,0.00016779199999999994,6.3000000000000556e-05,0.00011449959129095078,0.00056508299999999997,12582912
1048576,measured,46,0,generated,0,0.000234625,5.9416000000000002e-05,0.00023379100000000055,5.8792000000000219e-05,9.8249875009059906e-05,0.00059962500000000001,12582912
1048576,measured,46,1,handwritten,0,0.00016312499999999999,6.5749999999999999e-05,0.0001622499999999992,6.5124999999999211e-05,0.00011062482371926308,0.00053766700000000003,12582912
1048576,measured,47,0,handwritten,0,0.00016791700000000001,6.3625000000000002e-05,0.00016704099999999972,6.3000000000000556e-05,0.00011204136535525322,0.00053408399999999999,12582912
1048576,measured,47,1,generated,0,0.00016995899999999999,6.0458000000000003e-05,0.00016916600000000184,5.9874999999999165e-05,0.00012099975720047951,0.00055591699999999996,12582912
1048576,measured,48,0,generated,0,0.00016441700000000001,6.6208e-05,0.00016350000000000045,6.5499999999999586e-05,0.00011937506496906281,0.00053450000000000004,12582912
1048576,measured,48,1,handwritten,0,0.000169042,6.2458000000000004e-05,0.00016812600000000108,6.187499999999943e-05,0.00011520832777023315,0.00053974999999999997,12582912
1048576,measured,49,0,handwritten,0,0.00015408300000000001,6.5084000000000002e-05,0.00015325100000000008,6.445899999999935e-05,9.5875002443790436e-05,0.00049870800000000005,12582912
1048576,measured,49,1,generated,0,0.000159333,5.8832999999999997e-05,0.00015837400000000279,5.8208000000000565e-05,0.0001216670498251915,0.00056237500000000005,12582912
1048576,measured,50,0,generated,0,0.000149667,6.2916999999999994e-05,0.0001488749999999997,6.2167000000000125e-05,0.00035137496888637543,0.00074745900000000001,12582912
1048576,measured,50,1,handwritten,0,0.00015262500000000001,5.9125000000000001e-05,0.00015174999999999911,5.8499999999999525e-05,7.137516513466835e-05,0.00046804099999999999,12582912
1048576,measured,51,0,handwritten,0,0.00014650000000000001,6.2209e-05,0.00014554200000000544,6.162499999999918e-05,7.9291407018899918e-05,0.00045762500000000002,12582912
1048576,measured,51,1,generated,0,0.00015287499999999999,5.9833999999999997e-05,0.00015195800000000065,5.9208999999999304e-05,8.7374821305274963e-05,0.00048462499999999998,12582912
1048576,measured,52,0,generated,0,0.000153583,6.0374999999999997e-05,0.00015270900000000087,5.9791000000000011e-05,0.00011620810255408287,0.00052766599999999999,12582912
1048576,measured,52,1,handwritten,0,0.00015425000000000001,6.1209000000000003e-05,0.00015337499999999726,6.049999999999979e-05,0.00010237516835331917,0.000484375,12582912
1048576,measured,53,0,handwritten,0,0.00014870899999999999,6.6833000000000002e-05,0.00014770900000000281,6.6250000000000336e-05,8.3749648183584213e-05,0.00053133399999999995,12582912
1048576,measured,53,1,generated,0,0.00014912500000000001,5.9125000000000001e-05,0.00014820800000000384,5.8459000000000289e-05,8.5166655480861664e-05,0.00047841600000000001,12582912
1048576,measured,54,0,generated,0,0.00015695800000000001,6.2459000000000006e-05,0.00015599999999999642,6.179199999999975e-05,0.00011316640302538872,0.00054704199999999997,12582912
1048576,measured,54,1,handwritten,0,0.00015287499999999999,6.2874999999999997e-05,0.0001518750000000027,6.2209000000000569e-05,0.00010875007137656212,0.00051254200000000005,12582912
1048576,measured,55,0,handwritten,0,0.000258834,6.4041999999999994e-05,0.00025808299999999923,6.3458000000000611e-05,0.00025845831260085106,0.00070720899999999998,12582912
1048576,measured,55,1,generated,0,0.000148333,5.9666000000000001e-05,0.00014745800000000309,5.9000000000000025e-05,0.000108291395008564,0.000530208,12582912
1048576,measured,56,0,generated,0,0.00014916699999999999,5.9624999999999999e-05,0.00014829100000000178,5.9000000000000025e-05,0.0001088334247469902,0.00052308400000000005,12582912
1048576,measured,56,1,handwritten,0,0.000153542,6.0000000000000002e-05,0.00015270799999999446,5.9332999999999955e-05,0.00011754175648093224,0.00052970899999999995,12582912
1048576,measured,57,0,handwritten,0,0.000160583,6.0124999999999998e-05,0.00015970800000000146,5.9541999999999234e-05,0.00011974992230534554,0.00050979200000000001,12582912
1048576,measured,57,1,generated,0,0.000148667,5.9624999999999999e-05,0.00014783299999999999,5.9000000000000025e-05,0.00010858336463570595,0.00051854199999999998,12582912
1048576,measured,58,0,generated,0,0.000145666,5.7250000000000002e-05,0.00014483300000000393,5.6666999999999829e-05,0.00010824995115399361,0.00053366600000000002,12582912
1048576,measured,58,1,handwritten,0,0.00015570800000000001,5.9959e-05,0.00015491699999999747,5.9292000000000719e-05,0.00011075008660554886,0.00051579200000000005,12582912
1048576,measured,59,0,handwritten,0,0.00014920800000000001,5.7667000000000002e-05,0.00014825000000000255,5.7084000000000648e-05,0.00010900013148784637,0.00050750000000000003,12582912
1048576,measured,59,1,generated,0,0.000255209,6.2207999999999998e-05,0.00025429200000000318,6.1583000000000471e-05,0.00025141658261418343,0.00070504200000000002,12582912
1048576,measured,60,0,generated,0,0.000146584,6.2082999999999995e-05,0.00014579099999999928,6.1458000000000346e-05,0.00010841665789484978,0.00053583400000000001,12582912
1048576,measured,60,1,handwritten,0,0.00014725,5.9750000000000002e-05,0.00014637600000000361,5.9165999999999386e-05,0.00010875007137656212,0.00050970799999999999,12582912
1048576,measured,61,0,handwritten,0,0.000168708,6.2416999999999995e-05,0.00016779199999999994,6.1833000000000721e-05,0.00012937514111399651,0.00055650000000000003,12582912
1048576,measured,61,1,generated,0,0.000149083,6.0000000000000002e-05,0.00014824899999999613,5.9332999999999955e-05,0.00010783318430185318,0.00051516699999999997,12582912
1048576,measured,62,0,generated,0,0.00014479200000000001,5.9874999999999998e-05,0.00014391700000000035,5.9292000000000719e-05,0.00010833330452442169,0.00051716700000000002,12582912
1048576,measured,62,1,handwritten,0,0.00014725,5.9457999999999999e-05,0.00014629199999999926,5.870799999999933e-05,0.00010891677811741829,0.00051349999999999996,12582912
1048576,measured,63,0,handwritten,0,0.00014970900000000001,6.3e-05,0.00014883300000000099,6.2374999999999931e-05,0.00011370843276381493,0.00052583399999999998,12582912
1048576,measured,63,1,generated,0,0.00015349999999999999,6.0333e-05,0.00015266700000000216,5.9750000000000775e-05,0.00011470820754766464,0.00053766600000000001,12582912
1048576,measured,64,0,generated,0,0.0002655,5.9542e-05,0.00026462600000000391,5.8791000000000745e-05,0.00024925032630562782,0.00071016700000000005,12582912
1048576,measured,64,1,handwritten,0,0.000150125,5.9292000000000001e-05,0.00014924999999999661,5.8749999999999775e-05,0.00011199992150068283,0.00052300000000000003,12582912
1048576,measured,65,0,handwritten,0,0.000150292,5.6582999999999997e-05,0.0001493750000000002,5.5917000000000813e-05,0.00011224998161196709,0.00051262499999999995,12582912
1048576,measured,65,1,generated,0,0.00015550000000000001,6.2416999999999995e-05,0.0001547080000000034,6.179199999999975e-05,0.00012762472033500671,0.00056420899999999998,12582912
1048576,measured,66,0,generated,0,0.00015670899999999999,6.4709000000000007e-05,0.00015579099999999541,6.4042000000000265e-05,0.00012395810335874557,0.00061820899999999999,12582912
1048576,measured,66,1,handwritten,0,0.00014508300000000001,5.9791999999999999e-05,0.00014429099999999778,5.912500000000015e-05,0.00010949978604912758,0.00044283300000000001,12582912
1048576,measured,67,0,handwritten,0,0.00014695800000000001,6.3625000000000002e-05,0.00014608299999999824,6.2958000000000111e-05,0.00010891677811741829,0.00052962500000000004,12582912
1048576,measured,67,1,generated,0,0.00016379099999999999,6.1334000000000006e-05,0.00016287499999999983,6.066700000000036e-05,0.00012625008821487427,0.00057287500000000003,12582912
1048576,measured,68,0,generated,0,0.00014895800000000001,6.0000000000000002e-05,0.00014816699999999766,5.93750000000004e-05,0.00011312495917081833,0.00053162499999999998,12582912
1048576,measured,68,1,handwritten,0,0.000256958,5.9500000000000003e-05,0.00025616599999999518,5.88749999999999e-05,0.0002709580585360527,0.00070533300000000004,12582912
1048576,measured,69,0,handwritten,0,0.00014920800000000001,6.2415999999999993e-05,0.00014820800000000384,6.1749999999999305e-05,0.00010762503370642662,0.00051470800000000001,12582912
1048576,measured,69,1,generated,0,0.000143583,6.2707999999999997e-05,0.00014270799999999834,6.2082999999999236e-05,0.00010866671800613403,0.00052162499999999995,12582912
1048576,measured,70,0,generated,0,0.00015720799999999999,5.9416999999999997e-05,0.00015633300000000155,5.8834000000000664e-05,0.00011737504974007607,0.000557958,12582912
1048576,measured,70,1,handwritten,0,0.000149958,5.9957999999999998e-05,0.00014912499999999995,5.9332999999999955e-05,0.00011250004172325134,0.00053795799999999995,12582912
1048576,measured,71,0,handwritten,0,0.00014474999999999999,5.9583000000000002e-05,0.00014391600000000088,5.8959000000000789e-05,0.00010749977082014084,0.00050204199999999996,12582912
1048576,measured,71,1,generated,0,0.000147291,5.9457999999999999e-05,0.0001463749999999972,5.8832999999999455e-05,0.00010799989104270935,0.00052383300000000002,12582912
1048576,measured,72,0,generated,0,0.00015070799999999999,5.9583999999999997e-05,0.0001498750000000007,5.895799999999958e-05,9.6833333373069763e-05,0.00049454200000000005,12582912
1048576,measured,72,1,handwritten,0,0.000156916,6.2000000000000003e-05,0.00015608299999999437,6.1375000000000665e-05,9.7499694675207138e-05,0.00049074999999999998,12582912
1048576,measured,73,0,handwritten,0,0.00017179200000000001,6.0791999999999997e-05,0.00017099899999999807,6.0166999999999859e-05,9.1541558504104614e-05,0.000492542,12582912
1048576,measured,73,1,generated,0,0.00014883400000000001,6.1875e-05,0.0001480000000000023,6.125000000000054e-05,8.0833211541175842e-05,0.00048154200000000001,12582912
1048576,measured,74,0,generated,0,0.00014633300000000001,6.1624999999999994e-05,0.00014549900000000032,6.0957999999999846e-05,7.0833135396242142e-05,0.000472125,12582912
1048576,measured,74,1,handwritten,0,0.00015100000000000001,5.9500000000000003e-05,0.00015020800000000584,5.8832999999999455e-05,9.541679173707962e-05,0.000481583,12582912
1048576,measured,75,0,handwritten,0,0.00015629199999999999,6.3250000000000006e-05,0.00015550000000000286,6.2625000000000181e-05,0.00011083297431468964,0.00045879200000000002,12582912
1048576,measured,75,1,generated,0,0.00015862499999999999,5.9583999999999997e-05,0.00015774999999999817,5.88749999999999e-05,8.6707994341850281e-05,0.00047795800000000001,12582912
1048576,measured,76,0,generated,0,0.00014304199999999999,5.9083999999999999e-05,0.00014212499999999989,5.8499999999999525e-05,7.1250367909669876e-05,0.00045408299999999998,12582912
1048576,measured,76,1,handwritten,0,0.00014587500000000001,6.4917000000000002e-05,0.00014504199999999801,6.4250000000000071e-05,7.7750068157911301e-05,0.00045179200000000001,12582912
1048576,measured,77,0,handwritten,0,0.000153459,5.8792000000000002e-05,0.00015262499999999651,5.808300000000044e-05,9.9000055342912674e-05,0.00049520900000000004,12582912
1048576,measured,77,1,generated,0,0.00015170799999999999,5.9833999999999997e-05,0.00015083400000000247,5.9250000000000275e-05,0.00033537484705448151,0.00072441599999999997,12582912
1048576,measured,78,0,generated,0,0.00014487500000000001,5.9375e-05,0.00014404199999999701,5.8792000000000219e-05,6.9624744355678558e-05,0.000462375,12582912
1048576,measured,78,1,handwritten,0,0.00015308300000000001,6.5375000000000003e-05,0.00015233300000000449,6.4665999999999682e-05,8.8083557784557343e-05,0.00048349999999999999,12582912
1048576,measured,79,0,handwritten,0,0.00015812500000000001,6.2042e-05,0.00015729099999999691,6.1375000000000665e-05,0.00010120822116732597,0.00050250000000000002,12582912
1048576,measured,79,1,generated,0,0.000171583,6.3917000000000005e-05,0.00017079200000000294,6.3208000000000361e-05,0.00012391665950417519,0.00055933299999999997,12582912
1048576,measured,80,0,generated,0,0.00016087499999999999,6.3874999999999994e-05,0.00016004099999999966,6.316699999999939e-05,0.00010962504893541336,0.00053058399999999996,12582912
1048576,measured,80,1,handwritten,0,0.00015104199999999999,6.3665999999999997e-05,0.00015016699999999966,6.3083000000000236e-05,9.2416536062955856e-05,0.00047979199999999999,12582912
1048576,measured,81,0,handwritten,0,0.00014387499999999999,5.8958e-05,0.00014299899999999782,5.83749999999994e-05,9.1458205133676529e-05,0.00047145899999999997,12582912
1048576,measured,81,1,generated,0,0.00014745900000000001,6.1249999999999998e-05,0.00014662499999999745,6.0624999999999915e-05,9.725010022521019e-05,0.00051437499999999997,12582912
1048576,measured,82,0,generated,0,0.00014574999999999999,6.1249999999999998e-05,0.00014487399999999623,6.0624999999999915e-05,8.4416940808296204e-05,0.000486334,12582912
1048576,measured,82,1,handwritten,0,0.00017441599999999999,5.9083000000000003e-05,0.00017358300000000493,5.83749999999994e-05,9.6041709184646606e-05,0.00049654099999999997,12582912
1048576,measured,83,0,handwritten,0,0.00015308300000000001,6.1791999999999994e-05,0.00015216700000000166,6.116700000000086e-05,8.6875166743993759e-05,0.00048533300000000001,12582912
1048576,measured,83,1,generated,0,0.00016325000000000001,6.2916999999999994e-05,0.00016233300000000062,6.2207999999999361e-05,8.6791347712278366e-05,0.00050075,12582912
1048576,measured,84,0,generated,0,0.000151791,6.1542000000000001e-05,0.00015091699999999347,6.0832999999999721e-05,0.0001016249880194664,0.00052999999999999998,12582912
1048576,measured,84,1,handwritten,0,0.00016295799999999999,6.1042000000000003e-05,0.00016208399999999984,6.0374999999999665e-05,0.00011733314022421837,0.00045800000000000002,12582912
1048576,measured,85,0,handwritten,0,0.00015875000000000001,6.2167000000000003e-05,0.00015775099999999764,6.1458000000000346e-05,8.8375061750411987e-05,0.000469708,12582912
1048576,measured,85,1,generated,0,0.00015754199999999999,6.9250000000000003e-05,0.0001566679999999987,6.8624999999999242e-05,9.4125047326087952e-05,0.00053341700000000001,12582912
1048576,measured,86,0,generated,0,0.000163041,6.7207999999999998e-05,0.00016216599999999831,6.6583000000000267e-05,0.00010787509381771088,0.00054179100000000002,12582912
1048576,measured,86,1,handwritten,0,0.000168667,6.3499999999999999e-05,0.00016774900000000176,6.2832999999999986e-05,0.00011395849287509918,0.00054404200000000001,12582912
1048576,measured,87,0,handwritten,0,0.00033329099999999999,6.4583000000000002e-05,0.00033241600000000204,6.3957999999999376e-05,8.8333617895841599e-05,0.00059674999999999995,12582912
1048576,measured,87,1,generated,0,0.000151125,6.1583999999999999e-05,0.00015025100000000402,6.091700000000061e-05,7.7500008046627045e-05,0.00048004200000000002,12582912
1048576,measured,88,0,generated,0,0.00014720900000000001,6.1249999999999998e-05,0.00014637399999999773,6.0582999999999471e-05,8.0625060945749283e-05,0.00047958400000000002,12582912
1048576,measured,88,1,handwritten,0,0.00015204199999999999,6.2500000000000001e-05,0.0001512079999999999,6.187499999999943e-05,9.0666580945253372e-05,0.00047962500000000002,12582912
1048576,measured,89,0,handwritten,0,0.000157708,6.1875e-05,0.00015687600000000024,6.1290999999999776e-05,0.00011712498962879181,0.00052233300000000004,12582912
1048576,measured,89,1,generated,0,0.00015191599999999999,6.2167000000000003e-05,0.00015112500000000195,6.150000000000079e-05,9.9749770015478134e-05,0.00063225,12582912
1048576,measured,90,0,generated,0,0.000147541,6.0000000000000002e-05,0.00014670800000000234,5.9333999999999429e-05,8.2333572208881378e-05,0.00047891600000000002,12582912
1048576,measured,90,1,handwritten,0,0.00015120800000000001,6.2292000000000006e-05,0.00015029199999999632,6.1666999999999625e-05,0.00010987510904669762,0.00051500000000000005,12582912
1048576,measured,91,0,handwritten,0,0.00015316700000000001,6.0207999999999997e-05,0.00015229199999999832,5.9541999999999234e-05,0.00011083297431468964,0.00051720800000000001,12582912
1048576,measured,91,1,generated,0,0.00015245800000000001,6.5208000000000003e-05,0.00015158400000000322,6.4583000000000002e-05,0.00065612513571977615,0.0010131249999999999,12582912
1048576,measured,92,0,generated,0,0.00014616600000000001,6.2500000000000001e-05,0.0001453340000000039,6.1834000000000194e-05,0.00010875007137656212,0.00052741599999999995,12582912
1048576,measured,92,1,handwritten,0,0.000144542,6.2249999999999995e-05,0.00014370799999999934,6.15419999999995e-05,0.00010833330452442169,0.00050995900000000004,12582912
1048576,measured,93,0,handwritten,0,0.00014462500000000001,5.8167000000000001e-05,0.00014379200000000369,5.7500000000000259e-05,0.00010879151523113251,0.00050270800000000004,12582912
1048576,measured,93,1,generated,0,0.00015254099999999999,6.7207999999999998e-05,0.00015166600000000169,6.6458999999999616e-05,0.00011950032785534859,0.00047491599999999998,12582912
1048576,measured,94,0,generated,0,0.000152542,6.1791000000000005e-05,0.0001517080000000004,6.1208000000000096e-05,0.00010850001126527786,0.00052274999999999999,12582912
1048576,measured,94,1,handwritten,0,0.00014541700000000001,6.1583999999999999e-05,0.00014454299999999698,6.0958999999999319e-05,0.00010745832696557045,0.000515417,12582912
1048576,measured,95,0,handwritten,0,0.00014525000000000001,6.2500000000000001e-05,0.00014441700000000085,6.187499999999943e-05,0.00010887486860156059,0.00050425000000000003,12582912
1048576,measured,95,1,generated,0,0.00015387500000000001,6.1500000000000004e-05,0.0001530829999999983,6.0832999999999721e-05,0.00011695828288793564,0.00054737500000000001,12582912
1048576,measured,96,0,generated,0,0.00023662499999999999,6.1416999999999998e-05,0.00023579199999999856,6.0792000000000485e-05,0.00040554208680987358,0.000838166,12582912
1048576,measured,96,1,handwritten,0,0.00014508300000000001,6.1915999999999995e-05,0.00014429199999999726,6.125000000000054e-05,0.00010766694322228432,0.00050620799999999996,12582912
1048576,measured,97,0,handwritten,0,0.00015083300000000001,6.2291000000000004e-05,0.00014999999999999736,6.162499999999918e-05,0.00010929163545370102,0.00051345799999999995,12582912
1048576,measured,97,1,generated,0,0.00014716600000000001,6.1084e-05,0.00014633299999999849,6.0459000000000554e-05,0.00011233333498239517,0.00053662499999999999,12582912
1048576,measured,98,0,generated,0,0.000156875,6.1333000000000004e-05,0.00015604200000000207,6.066700000000036e-05,0.00011749984696507454,0.00065950000000000004,12582912
1048576,measured,98,1,handwritten,0,0.000149333,6.1958999999999994e-05,0.00014845800000000409,6.129199999999925e-05,0.00010833330452442169,0.00044216699999999998,12582912
1048576,measured,99,0,handwritten,0,0.00014716600000000001,6.1834000000000005e-05,0.00014633299999999849,6.1082999999999971e-05,0.00010920828208327293,0.00052050000000000002,12582912
1048576,measured,99,1,generated,0,0.00014862499999999999,5.8458999999999997e-05,0.00014779200000000076,5.7667000000000829e-05,9.8708551377058029e-05,0.000516209,12582912
16777216,warmup,0,0,generated,0,0.018504791999999999,0.0054782920000000001,0.018456917000000003,0.0054758340000000006,0.0024568745866417885,0.031060582999999999,201326592
16777216,warmup,0,1,handwritten,0,0.0084115409999999998,0.0018931659999999999,0.0084078750000000091,0.0018914579999999986,0.0017932499758899212,0.012415208,201326592
16777216,warmup,1,0,handwritten,0,0.0029445000000000001,0.00145225,0.002940000000000012,0.0014508329999999986,0.0017893747426569462,0.0066171249999999997,201326592
16777216,warmup,1,1,generated,0,0.0026128330000000002,0.0013355419999999999,0.002611166000000012,0.0013333750000000012,0.0022981250658631325,0.006454375,201326592
16777216,warmup,2,0,generated,0,0.0026002500000000001,0.0012806250000000001,0.0025978319999999944,0.0012795830000000008,0.0018015000969171524,0.005904917,201326592
16777216,warmup,2,1,handwritten,0,0.0028604580000000002,0.001418084,0.0028590000000000004,0.0014169579999999994,0.0017098751850426197,0.0062195419999999998,201326592
16777216,warmup,3,0,handwritten,0,0.0026277499999999999,0.001444292,0.0026265000000000038,0.0014433330000000015,0.0017114579677581787,0.0060015839999999999,201326592
16777216,warmup,3,1,generated,0,0.0027105419999999998,0.0013674589999999999,0.0027092499999999964,0.0013666249999999998,0.0017175418324768543,0.0061863339999999999,201326592
16777216,warmup,4,0,generated,0,0.0025506249999999999,0.001443541,0.0025491249999999993,0.0014424579999999972,0.0016901250928640366,0.006058,201326592
16777216,warmup,4,1,handwritten,0,0.0026501659999999998,0.001231916,0.0026487079999999996,0.0012304590000000032,0.001746749971061945,0.0059832080000000003,201326592
16777216,warmup,5,0,handwritten,0,0.0025739579999999999,0.0014527920000000001,0.0025721249999999946,0.0014520000000000019,0.001733624842017889,0.0061235830000000002,201326592
16777216,warmup,5,1,generated,0,0.0026262080000000001,0.001224417,0.0026250420000000219,0.0012230410000000011,0.0017075417563319206,0.0059336249999999997,201326592
16777216,warmup,6,0,generated,0,0.0024104170000000002,0.0014553750000000001,0.0024092490000000022,0.0014544579999999988,0.0016594585031270981,0.0059104170000000003,201326592
16777216,warmup,6,1,handwritten,0,0.0026992499999999998,0.0012515,0.0026980419999999838,0.0012505829999999996,0.0016844584606587887,0.0058499579999999997,201326592
16777216,warmup,7,0,handwritten,0,0.0025008750000000001,0.001458542,0.0024996660000000115,0.0014576249999999971,0.0016944166272878647,0.005888417,201326592
16777216,warmup,7,1,generated,0,0.0027457499999999999,0.00126625,0.0027445829999999949,0.0012652920000000012,0.0017143748700618744,0.0059457080000000001,201326592
16777216,warmup,8,0,generated,0,0.0025711670000000001,0.0014632499999999999,0.0025695410000000085,0.0014623330000000032,0.0016843751072883606,0.0061028749999999998,201326592
16777216,warmup,8,1,handwritten,0,0.0028052910000000001,0.00125925,0.0028041670000000241,0.0012580420000000009,0.0017758747562766075,0.0062009580000000003,201326592
16777216,warmup,9,0,handwritten,0,0.0024437500000000002,0.0011664170000000001,0.0024426250000000038,0.0011655419999999986,0.0023388750851154327,0.0063108749999999996,201326592
16777216,warmup,9,1,generated,0,0.0026643750000000001,0.00123825,0.0026624579999999787,0.0012372910000000015,0.0017169998027384281,0.0060138750000000001,201326592
16777216,measured,0,0,generated,0,0.0026541249999999998,0.001228834,0.0026526249999999918,0.0012278339999999971,0.0023531662300229073,0.006460833,201326592
16777216,measured,0,1,handwritten,0,0.002458333,0.0012754590000000001,0.0024566240000000183,0.0012747079999999994,0.001736791804432869,0.0058300419999999997,201326592
16777216,measured,1,0,handwritten,0,0.0024750420000000002,0.001190209,0.0024735840000000009,0.0011890830000000005,0.0023409584537148476,0.0063557079999999998,201326592
16777216,measured,1,1,generated,0,0.0025052920000000001,0.001245709,0.0025033750000000021,0.0012447500000000028,0.0016568750143051147,0.0057637089999999997,201326592
16777216,measured,2,0,generated,0,0.0024666670000000001,0.0012491659999999999,0.0024648339999999991,0.001248375000000003,0.0022927084937691689,0.0064038749999999998,201326592
16777216,measured,2,1,handwritten,0,0.0025269580000000002,0.0012668340000000001,0.0025250410000000056,0.0012662089999999973,0.0017807502299547195,0.005739292,201326592
16777216,measured,3,0,handwritten,0,0.0024658340000000001,0.00124975,0.0024647499999999878,0.0012490000000000001,0.0022920416668057442,0.0063934170000000002,201326592
16777216,measured,3,1,generated,0,0.0025119999999999999,0.001299375,0.0025108749999999957,0.0012984159999999967,0.0018017501570284367,0.0059432089999999996,201326592
16777216,measured,4,0,generated,0,0.0025972920000000002,0.0013536659999999999,0.0025960819999999996,0.0013527090000000005,0.002335000317543745,0.0065180000000000004,201326592
16777216,measured,4,1,handwritten,0,0.0026266670000000001,0.0012224169999999999,0.0026254589999999967,0.0012213329999999981,0.0017738752067089081,0.0057878340000000004,201326592
16777216,measured,5,0,handwritten,0,0.002662125,0.00130875,0.0026609989999999972,0.0013077910000000026,0.0016447920352220535,0.0059640420000000001,201326592
16777216,measured,5,1,generated,0,0.002515541,0.001295666,0.0025142499999999957,0.0012947920000000029,0.001668333075940609,0.0056867080000000004,201326592
16777216,measured,6,0,generated,0,0.002542416,0.0013545829999999999,0.0025412920000000006,0.0013537500000000008,0.002374500036239624,0.0064280830000000002,201326592
16777216,measured,6,1,handwritten,0,0.0025642080000000001,0.001203583,0.0025620829999999928,0.0012026670000000045,0.0016838749870657921,0.005792958,201326592
16777216,measured,7,0,handwritten,0,0.0026620419999999999,0.0012648329999999999,0.0026608340000000008,0.0012641250000000048,0.0017712917178869247,0.005844625,201326592
16777216,measured,7,1,generated,0,0.0024750420000000002,0.0012762909999999999,0.0024734580000000117,0.0012755420000000045,0.0016772500239312649,0.0055869580000000004,201326592
16777216,measured,8,0,generated,0,0.0024621669999999999,0.0012932079999999999,0.0024610840000000023,0.0012920829999999994,0.0023046252317726612,0.0064524580000000003,201326592
16777216,measured,8,1,handwritten,0,0.0025084999999999999,0.0013045419999999999,0.0025067080000000241,0.0013038330000000042,0.0016742916777729988,0.0056482920000000001,201326592
16777216,measured,9,0,handwritten,0,0.0024681249999999998,0.0012815000000000001,0.0024669579999999913,0.0012807090000000049,0.0023000417277216911,0.0063469160000000002,201326592
16777216,measured,9,1,generated,0,0.0024863329999999999,0.0012292500000000001,0.0024845410000000068,0.0012285840000000048,0.0016621253453195095,0.0055596659999999996,201326592
16777216,measured,10,0,generated,0,0.0024889589999999998,0.0013812500000000001,0.0024876249999999933,0.0013803329999999975,0.0023282915353775024,0.0066082500000000004,201326592
16777216,measured,10,1,handwritten,0,0.002534667,0.001313542,0.0025330000000000075,0.001312875000000005,0.0016686250455677509,0.0056624589999999999,201326592
16777216,measured,11,0,handwritten,0,0.0026245000000000001,0.0012791250000000001,0.0026230410000000204,0.0012783330000000065,0.0022579580545425415,0.0063040420000000002,201326592
16777216,measured,11,1,generated,0,0.0025492919999999999,0.0012515,0.0025469169999999819,0.0012507499999999949,0.0017931666225194931,0.0057987919999999997,201326592
16777216,measured,12,0,generated,0,0.002655209,0.001245541,0.0026541250000000072,0.0012442919999999941,0.0016486253589391708,0.0057105000000000003,201326592
16777216,measured,12,1,handwritten,0,0.0024892080000000001,0.0013077080000000001,0.0024880009999999619,0.0013065419999999939,0.0017900001257658005,0.005722291,201326592
16777216,measured,13,0,handwritten,0,0.0028673330000000001,0.0013344170000000001,0.002865292999999991,0.0013336669999999967,0.0023100832477211952,0.0068799999999999998,201326592
16777216,measured,13,1,generated,0,0.0025165420000000001,0.0012704159999999999,0.002515332999999953,0.001269540999999999,0.0016823336482048035,0.0056913750000000003,201326592
16777216,measured,14,0,generated,0,0.0028089159999999998,0.001382709,0.0028077910000000039,0.0013814999999999938,0.0017366246320307255,0.0061287499999999996,201326592
16777216,measured,14,1,handwritten,0,0.0025192080000000002,0.0012244999999999999,0.002517207999999993,0.0012237080000000039,0.0016910829581320286,0.0057589579999999998,201326592
16777216,measured,15,0,handwritten,0,0.0026723329999999998,0.0013401660000000001,0.0026711240000000247,0.0013392920000000058,0.0019685002043843269,0.0061274579999999997,201326592
16777216,measured,15,1,generated,0,0.0026320839999999998,0.0012817499999999999,0.0026296250000000243,0.0012807080000000054,0.0017844582907855511,0.0058764589999999997,201326592
16777216,measured,16,0,generated,0,0.0029038330000000002,0.0014853749999999999,0.0029022489999999679,0.0014834580000000069,0.0017753331921994686,0.0064852080000000001,201326592
16777216,measured,16,1,handwritten,0,0.0026302909999999999,0.0015323750000000001,0.0026278329999999683,0.0015309579999999989,0.0017545833252370358,0.0063217079999999997,201326592
16777216,measured,17,0,handwritten,0,0.0027062089999999998,0.00122875,0.0027043740000000094,0.0012276249999999961,0.0017164167948067188,0.0058864169999999997,201326592
16777216,measured,17,1,generated,0,0.002450958,0.0012632920000000001,0.0024498330000000124,0.0012621250000000028,0.002344875130802393,0.0064421249999999999,201326592
16777216,measured,18,0,generated,0,0.0027218329999999999,0.0012351669999999999,0.0027200000000000002,0.0012343330000000041,0.0017644166946411133,0.0060400829999999999,201326592
16777216,measured,18,1,handwritten,0,0.0024392089999999999,0.001216375,0.0024379170000000117,0.0012151249999999975,0.0023319167084991932,0.0063534170000000001,201326592
16777216,measured,19,0,handwritten,0,0.0024602500000000002,0.0012590419999999999,0.0024584579999999967,0.0012581249999999988,0.00180395832285285,0.0059059999999999998,201326592
16777216,measured,19,1,generated,0,0.002445291,0.001203083,0.002444084000000013,0.0012022909999999942,0.0023022918030619621,0.0063445000000000003,201326592
16777216,measured,20,0,generated,0,0.0025325410000000001,0.001237667,0.0025306660000000147,0.0012365419999999933,0.0016466663219034672,0.0056002500000000002,201326592
16777216,measured,20,1,handwritten,0,0.002584083,0.0012529170000000001,0.0025824180000000307,0.0012521669999999985,0.002335874829441309,0.0065552910000000004,201326592
16777216,measured,21,0,handwritten,0,0.002529042,0.001286667,0.0025279579999999968,0.0012856660000000047,0.0016459999606013298,0.0058447919999999997,201326592
16777216,measured,21,1,generated,0,0.0025195,0.0013505419999999999,0.0025182079999999663,0.001349209000000004,0.0023179999552667141,0.00640575,201326592
16777216,measured,22,0,generated,0,0.0026253750000000001,0.001242125,0.0026235000000000008,0.0012413750000000029,0.0016651665791869164,0.0057349590000000004,201326592
16777216,measured,22,1,handwritten,0,0.0025065,0.001314958,0.0025052500000000144,0.0013141249999999993,0.0023120413534343243,0.0065302499999999996,201326592
16777216,measured,23,0,handwritten,0,0.0025397079999999999,0.001286375,0.0025385840000000104,0.0012854159999999976,0.0016540000215172768,0.0057065830000000003,201326592
16777216,measured,23,1,generated,0,0.0025985420000000001,0.0013177499999999999,0.0025969590000000098,0.0013167500000000054,0.0021821665577590466,0.0062653329999999997,201326592
16777216,measured,24,0,generated,0,0.0025374999999999998,0.0012557919999999999,0.0025362079999999843,0.0012550419999999979,0.001655124593526125,0.0056329170000000003,201326592
16777216,measured,24,1,handwritten,0,0.0025072079999999999,0.001334209,0.0025060829999999923,0.0013332919999999998,0.0022484166547656059,0.0062287920000000004,201326592
16777216,measured,25,0,handwritten,0,0.0024940409999999998,0.001250084,0.0024927089999999819,0.0012489170000000022,0.0016512502916157246,0.0056065000000000004,201326592
16777216,measured,25,1,generated,0,0.00253425,0.001340375,0.0025328340000000393,0.0013396670000000027,0.0023799166083335876,0.0065252499999999998,201326592
16777216,measured,26,0,generated,0,0.0027409589999999998,0.001284709,0.0027389999999999914,0.0012837500000000002,0.0016818330623209476,0.0059282500000000004,201326592
16777216,measured,26,1,handwritten,0,0.002518667,0.001242833,0.0025174989999999786,0.0012420419999999988,0.002038625068962574,0.0059442920000000003,201326592
16777216,measured,27,0,handwritten,0,0.0025360420000000001,0.0012908329999999999,0.0025340840000000475,0.0012901250000000031,0.001807208638638258,0.0058304170000000001,201326592
16777216,measured,27,1,generated,0,0.0025539999999999998,0.001348459,0.0025528759999999817,0.0013474170000000035,0.0023216246627271175,0.0064828339999999998,201326592
16777216,measured,28,0,generated,0,0.0025146249999999999,0.0012635840000000001,0.0025134170000000178,0.0012618749999999956,0.0016574999317526817,0.0056687910000000003,201326592
16777216,measured,28,1,handwritten,0,0.002519542,0.0013899590000000001,0.0025184159999999678,0.0013889170000000034,0.0021685832180082798,0.0062383339999999999,201326592
16777216,measured,29,0,handwritten,0,0.0027272920000000001,0.001271875,0.0027258749999999887,0.0012707920000000067,0.0016937083564698696,0.0060550830000000002,201326592
16777216,measured,29,1,generated,0,0.0026779590000000002,0.001274833,0.0026765830000000101,0.001274042000000003,0.0016460418701171875,0.0061520000000000004,201326592
16777216,measured,30,0,generated,0,0.002509042,0.00124025,0.0025074589999999897,0.0012396249999999942,0.0016726665198802948,0.0055797499999999996,201326592
16777216,measured,30,1,handwritten,0,0.0028425,0.0014083749999999999,0.0028410420000000158,0.0014073330000000106,0.0018047499470412731,0.0062145840000000004,201326592
16777216,measured,31,0,handwritten,0,0.0026205,0.0013307919999999999,0.0026189589999999763,0.0013295000000000112,0.001830332912504673,0.0060778749999999999,201326592
16777216,measured,31,1,generated,0,0.0024831250000000001,0.0012895420000000001,0.0024818750000000223,0.0012888749999999949,0.0023023746907711029,0.0062849580000000002,201326592
16777216,measured,32,0,generated,0,0.0026475829999999998,0.001482833,0.0026463339999999724,0.0014812499999999895,0.0017324169166386127,0.0062560419999999999,201326592
16777216,measured,32,1,handwritten,0,0.002911833,0.001395,0.0029093329999999584,0.0013933750000000023,0.0017992914654314518,0.0063651250000000001,201326592
16777216,measured,33,0,handwritten,0,0.0026289579999999998,0.001188375,0.0026269999999999905,0.001187500000000008,0.0016553751192986965,0.0057041669999999996,201326592
16777216,measured,33,1,generated,0,0.0026749999999999999,0.001275834,0.0026735829999999794,0.0012747499999999912,0.0017430000007152557,0.0060833340000000001,201326592
16777216,measured,34,0,generated,0,0.0023808750000000002,0.0014296249999999999,0.0023797079999999804,0.0014280829999999967,0.0016625002026557922,0.0057301660000000001,201326592
16777216,measured,34,1,handwritten,0,0.0027897920000000001,0.001233792,0.0027887080000000286,0.0012324999999999975,0.0017263330519199371,0.0059758340000000002,201326592
16777216,measured,35,0,handwritten,0,0.002515542,0.001444875,0.0025134579999999684,0.0014436250000000039,0.0016706250607967377,0.0058493340000000003,201326592
16777216,measured,35,1,generated,0,0.0026817920000000001,0.001238042,0.0026807089999999478,0.0012368749999999984,0.0016761249862611294,0.0058394170000000004,201326592
16777216,measured,36,0,generated,0,0.0027048329999999998,0.0015829590000000001,0.0027029159999999997,0.0015823339999999908,0.0017527085728943348,0.0062755830000000004,201326592
16777216,measured,36,1,handwritten,0,0.0027083749999999998,0.0013167910000000001,0.002707207999999961,0.0013159160000000003,0.0018476666882634163,0.0060788750000000001,201326592
16777216,measured,37,0,handwritten,0,0.00269425,0.0014714579999999999,0.0026926670000000374,0.0014706250000000032,0.0017359997145831585,0.0062832499999999998,201326592
16777216,measured,37,1,generated,0,0.0027452079999999998,0.0013159999999999999,0.0027439169999999846,0.001314958000000005,0.0018002497963607311,0.0060980829999999998,201326592
16777216,measured,38,0,generated,0,0.0026303749999999999,0.001216958,0.0026291250000000099,0.0012160840000000062,0.0023836251348257065,0.0066361249999999997,201326592
16777216,measured,38,1,handwritten,0,0.0026749170000000002,0.0014157499999999999,0.0026735840000000066,0.0014146670000000083,0.0018464997410774231,0.0061415840000000003,201326592
16777216,measured,39,0,handwritten,0,0.0024815420000000002,0.0013094580000000001,0.0024804159999999853,0.0013084999999999902,0.0022743330337107182,0.0061999999999999998,201326592
16777216,measured,39,1,generated,0,0.0025080829999999999,0.001232042,0.0025070010000000087,0.0012312909999999955,0.0016517080366611481,0.0055900000000000004,201326592
16777216,measured,40,0,generated,0,0.0024257079999999999,0.0012260420000000001,0.0024244160000000403,0.0012248330000000085,0.0022942917421460152,0.0063412499999999997,201326592
16777216,measured,40,1,handwritten,0,0.00249475,0.0012446250000000001,0.0024929160000000117,0.0012437499999999879,0.0016587497666478157,0.0056930000000000001,201326592
16777216,measured,41,0,handwritten,0,0.0024729589999999998,0.001340583,0.0024717920000000282,0.0013397500000000007,0.0023070001043379307,0.0065179590000000003,201326592
16777216,measured,41,1,generated,0,0.0025969999999999999,0.0012405000000000001,0.0025958340000000191,0.001239708000000006,0.0016640420071780682,0.0057189169999999996,201326592
16777216,measured,42,0,generated,0,0.002456125,0.0012368329999999999,0.0024550000000000405,0.0012358329999999917,0.0021534585393965244,0.0060075839999999998,201326592
16777216,measured,42,1,handwritten,0,0.002524709,0.0012897919999999999,0.002523626000000001,0.0012888749999999949,0.0016717915423214436,0.0056806670000000004,201326592
16777216,measured,43,0,handwritten,0,0.002467417,0.0012188329999999999,0.0024662910000000093,0.0012179999999999969,0.0022671669721603394,0.0060850840000000002,201326592
16777216,measured,43,1,generated,0,0.0026245000000000001,0.001345459,0.0026230839999999978,0.0013445410000000046,0.0017309170216321945,0.0059257499999999996,201326592
16777216,measured,44,0,generated,0,0.002608333,0.001323959,0.0026070829999999545,0.001323040999999997,0.0023688748478889465,0.0067034160000000002,201326592
16777216,measured,44,1,handwritten,0,0.0025603330000000001,0.001297875,0.0025590409999999286,0.0012970419999999983,0.0016921251080930233,0.0057562079999999996,201326592
16777216,measured,45,0,handwritten,0,0.0026765000000000001,0.001270125,0.002674416999999929,0.0012690840000000037,0.0019107083790004253,0.0059992500000000002,201326592
16777216,measured,45,1,generated,0,0.002637333,0.001248166,0.0026360840000000385,0.0012471249999999878,0.0016725002788007259,0.0059192079999999996,201326592
16777216,measured,46,0,generated,0,0.0026625419999999999,0.0013161659999999999,0.0026614169999999993,0.0013149159999999993,0.0016749165952205658,0.0062232499999999996,201326592
16777216,measured,46,1,handwritten,0,0.0024971250000000002,0.001221125,0.0024949580000001026,0.0012204170000000014,0.0016691247001290321,0.0056083749999999996,201326592
16777216,measured,47,0,handwritten,0,0.0026025000000000002,0.0012492919999999999,0.002601418000000022,0.0012484580000000078,0.0021195001900196075,0.0061212920000000004,201326592
16777216,measured,47,1,generated,0,0.0025514159999999999,0.0013366669999999999,0.0025500410000000029,0.0013356250000000069,0.0016694166697561741,0.0057945410000000003,201326592
16777216,measured,48,0,generated,0,0.0024641670000000002,0.0012593750000000001,0.0024630009999999647,0.001258166000000005,0.0022934167645871639,0.0062134169999999997,201326592
16777216,measured,48,1,handwritten,0,0.0025783339999999998,0.0012696249999999999,0.0025762080000000243,0.0012687919999999908,0.0018145418725907803,0.0058768750000000002,201326592
16777216,measured,49,0,handwritten,0,0.0026856250000000001,0.0013376670000000001,0.002684291999999977,0.0013367499999999977,0.0021072500385344028,0.0062824589999999998,201326592
16777216,measured,49,1,generated,0,0.0026836249999999998,0.0012559170000000001,0.0026823759999999863,0.0012547920000000046,0.0017712917178869247,0.0060246249999999996,201326592
16777216,measured,50,0,generated,0,0.0026268749999999999,0.001253,0.0026257080000000599,0.0012522919999999882,0.0016790004447102547,0.005726208,201326592
16777216,measured,50,1,handwritten,0,0.0025412920000000001,0.0012645,0.00254020899999996,0.0012636249999999905,0.0016784169711172581,0.005743583,201326592
16777216,measured,51,0,handwritten,0,0.0025443750000000002,0.0012853750000000001,0.0025428330000000221,0.0012847500000000012,0.0023007499985396862,0.006416667,201326592
16777216,measured,51,1,generated,0,0.0025557079999999999,0.001294,0.0025536250000000038,0.0012930830000000004,0.0016835834830999374,0.0056883749999999999,201326592
16777216,measured,52,0,generated,0,0.00252075,0.0012317910000000001,0.0025194589999999462,0.0012310419999999878,0.002026749774813652,0.0059385000000000002,201326592
16777216,measured,52,1,handwritten,0,0.0024613339999999999,0.001276833,0.0024601250000000352,0.0012758750000000096,0.0016617081128060818,0.00559225,201326592
16777216,measured,53,0,handwritten,0,0.0025802080000000001,0.0013854589999999999,0.0025791250000000154,0.0013847090000000117,0.0024020420387387276,0.0067596660000000001,201326592
16777216,measured,53,1,generated,0,0.0026128750000000002,0.001248,0.0026118330000000078,0.0012469999999999981,0.0018033748492598534,0.0058403329999999996,201326592
16777216,measured,54,0,generated,0,0.0026207079999999998,0.001383167,0.0026195420000000302,0.0013823749999999912,0.0018798750825226307,0.0060547500000000002,201326592
16777216,measured,54,1,handwritten,0,0.0027390000000000001,0.001292458,0.0027369999999999894,0.0012913330000000056,0.0017168750055134296,0.0060921250000000003,201326592
16777216,measured,55,0,handwritten,0,0.0027320000000000001,0.0013065419999999999,0.0027307079999999706,0.0013055839999999985,0.0016454583965241909,0.0060534159999999998,201326592
16777216,measured,55,1,generated,0,0.0025710419999999999,0.001295792,0.002569207999999934,0.001294709000000005,0.0016645416617393494,0.0059025839999999998,201326592
16777216,measured,56,0,generated,0,0.0028474580000000002,0.001348208,0.0028460419999999376,0.0013474589999999953,0.0017513749189674854,0.0061774580000000003,201326592
16777216,measured,56,1,handwritten,0,0.0025504579999999998,0.0015605,0.0025493339999999032,0.0015587499999999976,0.0016828752122819424,0.0061563329999999999,201326592
16777216,measured,57,0,handwritten,0,0.0028926659999999999,0.001254167,0.0028907080000000196,0.0012523329999999944,0.0017607500776648521,0.006155041,201326592
16777216,measured,57,1,generated,0,0.0024571250000000001,0.001211375,0.0024557500000000898,0.0012100830000000007,0.0023442083038389683,0.0064165419999999999,201326592
16777216,measured,58,0,generated,0,0.0024542919999999998,0.001245166,0.0024525829999999527,0.0012441250000000126,0.0016863751225173473,0.0057683750000000001,201326592
16777216,measured,58,1,handwritten,0,0.0026280000000000001,0.0013305420000000001,0.0026263750000000696,0.0013290420000000025,0.0023317914456129074,0.0067048330000000003,201326592
16777216,measured,59,0,handwritten,0,0.0027312909999999998,0.001379375,0.0027291249999999989,0.0013775000000000037,0.0018957499414682388,0.0062595000000000003,201326592
16777216,measured,59,1,generated,0,0.0026941669999999999,0.0013428750000000001,0.0026927919999999439,0.0013418339999999862,0.0017543337307870388,0.0060132500000000004,201326592
16777216,measured,60,0,generated,0,0.002679959,0.001215458,0.0026779160000000024,0.0012144159999999959,0.0017457501962780952,0.0059244170000000004,201326592
16777216,measured,60,1,handwritten,0,0.0028915830000000001,0.0014127499999999999,0.00288954099999994,0.0014116249999999997,0.0016643749549984932,0.0062785829999999999,201326592
16777216,measured,61,0,handwritten,0,0.0025605409999999999,0.0015172499999999999,0.0025588749999999605,0.0015153330000000076,0.0017042085528373718,0.0060431249999999999,201326592
16777216,measured,61,1,generated,0,0.0028332090000000002,0.0012119159999999999,0.0028310419999999503,0.0012099170000000048,0.0017054164782166481,0.0060331669999999999,201326592
16777216,measured,62,0,generated,0,0.0025278750000000002,0.0014560840000000001,0.0025242500000000057,0.0014545840000000088,0.00170150026679039,0.0059821249999999996,201326592
16777216,measured,62,1,handwritten,0,0.002685958,0.00128375,0.002684542000000012,0.001282499999999992,0.0016919584013521671,0.0060499170000000001,201326592
16777216,measured,63,0,handwritten,0,0.0025130410000000001,0.0012255,0.0025105829999999552,0.0012245409999999957,0.0023641251027584076,0.0064721659999999997,201326592
16777216,measured,63,1,generated,0,0.0025583749999999999,0.0011741659999999999,0.0025572090000000047,0.001173042000000013,0.0016916249878704548,0.0058057079999999997,201326592
16777216,measured,64,0,generated,0,0.002567667,0.001197584,0.0025651670000000903,0.0011966660000000129,0.0023308750241994858,0.0063235419999999997,201326592
16777216,measured,64,1,handwritten,0,0.0024552910000000001,0.0012229579999999999,0.0024542509999999629,0.001221834000000005,0.0018263752572238445,0.0058696249999999998,201326592
16777216,measured,65,0,handwritten,0,0.002691625,0.0013422919999999999,0.0026896670000000622,0.0013412919999999939,0.0024013752117753029,0.006821583,201326592
16777216,measured,65,1,generated,0,0.0027368330000000001,0.0012756250000000001,0.0027343750000000666,0.0012746250000000015,0.0016633747145533562,0.0059324169999999997,201326592
16777216,measured,66,0,generated,0,0.002496042,0.001320625,0.0024943750000000486,0.0013198329999999925,0.0023304582573473454,0.0065260420000000001,201326592
16777216,measured,66,1,handwritten,0,0.0026005410000000001,0.001266791,0.0025994169999999928,0.0012657500000000099,0.0016677500680088997,0.0056840409999999999,201326592
16777216,measured,67,0,handwritten,0,0.0026188750000000001,0.0012507919999999999,0.0026176249999999568,0.0012495829999999986,0.0019599166698753834,0.0060027500000000003,201326592
16777216,measured,67,1,generated,0,0.0025794580000000002,0.0012558339999999999,0.002577541000000072,0.0012548330000000107,0.0016507916152477264,0.0057333749999999998,201326592
16777216,measured,68,0,generated,0,0.002486584,0.001337291,0.0024854159999999625,0.001336250000000011,0.0022978750057518482,0.0064732920000000003,201326592
16777216,measured,68,1,handwritten,0,0.0024955419999999999,0.0012561250000000001,0.0024941659999999644,0.0012550420000000118,0.0016759168356657028,0.0057758339999999997,201326592
16777216,measured,69,0,handwritten,0,0.002610167,0.001337541,0.0026091250000001009,0.0013363750000000008,0.0019398331642150879,0.0060381250000000001,201326592
16777216,measured,69,1,generated,0,0.0025633750000000001,0.0013158340000000001,0.0025618330000000133,0.0013150419999999885,0.0016556251794099808,0.0057126659999999999,201326592
16777216,measured,70,0,generated,0,0.002557709,0.0013563749999999999,0.0025560409999999534,0.0013556670000000048,0.0023692497052252293,0.0065320839999999996,201326592
16777216,measured,70,1,handwritten,0,0.0024966250000000001,0.0012494579999999999,0.0024955410000000455,0.0012485829999999976,0.0016586249694228172,0.0055480829999999997,201326592
16777216,measured,71,0,handwritten,0,0.0025208750000000001,0.001404916,0.0025198750000000603,0.0014039999999999886,0.0023267916403710842,0.0064775409999999999,201326592
16777216,measured,71,1,generated,0,0.0027499999999999998,0.001354334,0.0027480840000000395,0.0013530830000000049,0.0017820000648498535,0.0061279589999999997,201326592
16777216,measured,72,0,generated,0,0.0028053330000000001,0.0013680000000000001,0.0028041669999999685,0.0013670000000000071,0.0016928333789110184,0.0060485410000000002,201326592
16777216,measured,72,1,handwritten,0,0.0026003340000000002,0.0013177499999999999,0.0025990419999999403,0.0013170000000000126,0.001786000095307827,0.0058803750000000002,201326592
16777216,measured,73,0,handwritten,0,0.0028918329999999999,0.001381167,0.0028896669999999292,0.0013802089999999934,0.0017079580575227737,0.0062111670000000001,201326592
16777216,measured,73,1,generated,0,0.002820375,0.0014115,0.0028191669999999558,0.00141070900000001,0.0017281253822147846,0.0061972499999999996,201326592
16777216,measured,74,0,generated,0,0.002890625,0.001437291,0.0028894579999999559,0.0014362079999999944,0.0018089995719492435,0.006385333,201326592
16777216,measured,74,1,handwritten,0,0.0028829580000000001,0.001408292,0.0028797910000000204,0.0014070409999999978,0.0025746249593794346,0.0072891249999999996,201326592
16777216,measured,75,0,handwritten,0,0.0025796249999999999,0.0013565000000000001,0.0025773749999999929,0.0013549589999999889,0.0018980000168085098,0.0062408330000000003,201326592
16777216,measured,75,1,generated,0,0.0024991670000000001,0.0012732920000000001,0.0024980829999999843,0.0012722920000000082,0.0022928337566554546,0.0064737079999999999,201326592
16777216,measured,76,0,generated,0,0.0025644999999999999,0.0012330830000000001,0.0025625000000000231,0.0012321250000000006,0.0016670417971909046,0.0057467919999999997,201326592
16777216,measured,76,1,handwritten,0,0.002476458,0.001274,0.0024753749999999464,0.0012731250000000138,0.0023002498783171177,0.0062156659999999999,201326592
16777216,measured,77,0,handwritten,0,0.0025084999999999999,0.001244417,0.0025074170000000118,0.0012431669999999895,0.0016461247578263283,0.0056613749999999997,201326592
16777216,measured,77,1,generated,0,0.0024519590000000001,0.001261042,0.0024501250000000807,0.0012603330000000024,0.0022990419529378414,0.006315167,201326592
16777216,measured,78,0,generated,0,0.0025089999999999999,0.00123825,0.0025070409999999876,0.0012375840000000138,0.0016563748940825462,0.0057264580000000002,201326592
16777216,measured,78,1,handwritten,0,0.0025267079999999999,0.0013422079999999999,0.0025255419999999917,0.0013413340000000273,0.002340999897569418,0.0066003329999999999,201326592
16777216,measured,79,0,handwritten,0,0.0025704579999999999,0.0012362919999999999,0.0025692499999999674,0.0012347500000000067,0.0016524586826562881,0.005666,201326592
16777216,measured,79,1,generated,0,0.002659458,0.001520417,0.0026583329999999572,0.0015192079999999941,0.0023444998078048229,0.0067025419999999997,201326592
16777216,measured,80,0,generated,0,0.002670459,0.0013274999999999999,0.0026686660000000417,0.0013267920000000211,0.0017158752307295799,0.0059473340000000003,201326592
16777216,measured,80,1,handwritten,0,0.0027157090000000002,0.0013705,0.0027142500000000291,0.0013694590000000173,0.0016944999806582928,0.006269625,201326592
16777216,measured,81,0,handwritten,0,0.0024958749999999998,0.0012138749999999999,0.0024946259999999443,0.0012122909999999765,0.0016608336009085178,0.0055730830000000004,201326592
16777216,measured,81,1,generated,0,0.002781417,0.001378792,0.002778749999999941,0.001377375000000014,0.0016853748820722103,0.0062772920000000003,201326592
16777216,measured,82,0,generated,0,0.0025057920000000002,0.0013547089999999999,0.0025039580000000283,0.0013529999999999931,0.0016656247898936272,0.005915333,201326592
16777216,measured,82,1,handwritten,0,0.0027225000000000001,0.0013077919999999999,0.0027213329999999925,0.0013066250000000057,0.0017131250351667404,0.0061322089999999996,201326592
16777216,measured,83,0,handwritten,0,0.0025417909999999998,0.00138575,0.0025398749999999692,0.0013849169999999855,0.0016708332113921642,0.0059530410000000001,201326592
16777216,measured,83,1,generated,0,0.0026328329999999998,0.001276,0.0026317080000000104,0.0012746670000000071,0.0016731251962482929,0.0059804999999999997,201326592
16777216,measured,84,0,generated,0,0.0024907919999999999,0.0013919169999999999,0.0024890829999999475,0.0013906659999999849,0.001660000067204237,0.0059043339999999998,201326592
16777216,measured,84,1,handwritten,0,0.0027434170000000002,0.0012607499999999999,0.0027422080000000237,0.0012595409999999752,0.0016745417378842831,0.0059078749999999999,201326592
16777216,measured,85,0,handwritten,0,0.0024777499999999999,0.0013255000000000001,0.0024755830000000589,0.0013247499999999857,0.0017214999534189701,0.0058835420000000003,201326592
16777216,measured,85,1,generated,0,0.0027485000000000001,0.0013053749999999999,0.0027472500000000899,0.0013043340000000181,0.0016647498123347759,0.0059589999999999999,201326592
16777216,measured,86,0,generated,0,0.0024875000000000001,0.0012626250000000001,0.0024853339999999502,0.0012617910000000121,0.0016789999790489674,0.0056510830000000003,201326592
16777216,measured,86,1,handwritten,0,0.0026496250000000001,0.0012954170000000001,0.0026485430000000587,0.0012945409999999824,0.0016363332979381084,0.0057971669999999998,201326592
16777216,measured,87,0,handwritten,0,0.002495583,0.001231708,0.0024942489999999484,0.001230834000000014,0.0016545001417398453,0.0055817080000000003,201326592
16777216,measured,87,1,generated,0,0.0024641250000000002,0.0013010000000000001,0.0024615829999999894,0.0013000000000000234,0.0021299999207258224,0.0060690409999999998,201326592
16777216,measured,88,0,generated,0,0.002630042,0.0012663749999999999,0.0026284170000000495,0.0012656249999999925,0.0017622499726712704,0.0058510000000000003,201326592
16777216,measured,88,1,handwritten,0,0.0024510420000000001,0.0012708750000000001,0.002449540999999944,0.0012700829999999774,0.0022909585386514664,0.0061524170000000003,201326592
16777216,measured,89,0,handwritten,0,0.0025377920000000001,0.001247459,0.0025367080000000541,0.0012466669999999791,0.0016612918116152287,0.005733709,201326592
16777216,measured,89,1,generated,0,0.0024203749999999998,0.0013218749999999999,0.0024189170000000759,0.0013211249999999786,0.0023070001043379307,0.0064167920000000002,201326592
16777216,measured,90,0,generated,0,0.0027020830000000001,0.0012506660000000001,0.002700625000000012,0.0012499169999999893,0.001694374717772007,0.0057983330000000001,201326592
16777216,measured,90,1,handwritten,0,0.0026376250000000002,0.0014989999999999999,0.0026363749999999131,0.0014977910000000261,0.0024095000699162483,0.0067441250000000001,201326592
16777216,measured,91,0,handwritten,0,0.00266775,0.0012600840000000001,0.0026661660000000253,0.0012592499999999895,0.0016856249421834946,0.0058254999999999999,201326592
16777216,measured,91,1,generated,0,0.0028750830000000001,0.00138375,0.0028738329999999923,0.0013828750000000056,0.0017305836081504822,0.0063449580000000004,201326592
16777216,measured,92,0,generated,0,0.0027929999999999999,0.0013799999999999999,0.0027909589999999262,0.0013790000000000191,0.001767333596944809,0.0063271250000000003,201326592
16777216,measured,92,1,handwritten,0,0.0028609999999999998,0.0012537920000000001,0.0028592079999999465,0.0012525829999999738,0.0017791665159165859,0.0061067090000000001,201326592
16777216,measured,93,0,handwritten,0,0.0025804999999999999,0.001569167,0.0025786660000000072,0.00156804100000002,0.0017514997161924839,0.0062660420000000003,201326592
16777216,measured,93,1,generated,0,0.0027981669999999998,0.001226666,0.0027962089999999939,0.001225958000000027,0.0017226249910891056,0.0059787920000000001,201326592
16777216,measured,94,0,generated,0,0.0026646669999999999,0.0012156669999999999,0.0026633750000000234,0.0012146250000000247,0.0023315832950174809,0.0065975419999999996,201326592
16777216,measured,94,1,handwritten,0,0.0026987080000000002,0.001380542,0.0026972920000000178,0.0013794169999999939,0.0017008748836815357,0.0060068750000000001,201326592
16777216,measured,95,0,handwritten,0,0.0027381250000000001,0.001352334,0.0027370009999999612,0.0013512909999999767,0.0024224999360740185,0.0068658749999999996,201326592
16777216,measured,95,1,generated,0,0.00283425,0.0014636250000000001,0.0028324160000000598,0.0014627500000000127,0.0017357082106173038,0.0063935830000000004,201326592
16777216,measured,96,0,generated,0,0.0028841660000000001,0.001333,0.002883082999999953,0.0013321660000000235,0.0017441250383853912,0.0061978329999999998,201326592
16777216,measured,96,1,handwritten,0,0.002806041,0.0013502080000000001,0.0028040419999999511,0.001349250000000024,0.0024463329464197159,0.0069744159999999998,201326592
16777216,measured,97,0,handwritten,0,0.0027237089999999999,0.0013519579999999999,0.0027226240000000068,0.0013509580000000132,0.0019512916915118694,0.0062276670000000001,201326592
16777216,measured,97,1,generated,0,0.0026494159999999999,0.0014161670000000001,0.0026482079999999852,0.0014152909999999852,0.0024090418592095375,0.0068877080000000002,201326592
16777216,measured,98,0,generated,0,0.0027385410000000002,0.001308584,0.0027368330000000496,0.0013077910000000026,0.0017180000431835651,0.0061378750000000001,201326592
16777216,measured,98,1,handwritten,0,0.0029187499999999999,0.0014037909999999999,0.0029168760000000127,0.0014030409999999938,0.0017723748460412025,0.006321208,201326592
16777216,measured,99,0,handwritten,0,0.0025377920000000001,0.0015722080000000001,0.0025361670000000336,0.0015715419999999813,0.0017058746889233589,0.0061635830000000003,201326592
16777216,measured,99,1,generated,0,0.0027570419999999999,0.001356667,0.0027560420000000141,0.0013557920000000223,0.0017886250279843807,0.0061266669999999997,201326592
